risk_factor,country,year,value,confidence_intervals,sample_size,source
Malnutrition (wght-for-age z<-2),East Asia & Pacific,2024,5.42,,,World_Bank
Malnutrition (wght-for-age z<-2),East Asia & Pacific,2023,5.41,,,World_Bank
Malnutrition (wght-for-age z<-2),East Asia & Pacific,2022,5.38,,,World_Bank
Malnutrition (wght-for-age z<-2),East Asia & Pacific,2021,5.36,,,World_Bank
Malnutrition (wght-for-age z<-2),East Asia & Pacific,2020,5.41,,,World_Bank
Malnutrition (wght-for-age z<-2),East Asia & Pacific,2019,5.52,,,World_Bank
Malnutrition (wght-for-age z<-2),East Asia & Pacific,2018,5.67,,,World_Bank
Malnutrition (wght-for-age z<-2),East Asia & Pacific,2017,5.87,,,World_Bank
Malnutrition (wght-for-age z<-2),East Asia & Pacific,2016,6.1,,,World_Bank
Malnutrition (wght-for-age z<-2),East Asia & Pacific,2015,6.34,,,World_Bank
Malnutrition (wght-for-age z<-2),East Asia & Pacific,2014,6.59,,,World_Bank
Malnutrition (wght-for-age z<-2),East Asia & Pacific,2013,6.86,,,World_Bank
Malnutrition (wght-for-age z<-2),East Asia & Pacific,2012,7.15,,,World_Bank
Malnutrition (wght-for-age z<-2),East Asia & Pacific,2011,7.46,,,World_Bank
Malnutrition (wght-for-age z<-2),East Asia & Pacific,2010,7.77,,,World_Bank
Malnutrition (wght-for-age z<-2),East Asia & Pacific,2009,8.11,,,World_Bank
Malnutrition (wght-for-age z<-2),East Asia & Pacific,2008,8.47,,,World_Bank
Malnutrition (wght-for-age z<-2),East Asia & Pacific,2007,8.83,,,World_Bank
Malnutrition (wght-for-age z<-2),East Asia & Pacific,2006,9.2,,,World_Bank
Malnutrition (wght-for-age z<-2),East Asia & Pacific,2005,9.57,,,World_Bank
Malnutrition (wght-for-age z<-2),East Asia & Pacific,2004,9.95,,,World_Bank
Malnutrition (wght-for-age z<-2),East Asia & Pacific,2003,10.35,,,World_Bank
Malnutrition (wght-for-age z<-2),East Asia & Pacific,2002,10.77,,,World_Bank
Malnutrition (wght-for-age z<-2),East Asia & Pacific,2001,11.2,,,World_Bank
Malnutrition (wght-for-age z<-2),East Asia & Pacific,2000,11.65,,,World_Bank
Malnutrition (wght-for-age z<-2),Europe & Central Asia,2024,0.73,,,World_Bank
Malnutrition (wght-for-age z<-2),Europe & Central Asia,2023,0.78,,,World_Bank
Malnutrition (wght-for-age z<-2),Europe & Central Asia,2022,0.83,,,World_Bank
Malnutrition (wght-for-age z<-2),Europe & Central Asia,2021,0.89,,,World_Bank
Malnutrition (wght-for-age z<-2),Europe & Central Asia,2020,0.95,,,World_Bank
Malnutrition (wght-for-age z<-2),Europe & Central Asia,2019,1.01,,,World_Bank
Malnutrition (wght-for-age z<-2),Europe & Central Asia,2018,1.08,,,World_Bank
Malnutrition (wght-for-age z<-2),Europe & Central Asia,2017,1.15,,,World_Bank
Malnutrition (wght-for-age z<-2),Europe & Central Asia,2016,1.22,,,World_Bank
Malnutrition (wght-for-age z<-2),Europe & Central Asia,2015,1.3,,,World_Bank
Malnutrition (wght-for-age z<-2),Europe & Central Asia,2014,1.39,,,World_Bank
Malnutrition (wght-for-age z<-2),Europe & Central Asia,2013,1.48,,,World_Bank
Malnutrition (wght-for-age z<-2),Europe & Central Asia,2012,1.57,,,World_Bank
Malnutrition (wght-for-age z<-2),Europe & Central Asia,2011,1.67,,,World_Bank
Malnutrition (wght-for-age z<-2),Europe & Central Asia,2010,1.78,,,World_Bank
Malnutrition (wght-for-age z<-2),Europe & Central Asia,2009,1.9,,,World_Bank
Malnutrition (wght-for-age z<-2),Europe & Central Asia,2008,2.02,,,World_Bank
Malnutrition (wght-for-age z<-2),Europe & Central Asia,2007,2.15,,,World_Bank
Malnutrition (wght-for-age z<-2),Europe & Central Asia,2006,2.29,,,World_Bank
Malnutrition (wght-for-age z<-2),Europe & Central Asia,2005,2.44,,,World_Bank
Malnutrition (wght-for-age z<-2),Europe & Central Asia,2004,2.6,,,World_Bank
Malnutrition (wght-for-age z<-2),Europe & Central Asia,2003,2.77,,,World_Bank
Malnutrition (wght-for-age z<-2),Europe & Central Asia,2002,2.95,,,World_Bank
Malnutrition (wght-for-age z<-2),Europe & Central Asia,2001,3.14,,,World_Bank
Malnutrition (wght-for-age z<-2),Europe & Central Asia,2000,3.34,,,World_Bank
Malnutrition (wght-for-age z<-2),High income,2024,0.81,,,World_Bank
Malnutrition (wght-for-age z<-2),High income,2023,0.82,,,World_Bank
Malnutrition (wght-for-age z<-2),High income,2022,0.83,,,World_Bank
Malnutrition (wght-for-age z<-2),High income,2021,0.84,,,World_Bank
Malnutrition (wght-for-age z<-2),High income,2020,0.86,,,World_Bank
Malnutrition (wght-for-age z<-2),High income,2019,0.87,,,World_Bank
Malnutrition (wght-for-age z<-2),High income,2018,0.88,,,World_Bank
Malnutrition (wght-for-age z<-2),High income,2017,0.89,,,World_Bank
Malnutrition (wght-for-age z<-2),High income,2016,0.91,,,World_Bank
Malnutrition (wght-for-age z<-2),High income,2015,0.92,,,World_Bank
Malnutrition (wght-for-age z<-2),High income,2014,0.94,,,World_Bank
Malnutrition (wght-for-age z<-2),High income,2013,0.95,,,World_Bank
Malnutrition (wght-for-age z<-2),High income,2012,0.96,,,World_Bank
Malnutrition (wght-for-age z<-2),High income,2011,0.98,,,World_Bank
Malnutrition (wght-for-age z<-2),High income,2010,0.99,,,World_Bank
Malnutrition (wght-for-age z<-2),High income,2009,1.01,,,World_Bank
Malnutrition (wght-for-age z<-2),High income,2008,1.02,,,World_Bank
Malnutrition (wght-for-age z<-2),High income,2007,1.04,,,World_Bank
Malnutrition (wght-for-age z<-2),High income,2006,1.05,,,World_Bank
Malnutrition (wght-for-age z<-2),High income,2005,1.07,,,World_Bank
Malnutrition (wght-for-age z<-2),High income,2004,1.09,,,World_Bank
Malnutrition (wght-for-age z<-2),High income,2003,1.1,,,World_Bank
Malnutrition (wght-for-age z<-2),High income,2002,1.12,,,World_Bank
Malnutrition (wght-for-age z<-2),High income,2001,1.14,,,World_Bank
Malnutrition (wght-for-age z<-2),High income,2000,1.15,,,World_Bank
Malnutrition (wght-for-age z<-2),Latin America & Caribbean,2024,2.74,,,World_Bank
Malnutrition (wght-for-age z<-2),Latin America & Caribbean,2023,2.82,,,World_Bank
Malnutrition (wght-for-age z<-2),Latin America & Caribbean,2022,2.89,,,World_Bank
Malnutrition (wght-for-age z<-2),Latin America & Caribbean,2021,2.97,,,World_Bank
Malnutrition (wght-for-age z<-2),Latin America & Caribbean,2020,3.06,,,World_Bank
Malnutrition (wght-for-age z<-2),Latin America & Caribbean,2019,3.14,,,World_Bank
Malnutrition (wght-for-age z<-2),Latin America & Caribbean,2018,3.23,,,World_Bank
Malnutrition (wght-for-age z<-2),Latin America & Caribbean,2017,3.33,,,World_Bank
Malnutrition (wght-for-age z<-2),Latin America & Caribbean,2016,3.43,,,World_Bank
Malnutrition (wght-for-age z<-2),Latin America & Caribbean,2015,3.53,,,World_Bank
Malnutrition (wght-for-age z<-2),Latin America & Caribbean,2014,3.63,,,World_Bank
Malnutrition (wght-for-age z<-2),Latin America & Caribbean,2013,3.73,,,World_Bank
Malnutrition (wght-for-age z<-2),Latin America & Caribbean,2012,3.83,,,World_Bank
Malnutrition (wght-for-age z<-2),Latin America & Caribbean,2011,3.94,,,World_Bank
Malnutrition (wght-for-age z<-2),Latin America & Caribbean,2010,4.05,,,World_Bank
Malnutrition (wght-for-age z<-2),Latin America & Caribbean,2009,4.16,,,World_Bank
Malnutrition (wght-for-age z<-2),Latin America & Caribbean,2008,4.28,,,World_Bank
Malnutrition (wght-for-age z<-2),Latin America & Caribbean,2007,4.4,,,World_Bank
Malnutrition (wght-for-age z<-2),Latin America & Caribbean,2006,4.53,,,World_Bank
Malnutrition (wght-for-age z<-2),Latin America & Caribbean,2005,4.65,,,World_Bank
Malnutrition (wght-for-age z<-2),Latin America & Caribbean,2004,4.78,,,World_Bank
Malnutrition (wght-for-age z<-2),Latin America & Caribbean,2003,4.91,,,World_Bank
Malnutrition (wght-for-age z<-2),Latin America & Caribbean,2002,5.05,,,World_Bank
Malnutrition (wght-for-age z<-2),Latin America & Caribbean,2001,5.18,,,World_Bank
Malnutrition (wght-for-age z<-2),Latin America & Caribbean,2000,5.33,,,World_Bank
Malnutrition (wght-for-age z<-2),Low & middle income,2024,13.74,,,World_Bank
Malnutrition (wght-for-age z<-2),Low & middle income,2023,13.94,,,World_Bank
Malnutrition (wght-for-age z<-2),Low & middle income,2022,14.13,,,World_Bank
Malnutrition (wght-for-age z<-2),Low & middle income,2021,14.3,,,World_Bank
Malnutrition (wght-for-age z<-2),Low & middle income,2020,14.52,,,World_Bank
Malnutrition (wght-for-age z<-2),Low & middle income,2019,14.77,,,World_Bank
Malnutrition (wght-for-age z<-2),Low & middle income,2018,15.07,,,World_Bank
Malnutrition (wght-for-age z<-2),Low & middle income,2017,15.41,,,World_Bank
Malnutrition (wght-for-age z<-2),Low & middle income,2016,15.79,,,World_Bank
Malnutrition (wght-for-age z<-2),Low & middle income,2015,16.2,,,World_Bank
Malnutrition (wght-for-age z<-2),Low & middle income,2014,16.62,,,World_Bank
Malnutrition (wght-for-age z<-2),Low & middle income,2013,17.07,,,World_Bank
Malnutrition (wght-for-age z<-2),Low & middle income,2012,17.54,,,World_Bank
Malnutrition (wght-for-age z<-2),Low & middle income,2011,18.01,,,World_Bank
Malnutrition (wght-for-age z<-2),Low & middle income,2010,18.48,,,World_Bank
Malnutrition (wght-for-age z<-2),Low & middle income,2009,18.97,,,World_Bank
Malnutrition (wght-for-age z<-2),Low & middle income,2008,19.48,,,World_Bank
Malnutrition (wght-for-age z<-2),Low & middle income,2007,19.99,,,World_Bank
Malnutrition (wght-for-age z<-2),Low & middle income,2006,20.5,,,World_Bank
Malnutrition (wght-for-age z<-2),Low & middle income,2005,20.99,,,World_Bank
Malnutrition (wght-for-age z<-2),Low & middle income,2004,21.47,,,World_Bank
Malnutrition (wght-for-age z<-2),Low & middle income,2003,21.94,,,World_Bank
Malnutrition (wght-for-age z<-2),Low & middle income,2002,22.39,,,World_Bank
Malnutrition (wght-for-age z<-2),Low & middle income,2001,22.83,,,World_Bank
Malnutrition (wght-for-age z<-2),Low & middle income,2000,23.27,,,World_Bank
Malnutrition (wght-for-age z<-2),Low income,2024,18.02,,,World_Bank
Malnutrition (wght-for-age z<-2),Low income,2023,18.41,,,World_Bank
Malnutrition (wght-for-age z<-2),Low income,2022,18.8,,,World_Bank
Malnutrition (wght-for-age z<-2),Low income,2021,19.2,,,World_Bank
Malnutrition (wght-for-age z<-2),Low income,2020,19.61,,,World_Bank
Malnutrition (wght-for-age z<-2),Low income,2019,20.02,,,World_Bank
Malnutrition (wght-for-age z<-2),Low income,2018,20.44,,,World_Bank
Malnutrition (wght-for-age z<-2),Low income,2017,20.87,,,World_Bank
Malnutrition (wght-for-age z<-2),Low income,2016,21.3,,,World_Bank
Malnutrition (wght-for-age z<-2),Low income,2015,21.74,,,World_Bank
Malnutrition (wght-for-age z<-2),Low income,2014,22.19,,,World_Bank
Malnutrition (wght-for-age z<-2),Low income,2013,22.64,,,World_Bank
Malnutrition (wght-for-age z<-2),Low income,2012,23.1,,,World_Bank
Malnutrition (wght-for-age z<-2),Low income,2011,23.57,,,World_Bank
Malnutrition (wght-for-age z<-2),Low income,2010,24.04,,,World_Bank
Malnutrition (wght-for-age z<-2),Low income,2009,24.52,,,World_Bank
Malnutrition (wght-for-age z<-2),Low income,2008,25.0,,,World_Bank
Malnutrition (wght-for-age z<-2),Low income,2007,25.49,,,World_Bank
Malnutrition (wght-for-age z<-2),Low income,2006,25.99,,,World_Bank
Malnutrition (wght-for-age z<-2),Low income,2005,26.5,,,World_Bank
Malnutrition (wght-for-age z<-2),Low income,2004,27.01,,,World_Bank
Malnutrition (wght-for-age z<-2),Low income,2003,27.52,,,World_Bank
Malnutrition (wght-for-age z<-2),Low income,2002,28.04,,,World_Bank
Malnutrition (wght-for-age z<-2),Low income,2001,28.57,,,World_Bank
Malnutrition (wght-for-age z<-2),Low income,2000,29.11,,,World_Bank
Malnutrition (wght-for-age z<-2),Lower middle income,2024,17.74,,,World_Bank
Malnutrition (wght-for-age z<-2),Lower middle income,2023,18.23,,,World_Bank
Malnutrition (wght-for-age z<-2),Lower middle income,2022,18.73,,,World_Bank
Malnutrition (wght-for-age z<-2),Lower middle income,2021,19.24,,,World_Bank
Malnutrition (wght-for-age z<-2),Lower middle income,2020,19.76,,,World_Bank
Malnutrition (wght-for-age z<-2),Lower middle income,2019,20.28,,,World_Bank
Malnutrition (wght-for-age z<-2),Lower middle income,2018,20.82,,,World_Bank
Malnutrition (wght-for-age z<-2),Lower middle income,2017,21.37,,,World_Bank
Malnutrition (wght-for-age z<-2),Lower middle income,2016,21.93,,,World_Bank
Malnutrition (wght-for-age z<-2),Lower middle income,2015,22.5,,,World_Bank
Malnutrition (wght-for-age z<-2),Lower middle income,2014,23.08,,,World_Bank
Malnutrition (wght-for-age z<-2),Lower middle income,2013,23.68,,,World_Bank
Malnutrition (wght-for-age z<-2),Lower middle income,2012,24.28,,,World_Bank
Malnutrition (wght-for-age z<-2),Lower middle income,2011,24.89,,,World_Bank
Malnutrition (wght-for-age z<-2),Lower middle income,2010,25.51,,,World_Bank
Malnutrition (wght-for-age z<-2),Lower middle income,2009,26.14,,,World_Bank
Malnutrition (wght-for-age z<-2),Lower middle income,2008,26.79,,,World_Bank
Malnutrition (wght-for-age z<-2),Lower middle income,2007,27.44,,,World_Bank
Malnutrition (wght-for-age z<-2),Lower middle income,2006,28.1,,,World_Bank
Malnutrition (wght-for-age z<-2),Lower middle income,2005,28.77,,,World_Bank
Malnutrition (wght-for-age z<-2),Lower middle income,2004,29.45,,,World_Bank
Malnutrition (wght-for-age z<-2),Lower middle income,2003,30.15,,,World_Bank
Malnutrition (wght-for-age z<-2),Lower middle income,2002,30.84,,,World_Bank
Malnutrition (wght-for-age z<-2),Lower middle income,2001,31.55,,,World_Bank
Malnutrition (wght-for-age z<-2),Lower middle income,2000,32.27,,,World_Bank
Malnutrition (wght-for-age z<-2),"Middle East, North Africa, Afghanistan & Pakistan",2024,4.53,,,World_Bank
Malnutrition (wght-for-age z<-2),"Middle East, North Africa, Afghanistan & Pakistan",2023,4.67,,,World_Bank
Malnutrition (wght-for-age z<-2),"Middle East, North Africa, Afghanistan & Pakistan",2022,4.81,,,World_Bank
Malnutrition (wght-for-age z<-2),"Middle East, North Africa, Afghanistan & Pakistan",2021,4.95,,,World_Bank
Malnutrition (wght-for-age z<-2),"Middle East, North Africa, Afghanistan & Pakistan",2020,5.1,,,World_Bank
Malnutrition (wght-for-age z<-2),"Middle East, North Africa, Afghanistan & Pakistan",2019,5.25,,,World_Bank
Malnutrition (wght-for-age z<-2),"Middle East, North Africa, Afghanistan & Pakistan",2018,5.41,,,World_Bank
Malnutrition (wght-for-age z<-2),"Middle East, North Africa, Afghanistan & Pakistan",2017,5.57,,,World_Bank
Malnutrition (wght-for-age z<-2),"Middle East, North Africa, Afghanistan & Pakistan",2016,5.74,,,World_Bank
Malnutrition (wght-for-age z<-2),"Middle East, North Africa, Afghanistan & Pakistan",2015,5.91,,,World_Bank
Malnutrition (wght-for-age z<-2),"Middle East, North Africa, Afghanistan & Pakistan",2014,6.08,,,World_Bank
Malnutrition (wght-for-age z<-2),"Middle East, North Africa, Afghanistan & Pakistan",2013,6.26,,,World_Bank
Malnutrition (wght-for-age z<-2),"Middle East, North Africa, Afghanistan & Pakistan",2012,6.45,,,World_Bank
Malnutrition (wght-for-age z<-2),"Middle East, North Africa, Afghanistan & Pakistan",2011,6.64,,,World_Bank
Malnutrition (wght-for-age z<-2),"Middle East, North Africa, Afghanistan & Pakistan",2010,6.83,,,World_Bank
Malnutrition (wght-for-age z<-2),"Middle East, North Africa, Afghanistan & Pakistan",2009,7.03,,,World_Bank
Malnutrition (wght-for-age z<-2),"Middle East, North Africa, Afghanistan & Pakistan",2008,7.24,,,World_Bank
Malnutrition (wght-for-age z<-2),"Middle East, North Africa, Afghanistan & Pakistan",2007,7.45,,,World_Bank
Malnutrition (wght-for-age z<-2),"Middle East, North Africa, Afghanistan & Pakistan",2006,7.67,,,World_Bank
Malnutrition (wght-for-age z<-2),"Middle East, North Africa, Afghanistan & Pakistan",2005,7.89,,,World_Bank
Malnutrition (wght-for-age z<-2),"Middle East, North Africa, Afghanistan & Pakistan",2004,8.12,,,World_Bank
Malnutrition (wght-for-age z<-2),"Middle East, North Africa, Afghanistan & Pakistan",2003,8.36,,,World_Bank
Malnutrition (wght-for-age z<-2),"Middle East, North Africa, Afghanistan & Pakistan",2002,8.6,,,World_Bank
Malnutrition (wght-for-age z<-2),"Middle East, North Africa, Afghanistan & Pakistan",2001,8.85,,,World_Bank
Malnutrition (wght-for-age z<-2),"Middle East, North Africa, Afghanistan & Pakistan",2000,9.1,,,World_Bank
Malnutrition (wght-for-age z<-2),Middle income,2024,12.66,,,World_Bank
Malnutrition (wght-for-age z<-2),Middle income,2023,12.86,,,World_Bank
Malnutrition (wght-for-age z<-2),Middle income,2022,13.03,,,World_Bank
Malnutrition (wght-for-age z<-2),Middle income,2021,13.21,,,World_Bank
Malnutrition (wght-for-age z<-2),Middle income,2020,13.43,,,World_Bank
Malnutrition (wght-for-age z<-2),Middle income,2019,13.69,,,World_Bank
Malnutrition (wght-for-age z<-2),Middle income,2018,13.99,,,World_Bank
Malnutrition (wght-for-age z<-2),Middle income,2017,14.34,,,World_Bank
Malnutrition (wght-for-age z<-2),Middle income,2016,14.73,,,World_Bank
Malnutrition (wght-for-age z<-2),Middle income,2015,15.15,,,World_Bank
Malnutrition (wght-for-age z<-2),Middle income,2014,15.59,,,World_Bank
Malnutrition (wght-for-age z<-2),Middle income,2013,16.05,,,World_Bank
Malnutrition (wght-for-age z<-2),Middle income,2012,16.53,,,World_Bank
Malnutrition (wght-for-age z<-2),Middle income,2011,17.01,,,World_Bank
Malnutrition (wght-for-age z<-2),Middle income,2010,17.5,,,World_Bank
Malnutrition (wght-for-age z<-2),Middle income,2009,18.0,,,World_Bank
Malnutrition (wght-for-age z<-2),Middle income,2008,18.53,,,World_Bank
Malnutrition (wght-for-age z<-2),Middle income,2007,19.06,,,World_Bank
Malnutrition (wght-for-age z<-2),Middle income,2006,19.59,,,World_Bank
Malnutrition (wght-for-age z<-2),Middle income,2005,20.09,,,World_Bank
Malnutrition (wght-for-age z<-2),Middle income,2004,20.59,,,World_Bank
Malnutrition (wght-for-age z<-2),Middle income,2003,21.07,,,World_Bank
Malnutrition (wght-for-age z<-2),Middle income,2002,21.52,,,World_Bank
Malnutrition (wght-for-age z<-2),Middle income,2001,21.97,,,World_Bank
Malnutrition (wght-for-age z<-2),Middle income,2000,22.41,,,World_Bank
Malnutrition (wght-for-age z<-2),North America,2024,0.74,,,World_Bank
Malnutrition (wght-for-age z<-2),North America,2023,0.74,,,World_Bank
Malnutrition (wght-for-age z<-2),North America,2022,0.75,,,World_Bank
Malnutrition (wght-for-age z<-2),North America,2021,0.76,,,World_Bank
Malnutrition (wght-for-age z<-2),North America,2020,0.77,,,World_Bank
Malnutrition (wght-for-age z<-2),North America,2019,0.77,,,World_Bank
Malnutrition (wght-for-age z<-2),North America,2018,0.78,,,World_Bank
Malnutrition (wght-for-age z<-2),North America,2017,0.79,,,World_Bank
Malnutrition (wght-for-age z<-2),North America,2016,0.79,,,World_Bank
Malnutrition (wght-for-age z<-2),North America,2015,0.8,,,World_Bank
Malnutrition (wght-for-age z<-2),North America,2014,0.81,,,World_Bank
Malnutrition (wght-for-age z<-2),North America,2013,0.81,,,World_Bank
Malnutrition (wght-for-age z<-2),North America,2012,0.82,,,World_Bank
Malnutrition (wght-for-age z<-2),North America,2011,0.83,,,World_Bank
Malnutrition (wght-for-age z<-2),North America,2010,0.84,,,World_Bank
Malnutrition (wght-for-age z<-2),North America,2009,0.84,,,World_Bank
Malnutrition (wght-for-age z<-2),North America,2008,0.85,,,World_Bank
Malnutrition (wght-for-age z<-2),North America,2007,0.86,,,World_Bank
Malnutrition (wght-for-age z<-2),North America,2006,0.86,,,World_Bank
Malnutrition (wght-for-age z<-2),North America,2005,0.87,,,World_Bank
Malnutrition (wght-for-age z<-2),North America,2004,0.88,,,World_Bank
Malnutrition (wght-for-age z<-2),North America,2003,0.89,,,World_Bank
Malnutrition (wght-for-age z<-2),North America,2002,0.89,,,World_Bank
Malnutrition (wght-for-age z<-2),North America,2001,0.9,,,World_Bank
Malnutrition (wght-for-age z<-2),North America,2000,0.91,,,World_Bank
Malnutrition (wght-for-age z<-2),South Asia,2024,24.39,,,World_Bank
Malnutrition (wght-for-age z<-2),South Asia,2023,25.05,,,World_Bank
Malnutrition (wght-for-age z<-2),South Asia,2022,25.71,,,World_Bank
Malnutrition (wght-for-age z<-2),South Asia,2021,26.38,,,World_Bank
Malnutrition (wght-for-age z<-2),South Asia,2020,27.07,,,World_Bank
Malnutrition (wght-for-age z<-2),South Asia,2019,27.76,,,World_Bank
Malnutrition (wght-for-age z<-2),South Asia,2018,28.47,,,World_Bank
Malnutrition (wght-for-age z<-2),South Asia,2017,29.19,,,World_Bank
Malnutrition (wght-for-age z<-2),South Asia,2016,29.92,,,World_Bank
Malnutrition (wght-for-age z<-2),South Asia,2015,30.66,,,World_Bank
Malnutrition (wght-for-age z<-2),South Asia,2014,31.41,,,World_Bank
Malnutrition (wght-for-age z<-2),South Asia,2013,32.16,,,World_Bank
Malnutrition (wght-for-age z<-2),South Asia,2012,32.93,,,World_Bank
Malnutrition (wght-for-age z<-2),South Asia,2011,33.71,,,World_Bank
Malnutrition (wght-for-age z<-2),South Asia,2010,34.5,,,World_Bank
Malnutrition (wght-for-age z<-2),South Asia,2009,35.29,,,World_Bank
Malnutrition (wght-for-age z<-2),South Asia,2008,36.1,,,World_Bank
Malnutrition (wght-for-age z<-2),South Asia,2007,36.91,,,World_Bank
Malnutrition (wght-for-age z<-2),South Asia,2006,37.72,,,World_Bank
Malnutrition (wght-for-age z<-2),South Asia,2005,38.55,,,World_Bank
Malnutrition (wght-for-age z<-2),South Asia,2004,39.38,,,World_Bank
Malnutrition (wght-for-age z<-2),South Asia,2003,40.22,,,World_Bank
Malnutrition (wght-for-age z<-2),South Asia,2002,41.07,,,World_Bank
Malnutrition (wght-for-age z<-2),South Asia,2001,41.91,,,World_Bank
Malnutrition (wght-for-age z<-2),South Asia,2000,42.77,,,World_Bank
Malnutrition (wght-for-age z<-2),Sub-Saharan Africa,2024,15.74,,,World_Bank
Malnutrition (wght-for-age z<-2),Sub-Saharan Africa,2023,16.06,,,World_Bank
Malnutrition (wght-for-age z<-2),Sub-Saharan Africa,2022,16.38,,,World_Bank
Malnutrition (wght-for-age z<-2),Sub-Saharan Africa,2021,16.71,,,World_Bank
Malnutrition (wght-for-age z<-2),Sub-Saharan Africa,2020,17.05,,,World_Bank
Malnutrition (wght-for-age z<-2),Sub-Saharan Africa,2019,17.39,,,World_Bank
Malnutrition (wght-for-age z<-2),Sub-Saharan Africa,2018,17.73,,,World_Bank
Malnutrition (wght-for-age z<-2),Sub-Saharan Africa,2017,18.08,,,World_Bank
Malnutrition (wght-for-age z<-2),Sub-Saharan Africa,2016,18.44,,,World_Bank
Malnutrition (wght-for-age z<-2),Sub-Saharan Africa,2015,18.8,,,World_Bank
Malnutrition (wght-for-age z<-2),Sub-Saharan Africa,2014,19.16,,,World_Bank
Malnutrition (wght-for-age z<-2),Sub-Saharan Africa,2013,19.54,,,World_Bank
Malnutrition (wght-for-age z<-2),Sub-Saharan Africa,2012,19.91,,,World_Bank
Malnutrition (wght-for-age z<-2),Sub-Saharan Africa,2011,20.3,,,World_Bank
Malnutrition (wght-for-age z<-2),Sub-Saharan Africa,2010,20.68,,,World_Bank
Malnutrition (wght-for-age z<-2),Sub-Saharan Africa,2009,21.08,,,World_Bank
Malnutrition (wght-for-age z<-2),Sub-Saharan Africa,2008,21.48,,,World_Bank
Malnutrition (wght-for-age z<-2),Sub-Saharan Africa,2007,21.88,,,World_Bank
Malnutrition (wght-for-age z<-2),Sub-Saharan Africa,2006,22.29,,,World_Bank
Malnutrition (wght-for-age z<-2),Sub-Saharan Africa,2005,22.71,,,World_Bank
Malnutrition (wght-for-age z<-2),Sub-Saharan Africa,2004,23.13,,,World_Bank
Malnutrition (wght-for-age z<-2),Sub-Saharan Africa,2003,23.55,,,World_Bank
Malnutrition (wght-for-age z<-2),Sub-Saharan Africa,2002,23.99,,,World_Bank
Malnutrition (wght-for-age z<-2),Sub-Saharan Africa,2001,24.42,,,World_Bank
Malnutrition (wght-for-age z<-2),Sub-Saharan Africa,2000,24.87,,,World_Bank
Malnutrition (wght-for-age z<-2),Upper middle income,2024,2.56,,,World_Bank
Malnutrition (wght-for-age z<-2),Upper middle income,2023,2.69,,,World_Bank
Malnutrition (wght-for-age z<-2),Upper middle income,2022,2.82,,,World_Bank
Malnutrition (wght-for-age z<-2),Upper middle income,2021,2.96,,,World_Bank
Malnutrition (wght-for-age z<-2),Upper middle income,2020,3.11,,,World_Bank
Malnutrition (wght-for-age z<-2),Upper middle income,2019,3.27,,,World_Bank
Malnutrition (wght-for-age z<-2),Upper middle income,2018,3.43,,,World_Bank
Malnutrition (wght-for-age z<-2),Upper middle income,2017,3.6,,,World_Bank
Malnutrition (wght-for-age z<-2),Upper middle income,2016,3.78,,,World_Bank
Malnutrition (wght-for-age z<-2),Upper middle income,2015,3.96,,,World_Bank
Malnutrition (wght-for-age z<-2),Upper middle income,2014,4.16,,,World_Bank
Malnutrition (wght-for-age z<-2),Upper middle income,2013,4.36,,,World_Bank
Malnutrition (wght-for-age z<-2),Upper middle income,2012,4.58,,,World_Bank
Malnutrition (wght-for-age z<-2),Upper middle income,2011,4.8,,,World_Bank
Malnutrition (wght-for-age z<-2),Upper middle income,2010,5.04,,,World_Bank
Malnutrition (wght-for-age z<-2),Upper middle income,2009,5.28,,,World_Bank
Malnutrition (wght-for-age z<-2),Upper middle income,2008,5.54,,,World_Bank
Malnutrition (wght-for-age z<-2),Upper middle income,2007,5.81,,,World_Bank
Malnutrition (wght-for-age z<-2),Upper middle income,2006,6.09,,,World_Bank
Malnutrition (wght-for-age z<-2),Upper middle income,2005,6.38,,,World_Bank
Malnutrition (wght-for-age z<-2),Upper middle income,2004,6.68,,,World_Bank
Malnutrition (wght-for-age z<-2),Upper middle income,2003,7.0,,,World_Bank
Malnutrition (wght-for-age z<-2),Upper middle income,2002,7.34,,,World_Bank
Malnutrition (wght-for-age z<-2),Upper middle income,2001,7.69,,,World_Bank
Malnutrition (wght-for-age z<-2),Upper middle income,2000,8.05,,,World_Bank
Malnutrition (wght-for-age z<-2),World,2024,12.18,,,World_Bank
Malnutrition (wght-for-age z<-2),World,2023,12.36,,,World_Bank
Malnutrition (wght-for-age z<-2),World,2022,12.51,,,World_Bank
Malnutrition (wght-for-age z<-2),World,2021,12.66,,,World_Bank
Malnutrition (wght-for-age z<-2),World,2020,12.85,,,World_Bank
Malnutrition (wght-for-age z<-2),World,2019,13.06,,,World_Bank
Malnutrition (wght-for-age z<-2),World,2018,13.32,,,World_Bank
Malnutrition (wght-for-age z<-2),World,2017,13.62,,,World_Bank
Malnutrition (wght-for-age z<-2),World,2016,13.97,,,World_Bank
Malnutrition (wght-for-age z<-2),World,2015,14.35,,,World_Bank
Malnutrition (wght-for-age z<-2),World,2014,14.75,,,World_Bank
Malnutrition (wght-for-age z<-2),World,2013,15.16,,,World_Bank
Malnutrition (wght-for-age z<-2),World,2012,15.57,,,World_Bank
Malnutrition (wght-for-age z<-2),World,2011,16.0,,,World_Bank
Malnutrition (wght-for-age z<-2),World,2010,16.44,,,World_Bank
Malnutrition (wght-for-age z<-2),World,2009,16.91,,,World_Bank
Malnutrition (wght-for-age z<-2),World,2008,17.39,,,World_Bank
Malnutrition (wght-for-age z<-2),World,2007,17.9,,,World_Bank
Malnutrition (wght-for-age z<-2),World,2006,18.39,,,World_Bank
Malnutrition (wght-for-age z<-2),World,2005,18.86,,,World_Bank
Malnutrition (wght-for-age z<-2),World,2004,19.3,,,World_Bank
Malnutrition (wght-for-age z<-2),World,2003,19.73,,,World_Bank
Malnutrition (wght-for-age z<-2),World,2002,20.14,,,World_Bank
Malnutrition (wght-for-age z<-2),World,2001,20.53,,,World_Bank
Malnutrition (wght-for-age z<-2),World,2000,20.93,,,World_Bank
Malnutrition (wght-for-age z<-2),Afghanistan,2022,18.4,,,World_Bank
Malnutrition (wght-for-age z<-2),Afghanistan,2018,19.1,,,World_Bank
Malnutrition (wght-for-age z<-2),Afghanistan,2013,24.6,,,World_Bank
Malnutrition (wght-for-age z<-2),Afghanistan,2004,31.7,,,World_Bank
Malnutrition (wght-for-age z<-2),Afghanistan,1997,44.9,,,World_Bank
Malnutrition (wght-for-age z<-2),Albania,2017,1.5,,,World_Bank
Malnutrition (wght-for-age z<-2),Albania,2009,6.3,,,World_Bank
Malnutrition (wght-for-age z<-2),Albania,2005,6.6,,,World_Bank
Malnutrition (wght-for-age z<-2),Algeria,2019,2.7,,,World_Bank
Malnutrition (wght-for-age z<-2),Algeria,2012,3.0,,,World_Bank
Malnutrition (wght-for-age z<-2),Algeria,2006,3.4,,,World_Bank
Malnutrition (wght-for-age z<-2),Algeria,2002,11.1,,,World_Bank
Malnutrition (wght-for-age z<-2),Algeria,2000,5.4,,,World_Bank
Malnutrition (wght-for-age z<-2),Algeria,1995,11.3,,,World_Bank
Malnutrition (wght-for-age z<-2),Algeria,1992,9.2,,,World_Bank
Malnutrition (wght-for-age z<-2),Angola,2015,19.0,,,World_Bank
Malnutrition (wght-for-age z<-2),Angola,2007,15.1,,,World_Bank
Malnutrition (wght-for-age z<-2),Angola,1996,36.2,,,World_Bank
Malnutrition (wght-for-age z<-2),Argentina,2018,2.0,,,World_Bank
Malnutrition (wght-for-age z<-2),Argentina,2005,2.5,,,World_Bank
Malnutrition (wght-for-age z<-2),Argentina,1996,4.7,,,World_Bank
Malnutrition (wght-for-age z<-2),Argentina,1994,1.7,,,World_Bank
Malnutrition (wght-for-age z<-2),Armenia,2016,2.6,,,World_Bank
Malnutrition (wght-for-age z<-2),Armenia,2010,5.3,,,World_Bank
Malnutrition (wght-for-age z<-2),Armenia,2005,4.2,,,World_Bank
Malnutrition (wght-for-age z<-2),Armenia,2000,2.6,,,World_Bank
Malnutrition (wght-for-age z<-2),Armenia,1998,2.7,,,World_Bank
Malnutrition (wght-for-age z<-2),Australia,2007,0.5,,,World_Bank
Malnutrition (wght-for-age z<-2),Australia,1995,0.0,,,World_Bank
Malnutrition (wght-for-age z<-2),Azerbaijan,2023,3.0,,,World_Bank
Malnutrition (wght-for-age z<-2),Azerbaijan,2013,4.9,,,World_Bank
Malnutrition (wght-for-age z<-2),Azerbaijan,2011,6.5,,,World_Bank
Malnutrition (wght-for-age z<-2),Azerbaijan,2006,8.4,,,World_Bank
Malnutrition (wght-for-age z<-2),Azerbaijan,2001,5.9,,,World_Bank
Malnutrition (wght-for-age z<-2),Azerbaijan,2000,14.0,,,World_Bank
Malnutrition (wght-for-age z<-2),Azerbaijan,1996,8.8,,,World_Bank
Malnutrition (wght-for-age z<-2),Bahrain,1995,7.6,,,World_Bank
Malnutrition (wght-for-age z<-2),Bangladesh,2022,21.7,,,World_Bank
Malnutrition (wght-for-age z<-2),Bangladesh,2019,22.6,,,World_Bank
Malnutrition (wght-for-age z<-2),Bangladesh,2018,21.9,,,World_Bank
Malnutrition (wght-for-age z<-2),Bangladesh,2015,31.0,,,World_Bank
Malnutrition (wght-for-age z<-2),Bangladesh,2014,32.8,,,World_Bank
Malnutrition (wght-for-age z<-2),Bangladesh,2013,31.9,,,World_Bank
Malnutrition (wght-for-age z<-2),Bangladesh,2012,33.0,,,World_Bank
Malnutrition (wght-for-age z<-2),Bangladesh,2011,36.7,,,World_Bank
Malnutrition (wght-for-age z<-2),Bangladesh,2007,41.3,,,World_Bank
Malnutrition (wght-for-age z<-2),Bangladesh,2006,37.9,,,World_Bank
Malnutrition (wght-for-age z<-2),Bangladesh,2005,39.7,,,World_Bank
Malnutrition (wght-for-age z<-2),Bangladesh,2004,42.8,,,World_Bank
Malnutrition (wght-for-age z<-2),Bangladesh,2003,38.9,,,World_Bank
Malnutrition (wght-for-age z<-2),Bangladesh,2002,41.0,,,World_Bank
Malnutrition (wght-for-age z<-2),Bangladesh,2001,43.2,,,World_Bank
Malnutrition (wght-for-age z<-2),Bangladesh,2000,42.4,,,World_Bank
Malnutrition (wght-for-age z<-2),Bangladesh,1999,49.5,,,World_Bank
Malnutrition (wght-for-age z<-2),Bangladesh,1998,50.7,,,World_Bank
Malnutrition (wght-for-age z<-2),Bangladesh,1997,53.6,,,World_Bank
Malnutrition (wght-for-age z<-2),Bangladesh,1996,54.0,,,World_Bank
Malnutrition (wght-for-age z<-2),Bangladesh,1995,55.2,,,World_Bank
Malnutrition (wght-for-age z<-2),Bangladesh,1994,58.0,,,World_Bank
Malnutrition (wght-for-age z<-2),Bangladesh,1993,56.1,,,World_Bank
Malnutrition (wght-for-age z<-2),Bangladesh,1992,60.6,,,World_Bank
Malnutrition (wght-for-age z<-2),Bangladesh,1991,61.2,,,World_Bank
Malnutrition (wght-for-age z<-2),Bangladesh,1990,61.5,,,World_Bank
Malnutrition (wght-for-age z<-2),Barbados,2012,3.5,,,World_Bank
Malnutrition (wght-for-age z<-2),Belarus,2005,1.3,,,World_Bank
Malnutrition (wght-for-age z<-2),Belgium,2023,0.3,,,World_Bank
Malnutrition (wght-for-age z<-2),Belgium,2014,1.1,,,World_Bank
Malnutrition (wght-for-age z<-2),Belize,2015,4.6,,,World_Bank
Malnutrition (wght-for-age z<-2),Belize,2011,6.2,,,World_Bank
Malnutrition (wght-for-age z<-2),Belize,2006,5.0,,,World_Bank
Malnutrition (wght-for-age z<-2),Belize,1992,5.4,,,World_Bank
Malnutrition (wght-for-age z<-2),Benin,2021,19.6,,,World_Bank
Malnutrition (wght-for-age z<-2),Benin,2018,16.8,,,World_Bank
Malnutrition (wght-for-age z<-2),Benin,2014,18.0,,,World_Bank
Malnutrition (wght-for-age z<-2),Benin,2008,17.1,,,World_Bank
Malnutrition (wght-for-age z<-2),Benin,2001,19.5,,,World_Bank
Malnutrition (wght-for-age z<-2),Benin,1996,25.6,,,World_Bank
Malnutrition (wght-for-age z<-2),Bhutan,2023,8.7,,,World_Bank
Malnutrition (wght-for-age z<-2),Bhutan,2010,12.7,,,World_Bank
Malnutrition (wght-for-age z<-2),Bhutan,2008,10.4,,,World_Bank
Malnutrition (wght-for-age z<-2),Bhutan,1999,13.9,,,World_Bank
Malnutrition (wght-for-age z<-2),Bolivia,2016,3.4,,,World_Bank
Malnutrition (wght-for-age z<-2),Bolivia,2012,3.6,,,World_Bank
Malnutrition (wght-for-age z<-2),Bolivia,2008,4.5,,,World_Bank
Malnutrition (wght-for-age z<-2),Bolivia,2003,5.8,,,World_Bank
Malnutrition (wght-for-age z<-2),Bolivia,1998,5.9,,,World_Bank
Malnutrition (wght-for-age z<-2),Bolivia,1994,12.5,,,World_Bank
Malnutrition (wght-for-age z<-2),Bolivia,1992,10.5,,,World_Bank
Malnutrition (wght-for-age z<-2),Bolivia,1991,10.2,,,World_Bank
Malnutrition (wght-for-age z<-2),Bolivia,1990,9.7,,,World_Bank
Malnutrition (wght-for-age z<-2),Bosnia and Herzegovina,2012,1.6,,,World_Bank
Malnutrition (wght-for-age z<-2),Bosnia and Herzegovina,2006,1.6,,,World_Bank
Malnutrition (wght-for-age z<-2),Bosnia and Herzegovina,2000,4.2,,,World_Bank
Malnutrition (wght-for-age z<-2),Botswana,2007,11.8,,,World_Bank
Malnutrition (wght-for-age z<-2),Botswana,2000,11.1,,,World_Bank
Malnutrition (wght-for-age z<-2),Botswana,1996,15.1,,,World_Bank
Malnutrition (wght-for-age z<-2),Brazil,2019,3.5,,,World_Bank
Malnutrition (wght-for-age z<-2),Brazil,2007,2.2,,,World_Bank
Malnutrition (wght-for-age z<-2),Brazil,1996,4.5,,,World_Bank
Malnutrition (wght-for-age z<-2),Brunei Darussalam,2009,9.7,,,World_Bank
Malnutrition (wght-for-age z<-2),Bulgaria,2014,1.7,,,World_Bank
Malnutrition (wght-for-age z<-2),Bulgaria,2007,3.7,,,World_Bank
Malnutrition (wght-for-age z<-2),Bulgaria,2004,2.0,,,World_Bank
Malnutrition (wght-for-age z<-2),Burkina Faso,2021,16.9,,,World_Bank
Malnutrition (wght-for-age z<-2),Burkina Faso,2020,12.7,,,World_Bank
Malnutrition (wght-for-age z<-2),Burkina Faso,2019,16.4,,,World_Bank
Malnutrition (wght-for-age z<-2),Burkina Faso,2018,17.7,,,World_Bank
Malnutrition (wght-for-age z<-2),Burkina Faso,2017,16.2,,,World_Bank
Malnutrition (wght-for-age z<-2),Burkina Faso,2016,18.9,,,World_Bank
Malnutrition (wght-for-age z<-2),Burkina Faso,2015,22.8,,,World_Bank
Malnutrition (wght-for-age z<-2),Burkina Faso,2014,20.0,,,World_Bank
Malnutrition (wght-for-age z<-2),Burkina Faso,2013,20.9,,,World_Bank
Malnutrition (wght-for-age z<-2),Burkina Faso,2012,24.3,,,World_Bank
Malnutrition (wght-for-age z<-2),Burkina Faso,2011,25.1,,,World_Bank
Malnutrition (wght-for-age z<-2),Burkina Faso,2010,25.2,,,World_Bank
Malnutrition (wght-for-age z<-2),Burkina Faso,2009,26.0,,,World_Bank
Malnutrition (wght-for-age z<-2),Burkina Faso,1999,30.9,,,World_Bank
Malnutrition (wght-for-age z<-2),Burkina Faso,1993,28.7,,,World_Bank
Malnutrition (wght-for-age z<-2),Burundi,2024,28.3,,,World_Bank
Malnutrition (wght-for-age z<-2),Burundi,2023,28.0,,,World_Bank
Malnutrition (wght-for-age z<-2),Burundi,2022,27.6,,,World_Bank
Malnutrition (wght-for-age z<-2),Burundi,2020,27.7,,,World_Bank
Malnutrition (wght-for-age z<-2),Burundi,2019,27.0,,,World_Bank
Malnutrition (wght-for-age z<-2),Burundi,2018,29.6,,,World_Bank
Malnutrition (wght-for-age z<-2),Burundi,2016,29.3,,,World_Bank
Malnutrition (wght-for-age z<-2),Burundi,2012,27.9,,,World_Bank
Malnutrition (wght-for-age z<-2),Burundi,2010,29.1,,,World_Bank
Malnutrition (wght-for-age z<-2),Burundi,2005,35.2,,,World_Bank
Malnutrition (wght-for-age z<-2),Burundi,2000,39.1,,,World_Bank
Malnutrition (wght-for-age z<-2),Cabo Verde,2018,2.2,,,World_Bank
Malnutrition (wght-for-age z<-2),Cabo Verde,1994,11.8,,,World_Bank
Malnutrition (wght-for-age z<-2),Cambodia,2021,16.3,,,World_Bank
Malnutrition (wght-for-age z<-2),Cambodia,2014,24.1,,,World_Bank
Malnutrition (wght-for-age z<-2),Cambodia,2010,28.9,,,World_Bank
Malnutrition (wght-for-age z<-2),Cambodia,2008,28.3,,,World_Bank
Malnutrition (wght-for-age z<-2),Cambodia,2005,28.3,,,World_Bank
Malnutrition (wght-for-age z<-2),Cambodia,2000,39.7,,,World_Bank
Malnutrition (wght-for-age z<-2),Cambodia,1996,42.6,,,World_Bank
Malnutrition (wght-for-age z<-2),Cameroon,2018,11.0,,,World_Bank
Malnutrition (wght-for-age z<-2),Cameroon,2014,14.8,,,World_Bank
Malnutrition (wght-for-age z<-2),Cameroon,2011,15.2,,,World_Bank
Malnutrition (wght-for-age z<-2),Cameroon,2006,16.5,,,World_Bank
Malnutrition (wght-for-age z<-2),Cameroon,2004,15.1,,,World_Bank
Malnutrition (wght-for-age z<-2),Cameroon,1998,18.1,,,World_Bank
Malnutrition (wght-for-age z<-2),Cameroon,1991,12.9,,,World_Bank
Malnutrition (wght-for-age z<-2),Central African Republic,2022,18.4,,,World_Bank
Malnutrition (wght-for-age z<-2),Central African Republic,2019,20.5,,,World_Bank
Malnutrition (wght-for-age z<-2),Central African Republic,2018,19.7,,,World_Bank
Malnutrition (wght-for-age z<-2),Central African Republic,2014,20.0,,,World_Bank
Malnutrition (wght-for-age z<-2),Central African Republic,2012,24.5,,,World_Bank
Malnutrition (wght-for-age z<-2),Central African Republic,2010,23.5,,,World_Bank
Malnutrition (wght-for-age z<-2),Central African Republic,2006,26.1,,,World_Bank
Malnutrition (wght-for-age z<-2),Central African Republic,2000,21.3,,,World_Bank
Malnutrition (wght-for-age z<-2),Central African Republic,1994,23.7,,,World_Bank
Malnutrition (wght-for-age z<-2),Chad,2022,18.2,,,World_Bank
Malnutrition (wght-for-age z<-2),Chad,2021,21.4,,,World_Bank
Malnutrition (wght-for-age z<-2),Chad,2020,18.9,,,World_Bank
Malnutrition (wght-for-age z<-2),Chad,2019,29.2,,,World_Bank
Malnutrition (wght-for-age z<-2),Chad,2018,24.7,,,World_Bank
Malnutrition (wght-for-age z<-2),Chad,2017,24.3,,,World_Bank
Malnutrition (wght-for-age z<-2),Chad,2015,25.0,,,World_Bank
Malnutrition (wght-for-age z<-2),Chad,2010,30.3,,,World_Bank
Malnutrition (wght-for-age z<-2),Chad,2004,33.9,,,World_Bank
Malnutrition (wght-for-age z<-2),Chad,2000,29.2,,,World_Bank
Malnutrition (wght-for-age z<-2),Chad,1997,34.3,,,World_Bank
Malnutrition (wght-for-age z<-2),Chile,2014,0.5,,,World_Bank
Malnutrition (wght-for-age z<-2),Chile,2013,0.5,,,World_Bank
Malnutrition (wght-for-age z<-2),Chile,2008,0.5,,,World_Bank
Malnutrition (wght-for-age z<-2),Chile,2007,0.6,,,World_Bank
Malnutrition (wght-for-age z<-2),Chile,2006,0.6,,,World_Bank
Malnutrition (wght-for-age z<-2),Chile,2004,0.6,,,World_Bank
Malnutrition (wght-for-age z<-2),Chile,2003,0.6,,,World_Bank
Malnutrition (wght-for-age z<-2),Chile,2002,0.7,,,World_Bank
Malnutrition (wght-for-age z<-2),Chile,2001,0.7,,,World_Bank
Malnutrition (wght-for-age z<-2),Chile,1999,0.7,,,World_Bank
Malnutrition (wght-for-age z<-2),Chile,1998,0.7,,,World_Bank
Malnutrition (wght-for-age z<-2),Chile,1996,0.7,,,World_Bank
Malnutrition (wght-for-age z<-2),Chile,1995,0.8,,,World_Bank
Malnutrition (wght-for-age z<-2),Chile,1994,0.8,,,World_Bank
Malnutrition (wght-for-age z<-2),China,2013,2.4,,,World_Bank
Malnutrition (wght-for-age z<-2),China,2010,3.4,,,World_Bank
Malnutrition (wght-for-age z<-2),China,2009,3.4,,,World_Bank
Malnutrition (wght-for-age z<-2),China,2008,3.8,,,World_Bank
Malnutrition (wght-for-age z<-2),China,2005,4.5,,,World_Bank
Malnutrition (wght-for-age z<-2),China,2002,6.8,,,World_Bank
Malnutrition (wght-for-age z<-2),China,2000,7.4,,,World_Bank
Malnutrition (wght-for-age z<-2),China,1998,6.9,,,World_Bank
Malnutrition (wght-for-age z<-2),China,1995,10.7,,,World_Bank
Malnutrition (wght-for-age z<-2),China,1992,14.2,,,World_Bank
Malnutrition (wght-for-age z<-2),China,1990,12.6,,,World_Bank
Malnutrition (wght-for-age z<-2),Colombia,2016,3.7,,,World_Bank
Malnutrition (wght-for-age z<-2),Colombia,2010,3.4,,,World_Bank
Malnutrition (wght-for-age z<-2),Colombia,2005,5.0,,,World_Bank
Malnutrition (wght-for-age z<-2),Colombia,2000,4.9,,,World_Bank
Malnutrition (wght-for-age z<-2),Colombia,1995,6.3,,,World_Bank
Malnutrition (wght-for-age z<-2),Comoros,2022,9.1,,,World_Bank
Malnutrition (wght-for-age z<-2),Comoros,2012,16.9,,,World_Bank
Malnutrition (wght-for-age z<-2),Comoros,2000,25.1,,,World_Bank
Malnutrition (wght-for-age z<-2),Comoros,1996,22.4,,,World_Bank
Malnutrition (wght-for-age z<-2),Comoros,1992,15.2,,,World_Bank
Malnutrition (wght-for-age z<-2),"Congo, Dem. Rep.",2023,25.0,,,World_Bank
Malnutrition (wght-for-age z<-2),"Congo, Dem. Rep.",2017,23.1,,,World_Bank
Malnutrition (wght-for-age z<-2),"Congo, Dem. Rep.",2013,23.4,,,World_Bank
Malnutrition (wght-for-age z<-2),"Congo, Dem. Rep.",2010,24.2,,,World_Bank
Malnutrition (wght-for-age z<-2),"Congo, Dem. Rep.",2007,25.6,,,World_Bank
Malnutrition (wght-for-age z<-2),"Congo, Dem. Rep.",2001,30.3,,,World_Bank
Malnutrition (wght-for-age z<-2),"Congo, Dem. Rep.",1995,30.7,,,World_Bank
Malnutrition (wght-for-age z<-2),"Congo, Rep.",2014,12.3,,,World_Bank
Malnutrition (wght-for-age z<-2),"Congo, Rep.",2011,11.8,,,World_Bank
Malnutrition (wght-for-age z<-2),"Congo, Rep.",2005,11.9,,,World_Bank
Malnutrition (wght-for-age z<-2),Costa Rica,2018,2.9,,,World_Bank
Malnutrition (wght-for-age z<-2),Costa Rica,2008,0.9,,,World_Bank
Malnutrition (wght-for-age z<-2),Costa Rica,1996,3.8,,,World_Bank
Malnutrition (wght-for-age z<-2),Costa Rica,1994,1.9,,,World_Bank
Malnutrition (wght-for-age z<-2),Costa Rica,1993,2.0,,,World_Bank
Malnutrition (wght-for-age z<-2),Costa Rica,1992,2.0,,,World_Bank
Malnutrition (wght-for-age z<-2),Costa Rica,1991,2.2,,,World_Bank
Malnutrition (wght-for-age z<-2),Costa Rica,1990,2.5,,,World_Bank
Malnutrition (wght-for-age z<-2),Cote d'Ivoire,2021,13.6,,,World_Bank
Malnutrition (wght-for-age z<-2),Cote d'Ivoire,2016,12.8,,,World_Bank
Malnutrition (wght-for-age z<-2),Cote d'Ivoire,2012,15.7,,,World_Bank
Malnutrition (wght-for-age z<-2),Cote d'Ivoire,2011,15.5,,,World_Bank
Malnutrition (wght-for-age z<-2),Cote d'Ivoire,2007,28.4,,,World_Bank
Malnutrition (wght-for-age z<-2),Cote d'Ivoire,1998,18.2,,,World_Bank
Malnutrition (wght-for-age z<-2),Cote d'Ivoire,1994,20.9,,,World_Bank
Malnutrition (wght-for-age z<-2),Cuba,2019,2.4,,,World_Bank
Malnutrition (wght-for-age z<-2),Cuba,2000,3.4,,,World_Bank
Malnutrition (wght-for-age z<-2),Czechia,2001,2.1,,,World_Bank
Malnutrition (wght-for-age z<-2),Czechia,1991,0.9,,,World_Bank
Malnutrition (wght-for-age z<-2),Djibouti,2023,17.7,,,World_Bank
Malnutrition (wght-for-age z<-2),Djibouti,2019,16.2,,,World_Bank
Malnutrition (wght-for-age z<-2),Djibouti,2013,26.0,,,World_Bank
Malnutrition (wght-for-age z<-2),Djibouti,2011,24.2,,,World_Bank
Malnutrition (wght-for-age z<-2),Djibouti,1996,19.7,,,World_Bank
Malnutrition (wght-for-age z<-2),Dominican Republic,2019,3.0,,,World_Bank
Malnutrition (wght-for-age z<-2),Dominican Republic,2013,4.0,,,World_Bank
Malnutrition (wght-for-age z<-2),Dominican Republic,2007,3.4,,,World_Bank
Malnutrition (wght-for-age z<-2),Dominican Republic,2006,3.9,,,World_Bank
Malnutrition (wght-for-age z<-2),Dominican Republic,2002,4.2,,,World_Bank
Malnutrition (wght-for-age z<-2),Dominican Republic,2000,3.3,,,World_Bank
Malnutrition (wght-for-age z<-2),Dominican Republic,1996,4.7,,,World_Bank
Malnutrition (wght-for-age z<-2),Dominican Republic,1991,8.4,,,World_Bank
Malnutrition (wght-for-age z<-2),Ecuador,2024,4.9,,,World_Bank
Malnutrition (wght-for-age z<-2),Ecuador,2023,4.3,,,World_Bank
Malnutrition (wght-for-age z<-2),Ecuador,2014,5.1,,,World_Bank
Malnutrition (wght-for-age z<-2),Ecuador,2012,6.4,,,World_Bank
Malnutrition (wght-for-age z<-2),Ecuador,2006,6.8,,,World_Bank
Malnutrition (wght-for-age z<-2),Ecuador,2004,6.7,,,World_Bank
Malnutrition (wght-for-age z<-2),Ecuador,1999,10.4,,,World_Bank
Malnutrition (wght-for-age z<-2),"Egypt, Arab Rep.",2021,3.7,,,World_Bank
Malnutrition (wght-for-age z<-2),"Egypt, Arab Rep.",2014,7.0,,,World_Bank
Malnutrition (wght-for-age z<-2),"Egypt, Arab Rep.",2008,6.8,,,World_Bank
Malnutrition (wght-for-age z<-2),"Egypt, Arab Rep.",2005,5.4,,,World_Bank
Malnutrition (wght-for-age z<-2),"Egypt, Arab Rep.",2003,8.7,,,World_Bank
Malnutrition (wght-for-age z<-2),"Egypt, Arab Rep.",1998,9.4,,,World_Bank
Malnutrition (wght-for-age z<-2),"Egypt, Arab Rep.",1997,10.2,,,World_Bank
Malnutrition (wght-for-age z<-2),"Egypt, Arab Rep.",1995,10.8,,,World_Bank
Malnutrition (wght-for-age z<-2),"Egypt, Arab Rep.",1992,8.2,,,World_Bank
Malnutrition (wght-for-age z<-2),"Egypt, Arab Rep.",1991,10.5,,,World_Bank
Malnutrition (wght-for-age z<-2),El Salvador,2021,5.0,,,World_Bank
Malnutrition (wght-for-age z<-2),El Salvador,2014,5.0,,,World_Bank
Malnutrition (wght-for-age z<-2),El Salvador,2008,6.7,,,World_Bank
Malnutrition (wght-for-age z<-2),El Salvador,2003,6.1,,,World_Bank
Malnutrition (wght-for-age z<-2),El Salvador,1998,9.7,,,World_Bank
Malnutrition (wght-for-age z<-2),El Salvador,1993,8.0,,,World_Bank
Malnutrition (wght-for-age z<-2),Equatorial Guinea,2011,5.6,,,World_Bank
Malnutrition (wght-for-age z<-2),Equatorial Guinea,2004,10.5,,,World_Bank
Malnutrition (wght-for-age z<-2),Equatorial Guinea,2000,15.7,,,World_Bank
Malnutrition (wght-for-age z<-2),Equatorial Guinea,1997,13.8,,,World_Bank
Malnutrition (wght-for-age z<-2),Eritrea,2010,39.4,,,World_Bank
Malnutrition (wght-for-age z<-2),Eritrea,2002,34.3,,,World_Bank
Malnutrition (wght-for-age z<-2),Eritrea,1995,39.3,,,World_Bank
Malnutrition (wght-for-age z<-2),Eritrea,1993,36.9,,,World_Bank
Malnutrition (wght-for-age z<-2),Estonia,2014,0.4,,,World_Bank
Malnutrition (wght-for-age z<-2),Eswatini,2021,5.0,,,World_Bank
Malnutrition (wght-for-age z<-2),Eswatini,2014,5.8,,,World_Bank
Malnutrition (wght-for-age z<-2),Eswatini,2010,5.9,,,World_Bank
Malnutrition (wght-for-age z<-2),Eswatini,2008,7.3,,,World_Bank
Malnutrition (wght-for-age z<-2),Eswatini,2006,6.0,,,World_Bank
Malnutrition (wght-for-age z<-2),Eswatini,2000,9.1,,,World_Bank
Malnutrition (wght-for-age z<-2),Ethiopia,2019,21.2,,,World_Bank
Malnutrition (wght-for-age z<-2),Ethiopia,2016,23.5,,,World_Bank
Malnutrition (wght-for-age z<-2),Ethiopia,2014,26.5,,,World_Bank
Malnutrition (wght-for-age z<-2),Ethiopia,2011,29.2,,,World_Bank
Malnutrition (wght-for-age z<-2),Ethiopia,2005,34.3,,,World_Bank
Malnutrition (wght-for-age z<-2),Ethiopia,2000,41.8,,,World_Bank
Malnutrition (wght-for-age z<-2),Ethiopia,1992,41.9,,,World_Bank
Malnutrition (wght-for-age z<-2),Fiji,2021,4.6,,,World_Bank
Malnutrition (wght-for-age z<-2),Fiji,2014,5.9,,,World_Bank
Malnutrition (wght-for-age z<-2),Fiji,2004,5.4,,,World_Bank
Malnutrition (wght-for-age z<-2),Fiji,1993,6.9,,,World_Bank
Malnutrition (wght-for-age z<-2),Gabon,2020,5.4,,,World_Bank
Malnutrition (wght-for-age z<-2),Gabon,2012,6.4,,,World_Bank
Malnutrition (wght-for-age z<-2),Gabon,2000,9.0,,,World_Bank
Malnutrition (wght-for-age z<-2),"Gambia, The",2020,11.6,,,World_Bank
Malnutrition (wght-for-age z<-2),"Gambia, The",2018,13.9,,,World_Bank
Malnutrition (wght-for-age z<-2),"Gambia, The",2013,16.5,,,World_Bank
Malnutrition (wght-for-age z<-2),"Gambia, The",2012,17.9,,,World_Bank
Malnutrition (wght-for-age z<-2),"Gambia, The",2010,17.4,,,World_Bank
Malnutrition (wght-for-age z<-2),"Gambia, The",2006,15.8,,,World_Bank
Malnutrition (wght-for-age z<-2),"Gambia, The",2000,15.4,,,World_Bank
Malnutrition (wght-for-age z<-2),"Gambia, The",1996,23.2,,,World_Bank
Malnutrition (wght-for-age z<-2),Georgia,2018,2.1,,,World_Bank
Malnutrition (wght-for-age z<-2),Georgia,2009,1.1,,,World_Bank
Malnutrition (wght-for-age z<-2),Georgia,2005,2.4,,,World_Bank
Malnutrition (wght-for-age z<-2),Georgia,1999,2.7,,,World_Bank
Malnutrition (wght-for-age z<-2),Germany,2016,0.6,,,World_Bank
Malnutrition (wght-for-age z<-2),Germany,2004,1.1,,,World_Bank
Malnutrition (wght-for-age z<-2),Ghana,2022,12.0,,,World_Bank
Malnutrition (wght-for-age z<-2),Ghana,2017,12.6,,,World_Bank
Malnutrition (wght-for-age z<-2),Ghana,2014,11.2,,,World_Bank
Malnutrition (wght-for-age z<-2),Ghana,2011,13.4,,,World_Bank
Malnutrition (wght-for-age z<-2),Ghana,2008,14.4,,,World_Bank
Malnutrition (wght-for-age z<-2),Ghana,2006,13.9,,,World_Bank
Malnutrition (wght-for-age z<-2),Ghana,2003,19.0,,,World_Bank
Malnutrition (wght-for-age z<-2),Ghana,1998,20.1,,,World_Bank
Malnutrition (wght-for-age z<-2),Ghana,1997,22.2,,,World_Bank
Malnutrition (wght-for-age z<-2),Ghana,1993,25.1,,,World_Bank
Malnutrition (wght-for-age z<-2),Greece,2003,0.5,,,World_Bank
Malnutrition (wght-for-age z<-2),Guatemala,2021,14.4,,,World_Bank
Malnutrition (wght-for-age z<-2),Guatemala,2015,12.4,,,World_Bank
Malnutrition (wght-for-age z<-2),Guatemala,2009,14.1,,,World_Bank
Malnutrition (wght-for-age z<-2),Guatemala,2002,18.2,,,World_Bank
Malnutrition (wght-for-age z<-2),Guatemala,2000,18.8,,,World_Bank
Malnutrition (wght-for-age z<-2),Guatemala,1999,20.3,,,World_Bank
Malnutrition (wght-for-age z<-2),Guatemala,1995,21.7,,,World_Bank
Malnutrition (wght-for-age z<-2),Guinea,2022,15.0,,,World_Bank
Malnutrition (wght-for-age z<-2),Guinea,2018,16.3,,,World_Bank
Malnutrition (wght-for-age z<-2),Guinea,2016,18.3,,,World_Bank
Malnutrition (wght-for-age z<-2),Guinea,2012,18.8,,,World_Bank
Malnutrition (wght-for-age z<-2),Guinea,2007,16.4,,,World_Bank
Malnutrition (wght-for-age z<-2),Guinea,2005,22.7,,,World_Bank
Malnutrition (wght-for-age z<-2),Guinea,1999,20.0,,,World_Bank
Malnutrition (wght-for-age z<-2),Guinea,1994,21.2,,,World_Bank
Malnutrition (wght-for-age z<-2),Guinea-Bissau,2019,18.8,,,World_Bank
Malnutrition (wght-for-age z<-2),Guinea-Bissau,2014,17.0,,,World_Bank
Malnutrition (wght-for-age z<-2),Guinea-Bissau,2012,17.0,,,World_Bank
Malnutrition (wght-for-age z<-2),Guinea-Bissau,2010,18.0,,,World_Bank
Malnutrition (wght-for-age z<-2),Guinea-Bissau,2008,16.4,,,World_Bank
Malnutrition (wght-for-age z<-2),Guinea-Bissau,2000,19.8,,,World_Bank
Malnutrition (wght-for-age z<-2),Guyana,2019,9.4,,,World_Bank
Malnutrition (wght-for-age z<-2),Guyana,2014,8.2,,,World_Bank
Malnutrition (wght-for-age z<-2),Guyana,2009,11.0,,,World_Bank
Malnutrition (wght-for-age z<-2),Guyana,2006,10.8,,,World_Bank
Malnutrition (wght-for-age z<-2),Guyana,2000,11.9,,,World_Bank
Malnutrition (wght-for-age z<-2),Guyana,1997,10.3,,,World_Bank
Malnutrition (wght-for-age z<-2),Guyana,1993,13.2,,,World_Bank
Malnutrition (wght-for-age z<-2),Haiti,2023,10.7,,,World_Bank
Malnutrition (wght-for-age z<-2),Haiti,2017,9.5,,,World_Bank
Malnutrition (wght-for-age z<-2),Haiti,2013,13.0,,,World_Bank
Malnutrition (wght-for-age z<-2),Haiti,2012,11.6,,,World_Bank
Malnutrition (wght-for-age z<-2),Haiti,2006,18.9,,,World_Bank
Malnutrition (wght-for-age z<-2),Haiti,2000,13.9,,,World_Bank
Malnutrition (wght-for-age z<-2),Haiti,1994,23.8,,,World_Bank
Malnutrition (wght-for-age z<-2),Haiti,1990,23.7,,,World_Bank
Malnutrition (wght-for-age z<-2),Honduras,2019,7.1,,,World_Bank
Malnutrition (wght-for-age z<-2),Honduras,2012,7.1,,,World_Bank
Malnutrition (wght-for-age z<-2),Honduras,2006,8.7,,,World_Bank
Malnutrition (wght-for-age z<-2),Honduras,2004,11.5,,,World_Bank
Malnutrition (wght-for-age z<-2),Honduras,2001,12.8,,,World_Bank
Malnutrition (wght-for-age z<-2),Honduras,1996,18.2,,,World_Bank
Malnutrition (wght-for-age z<-2),Honduras,1994,16.1,,,World_Bank
Malnutrition (wght-for-age z<-2),Honduras,1991,15.0,,,World_Bank
Malnutrition (wght-for-age z<-2),India,2020,31.5,,,World_Bank
Malnutrition (wght-for-age z<-2),India,2017,33.8,,,World_Bank
Malnutrition (wght-for-age z<-2),India,2015,36.3,,,World_Bank
Malnutrition (wght-for-age z<-2),India,2014,29.4,,,World_Bank
Malnutrition (wght-for-age z<-2),India,2006,43.5,,,World_Bank
Malnutrition (wght-for-age z<-2),India,1999,45.4,,,World_Bank
Malnutrition (wght-for-age z<-2),India,1997,38.4,,,World_Bank
Malnutrition (wght-for-age z<-2),India,1992,51.3,,,World_Bank
Malnutrition (wght-for-age z<-2),India,1991,52.8,,,World_Bank
Malnutrition (wght-for-age z<-2),Indonesia,2023,15.9,,,World_Bank
Malnutrition (wght-for-age z<-2),Indonesia,2022,16.8,,,World_Bank
Malnutrition (wght-for-age z<-2),Indonesia,2021,17.0,,,World_Bank
Malnutrition (wght-for-age z<-2),Indonesia,2019,17.9,,,World_Bank
Malnutrition (wght-for-age z<-2),Indonesia,2018,17.7,,,World_Bank
Malnutrition (wght-for-age z<-2),Indonesia,2013,19.9,,,World_Bank
Malnutrition (wght-for-age z<-2),Indonesia,2010,18.6,,,World_Bank
Malnutrition (wght-for-age z<-2),Indonesia,2008,19.6,,,World_Bank
Malnutrition (wght-for-age z<-2),Indonesia,2005,24.4,,,World_Bank
Malnutrition (wght-for-age z<-2),Indonesia,2004,19.7,,,World_Bank
Malnutrition (wght-for-age z<-2),Indonesia,2003,23.1,,,World_Bank
Malnutrition (wght-for-age z<-2),Indonesia,2002,23.0,,,World_Bank
Malnutrition (wght-for-age z<-2),Indonesia,2001,23.4,,,World_Bank
Malnutrition (wght-for-age z<-2),Indonesia,2000,24.7,,,World_Bank
Malnutrition (wght-for-age z<-2),Indonesia,1999,22.8,,,World_Bank
Malnutrition (wght-for-age z<-2),Indonesia,1998,25.8,,,World_Bank
Malnutrition (wght-for-age z<-2),Indonesia,1996,30.3,,,World_Bank
Malnutrition (wght-for-age z<-2),Indonesia,1992,29.8,,,World_Bank
Malnutrition (wght-for-age z<-2),"Iran, Islamic Rep.",2017,4.3,,,World_Bank
Malnutrition (wght-for-age z<-2),"Iran, Islamic Rep.",2010,4.1,,,World_Bank
Malnutrition (wght-for-age z<-2),"Iran, Islamic Rep.",2004,4.6,,,World_Bank
Malnutrition (wght-for-age z<-2),"Iran, Islamic Rep.",1998,9.5,,,World_Bank
Malnutrition (wght-for-age z<-2),"Iran, Islamic Rep.",1995,13.8,,,World_Bank
Malnutrition (wght-for-age z<-2),Iraq,2018,3.9,,,World_Bank
Malnutrition (wght-for-age z<-2),Iraq,2011,7.2,,,World_Bank
Malnutrition (wght-for-age z<-2),Iraq,2006,7.1,,,World_Bank
Malnutrition (wght-for-age z<-2),Iraq,2004,8.0,,,World_Bank
Malnutrition (wght-for-age z<-2),Iraq,2003,10.1,,,World_Bank
Malnutrition (wght-for-age z<-2),Iraq,2000,12.8,,,World_Bank
Malnutrition (wght-for-age z<-2),Iraq,1991,10.4,,,World_Bank
Malnutrition (wght-for-age z<-2),Ireland,2011,0.5,,,World_Bank
Malnutrition (wght-for-age z<-2),Jamaica,2018,2.5,,,World_Bank
Malnutrition (wght-for-age z<-2),Jamaica,2016,4.4,,,World_Bank
Malnutrition (wght-for-age z<-2),Jamaica,2014,2.2,,,World_Bank
Malnutrition (wght-for-age z<-2),Jamaica,2012,2.7,,,World_Bank
Malnutrition (wght-for-age z<-2),Jamaica,2010,3.4,,,World_Bank
Malnutrition (wght-for-age z<-2),Jamaica,2008,2.4,,,World_Bank
Malnutrition (wght-for-age z<-2),Jamaica,2007,1.8,,,World_Bank
Malnutrition (wght-for-age z<-2),Jamaica,2006,4.8,,,World_Bank
Malnutrition (wght-for-age z<-2),Jamaica,2004,3.1,,,World_Bank
Malnutrition (wght-for-age z<-2),Jamaica,2002,2.7,,,World_Bank
Malnutrition (wght-for-age z<-2),Jamaica,2001,4.0,,,World_Bank
Malnutrition (wght-for-age z<-2),Jamaica,2000,3.9,,,World_Bank
Malnutrition (wght-for-age z<-2),Jamaica,1999,2.1,,,World_Bank
Malnutrition (wght-for-age z<-2),Jamaica,1998,3.8,,,World_Bank
Malnutrition (wght-for-age z<-2),Jamaica,1997,3.5,,,World_Bank
Malnutrition (wght-for-age z<-2),Jamaica,1996,5.6,,,World_Bank
Malnutrition (wght-for-age z<-2),Jamaica,1995,4.8,,,World_Bank
Malnutrition (wght-for-age z<-2),Jamaica,1994,4.6,,,World_Bank
Malnutrition (wght-for-age z<-2),Jamaica,1993,6.1,,,World_Bank
Malnutrition (wght-for-age z<-2),Jamaica,1992,5.7,,,World_Bank
Malnutrition (wght-for-age z<-2),Jamaica,1991,5.6,,,World_Bank
Malnutrition (wght-for-age z<-2),Japan,2010,3.4,,,World_Bank
Malnutrition (wght-for-age z<-2),Japan,2000,2.5,,,World_Bank
Malnutrition (wght-for-age z<-2),Japan,1990,2.5,,,World_Bank
Malnutrition (wght-for-age z<-2),Jordan,2023,2.5,,,World_Bank
Malnutrition (wght-for-age z<-2),Jordan,2019,2.7,,,World_Bank
Malnutrition (wght-for-age z<-2),Jordan,2012,3.0,,,World_Bank
Malnutrition (wght-for-age z<-2),Jordan,2009,1.9,,,World_Bank
Malnutrition (wght-for-age z<-2),Jordan,2002,3.7,,,World_Bank
Malnutrition (wght-for-age z<-2),Jordan,1997,3.8,,,World_Bank
Malnutrition (wght-for-age z<-2),Jordan,1990,5.1,,,World_Bank
Malnutrition (wght-for-age z<-2),Kazakhstan,2015,2.0,,,World_Bank
Malnutrition (wght-for-age z<-2),Kazakhstan,2010,3.7,,,World_Bank
Malnutrition (wght-for-age z<-2),Kazakhstan,2006,4.9,,,World_Bank
Malnutrition (wght-for-age z<-2),Kazakhstan,1999,3.8,,,World_Bank
Malnutrition (wght-for-age z<-2),Kazakhstan,1995,6.7,,,World_Bank
Malnutrition (wght-for-age z<-2),Kenya,2022,9.8,,,World_Bank
Malnutrition (wght-for-age z<-2),Kenya,2016,13.0,,,World_Bank
Malnutrition (wght-for-age z<-2),Kenya,2014,11.2,,,World_Bank
Malnutrition (wght-for-age z<-2),Kenya,2011,12.4,,,World_Bank
Malnutrition (wght-for-age z<-2),Kenya,2008,16.5,,,World_Bank
Malnutrition (wght-for-age z<-2),Kenya,2005,18.0,,,World_Bank
Malnutrition (wght-for-age z<-2),Kenya,2003,16.4,,,World_Bank
Malnutrition (wght-for-age z<-2),Kenya,2000,17.1,,,World_Bank
Malnutrition (wght-for-age z<-2),Kenya,1998,17.8,,,World_Bank
Malnutrition (wght-for-age z<-2),Kenya,1994,17.9,,,World_Bank
Malnutrition (wght-for-age z<-2),Kenya,1993,19.4,,,World_Bank
Malnutrition (wght-for-age z<-2),Kiribati,2018,6.9,,,World_Bank
Malnutrition (wght-for-age z<-2),Kiribati,2009,15.1,,,World_Bank
Malnutrition (wght-for-age z<-2),"Korea, Dem. People's Rep.",2017,9.3,,,World_Bank
Malnutrition (wght-for-age z<-2),"Korea, Dem. People's Rep.",2012,15.2,,,World_Bank
Malnutrition (wght-for-age z<-2),"Korea, Dem. People's Rep.",2009,18.8,,,World_Bank
Malnutrition (wght-for-age z<-2),"Korea, Dem. People's Rep.",2004,20.6,,,World_Bank
Malnutrition (wght-for-age z<-2),"Korea, Dem. People's Rep.",2002,17.7,,,World_Bank
Malnutrition (wght-for-age z<-2),"Korea, Dem. People's Rep.",2000,24.7,,,World_Bank
Malnutrition (wght-for-age z<-2),"Korea, Dem. People's Rep.",1998,55.5,,,World_Bank
Malnutrition (wght-for-age z<-2),"Korea, Rep.",2020,0.4,,,World_Bank
Malnutrition (wght-for-age z<-2),"Korea, Rep.",2017,0.9,,,World_Bank
Malnutrition (wght-for-age z<-2),"Korea, Rep.",2014,1.0,,,World_Bank
Malnutrition (wght-for-age z<-2),"Korea, Rep.",2011,0.8,,,World_Bank
Malnutrition (wght-for-age z<-2),"Korea, Rep.",2003,0.9,,,World_Bank
Malnutrition (wght-for-age z<-2),Kuwait,2023,2.8,,,World_Bank
Malnutrition (wght-for-age z<-2),Kuwait,2022,2.9,,,World_Bank
Malnutrition (wght-for-age z<-2),Kuwait,2021,2.4,,,World_Bank
Malnutrition (wght-for-age z<-2),Kuwait,2020,1.8,,,World_Bank
Malnutrition (wght-for-age z<-2),Kuwait,2019,2.0,,,World_Bank
Malnutrition (wght-for-age z<-2),Kuwait,2018,3.3,,,World_Bank
Malnutrition (wght-for-age z<-2),Kuwait,2017,3.6,,,World_Bank
Malnutrition (wght-for-age z<-2),Kuwait,2016,3.3,,,World_Bank
Malnutrition (wght-for-age z<-2),Kuwait,2015,3.2,,,World_Bank
Malnutrition (wght-for-age z<-2),Kuwait,2014,3.0,,,World_Bank
Malnutrition (wght-for-age z<-2),Kuwait,2013,3.6,,,World_Bank
Malnutrition (wght-for-age z<-2),Kuwait,2012,2.1,,,World_Bank
Malnutrition (wght-for-age z<-2),Kuwait,2011,2.1,,,World_Bank
Malnutrition (wght-for-age z<-2),Kuwait,2010,1.7,,,World_Bank
Malnutrition (wght-for-age z<-2),Kuwait,2009,1.7,,,World_Bank
Malnutrition (wght-for-age z<-2),Kuwait,2008,2.4,,,World_Bank
Malnutrition (wght-for-age z<-2),Kuwait,2007,2.9,,,World_Bank
Malnutrition (wght-for-age z<-2),Kuwait,2006,2.9,,,World_Bank
Malnutrition (wght-for-age z<-2),Kuwait,2005,2.6,,,World_Bank
Malnutrition (wght-for-age z<-2),Kuwait,2004,2.8,,,World_Bank
Malnutrition (wght-for-age z<-2),Kuwait,2003,2.3,,,World_Bank
Malnutrition (wght-for-age z<-2),Kuwait,2002,2.1,,,World_Bank
Malnutrition (wght-for-age z<-2),Kuwait,2001,2.2,,,World_Bank
Malnutrition (wght-for-age z<-2),Kuwait,1996,1.5,,,World_Bank
Malnutrition (wght-for-age z<-2),Kyrgyz Republic,2023,2.9,,,World_Bank
Malnutrition (wght-for-age z<-2),Kyrgyz Republic,2021,1.0,,,World_Bank
Malnutrition (wght-for-age z<-2),Kyrgyz Republic,2018,1.8,,,World_Bank
Malnutrition (wght-for-age z<-2),Kyrgyz Republic,2014,2.8,,,World_Bank
Malnutrition (wght-for-age z<-2),Kyrgyz Republic,2012,3.8,,,World_Bank
Malnutrition (wght-for-age z<-2),Kyrgyz Republic,2009,4.7,,,World_Bank
Malnutrition (wght-for-age z<-2),Kyrgyz Republic,2006,2.7,,,World_Bank
Malnutrition (wght-for-age z<-2),Kyrgyz Republic,1997,8.1,,,World_Bank
Malnutrition (wght-for-age z<-2),Lao PDR,2023,24.3,,,World_Bank
Malnutrition (wght-for-age z<-2),Lao PDR,2017,21.1,,,World_Bank
Malnutrition (wght-for-age z<-2),Lao PDR,2015,25.5,,,World_Bank
Malnutrition (wght-for-age z<-2),Lao PDR,2011,26.6,,,World_Bank
Malnutrition (wght-for-age z<-2),Lao PDR,2006,31.6,,,World_Bank
Malnutrition (wght-for-age z<-2),Lao PDR,2000,35.6,,,World_Bank
Malnutrition (wght-for-age z<-2),Lao PDR,1994,35.9,,,World_Bank
Malnutrition (wght-for-age z<-2),Lao PDR,1993,39.8,,,World_Bank
Malnutrition (wght-for-age z<-2),Latvia,2021,0.3,,,World_Bank
Malnutrition (wght-for-age z<-2),Lebanon,2023,5.1,,,World_Bank
Malnutrition (wght-for-age z<-2),Lebanon,2021,3.4,,,World_Bank
Malnutrition (wght-for-age z<-2),Lebanon,2004,4.2,,,World_Bank
Malnutrition (wght-for-age z<-2),Lesotho,2024,12.5,,,World_Bank
Malnutrition (wght-for-age z<-2),Lesotho,2018,10.5,,,World_Bank
Malnutrition (wght-for-age z<-2),Lesotho,2014,10.5,,,World_Bank
Malnutrition (wght-for-age z<-2),Lesotho,2009,13.4,,,World_Bank
Malnutrition (wght-for-age z<-2),Lesotho,2004,16.6,,,World_Bank
Malnutrition (wght-for-age z<-2),Lesotho,1993,18.9,,,World_Bank
Malnutrition (wght-for-age z<-2),Lesotho,1992,13.8,,,World_Bank
Malnutrition (wght-for-age z<-2),Liberia,2019,10.9,,,World_Bank
Malnutrition (wght-for-age z<-2),Liberia,2016,13.6,,,World_Bank
Malnutrition (wght-for-age z<-2),Liberia,2013,15.3,,,World_Bank
Malnutrition (wght-for-age z<-2),Liberia,2010,16.6,,,World_Bank
Malnutrition (wght-for-age z<-2),Liberia,2008,16.4,,,World_Bank
Malnutrition (wght-for-age z<-2),Liberia,2007,20.4,,,World_Bank
Malnutrition (wght-for-age z<-2),Liberia,2000,22.8,,,World_Bank
Malnutrition (wght-for-age z<-2),Libya,2022,4.3,,,World_Bank
Malnutrition (wght-for-age z<-2),Libya,2014,11.7,,,World_Bank
Malnutrition (wght-for-age z<-2),Libya,2007,5.6,,,World_Bank
Malnutrition (wght-for-age z<-2),Libya,1995,4.2,,,World_Bank
Malnutrition (wght-for-age z<-2),Lithuania,2021,1.1,,,World_Bank
Malnutrition (wght-for-age z<-2),Madagascar,2021,22.6,,,World_Bank
Malnutrition (wght-for-age z<-2),Madagascar,2018,26.4,,,World_Bank
Malnutrition (wght-for-age z<-2),Madagascar,2012,32.6,,,World_Bank
Malnutrition (wght-for-age z<-2),Madagascar,2011,28.4,,,World_Bank
Malnutrition (wght-for-age z<-2),Madagascar,2004,36.7,,,World_Bank
Malnutrition (wght-for-age z<-2),Madagascar,1997,35.6,,,World_Bank
Malnutrition (wght-for-age z<-2),Madagascar,1995,30.4,,,World_Bank
Malnutrition (wght-for-age z<-2),Madagascar,1993,40.9,,,World_Bank
Malnutrition (wght-for-age z<-2),Madagascar,1992,35.2,,,World_Bank
Malnutrition (wght-for-age z<-2),Malawi,2020,12.8,,,World_Bank
Malnutrition (wght-for-age z<-2),Malawi,2019,10.8,,,World_Bank
Malnutrition (wght-for-age z<-2),Malawi,2018,11.5,,,World_Bank
Malnutrition (wght-for-age z<-2),Malawi,2017,12.3,,,World_Bank
Malnutrition (wght-for-age z<-2),Malawi,2016,14.6,,,World_Bank
Malnutrition (wght-for-age z<-2),Malawi,2015,11.8,,,World_Bank
Malnutrition (wght-for-age z<-2),Malawi,2014,16.7,,,World_Bank
Malnutrition (wght-for-age z<-2),Malawi,2010,13.9,,,World_Bank
Malnutrition (wght-for-age z<-2),Malawi,2009,11.7,,,World_Bank
Malnutrition (wght-for-age z<-2),Malawi,2006,15.6,,,World_Bank
Malnutrition (wght-for-age z<-2),Malawi,2004,18.6,,,World_Bank
Malnutrition (wght-for-age z<-2),Malawi,2002,21.7,,,World_Bank
Malnutrition (wght-for-age z<-2),Malawi,2000,21.5,,,World_Bank
Malnutrition (wght-for-age z<-2),Malawi,1998,23.5,,,World_Bank
Malnutrition (wght-for-age z<-2),Malawi,1995,26.5,,,World_Bank
Malnutrition (wght-for-age z<-2),Malawi,1992,24.4,,,World_Bank
Malnutrition (wght-for-age z<-2),Malaysia,2022,15.3,,,World_Bank
Malnutrition (wght-for-age z<-2),Malaysia,2019,14.8,,,World_Bank
Malnutrition (wght-for-age z<-2),Malaysia,2016,13.7,,,World_Bank
Malnutrition (wght-for-age z<-2),Malaysia,2015,12.5,,,World_Bank
Malnutrition (wght-for-age z<-2),Malaysia,2006,12.7,,,World_Bank
Malnutrition (wght-for-age z<-2),Malaysia,1999,16.7,,,World_Bank
Malnutrition (wght-for-age z<-2),Malaysia,1995,17.7,,,World_Bank
Malnutrition (wght-for-age z<-2),Malaysia,1994,19.7,,,World_Bank
Malnutrition (wght-for-age z<-2),Malaysia,1993,20.5,,,World_Bank
Malnutrition (wght-for-age z<-2),Malaysia,1992,22.6,,,World_Bank
Malnutrition (wght-for-age z<-2),Malaysia,1991,23.1,,,World_Bank
Malnutrition (wght-for-age z<-2),Malaysia,1990,22.1,,,World_Bank
Malnutrition (wght-for-age z<-2),Maldives,2017,14.8,,,World_Bank
Malnutrition (wght-for-age z<-2),Maldives,2009,17.7,,,World_Bank
Malnutrition (wght-for-age z<-2),Maldives,2001,25.7,,,World_Bank
Malnutrition (wght-for-age z<-2),Maldives,1997,37.9,,,World_Bank
Malnutrition (wght-for-age z<-2),Maldives,1995,39.0,,,World_Bank
Malnutrition (wght-for-age z<-2),Maldives,1994,32.5,,,World_Bank
Malnutrition (wght-for-age z<-2),Mali,2024,15.0,,,World_Bank
Malnutrition (wght-for-age z<-2),Mali,2022,18.5,,,World_Bank
Malnutrition (wght-for-age z<-2),Mali,2021,17.5,,,World_Bank
Malnutrition (wght-for-age z<-2),Mali,2020,14.9,,,World_Bank
Malnutrition (wght-for-age z<-2),Mali,2019,18.5,,,World_Bank
Malnutrition (wght-for-age z<-2),Mali,2018,18.6,,,World_Bank
Malnutrition (wght-for-age z<-2),Mali,2017,17.1,,,World_Bank
Malnutrition (wght-for-age z<-2),Mali,2016,20.2,,,World_Bank
Malnutrition (wght-for-age z<-2),Mali,2015,25.0,,,World_Bank
Malnutrition (wght-for-age z<-2),Mali,2014,24.1,,,World_Bank
Malnutrition (wght-for-age z<-2),Mali,2011,20.0,,,World_Bank
Malnutrition (wght-for-age z<-2),Mali,2010,18.9,,,World_Bank
Malnutrition (wght-for-age z<-2),Mali,2006,27.9,,,World_Bank
Malnutrition (wght-for-age z<-2),Mali,2001,30.0,,,World_Bank
Malnutrition (wght-for-age z<-2),Mali,1996,39.7,,,World_Bank
Malnutrition (wght-for-age z<-2),Malta,2022,0.7,,,World_Bank
Malnutrition (wght-for-age z<-2),Marshall Islands,2017,11.9,,,World_Bank
Malnutrition (wght-for-age z<-2),Mauritania,2022,22.4,,,World_Bank
Malnutrition (wght-for-age z<-2),Mauritania,2021,14.8,,,World_Bank
Malnutrition (wght-for-age z<-2),Mauritania,2020,16.8,,,World_Bank
Malnutrition (wght-for-age z<-2),Mauritania,2019,17.3,,,World_Bank
Malnutrition (wght-for-age z<-2),Mauritania,2018,19.2,,,World_Bank
Malnutrition (wght-for-age z<-2),Mauritania,2015,24.9,,,World_Bank
Malnutrition (wght-for-age z<-2),Mauritania,2012,20.4,,,World_Bank
Malnutrition (wght-for-age z<-2),Mauritania,2011,24.4,,,World_Bank
Malnutrition (wght-for-age z<-2),Mauritania,2008,16.5,,,World_Bank
Malnutrition (wght-for-age z<-2),Mauritania,2007,25.5,,,World_Bank
Malnutrition (wght-for-age z<-2),Mauritania,2000,29.7,,,World_Bank
Malnutrition (wght-for-age z<-2),Mauritania,1996,20.3,,,World_Bank
Malnutrition (wght-for-age z<-2),Mauritius,1995,13.0,,,World_Bank
Malnutrition (wght-for-age z<-2),Mexico,2022,4.2,,,World_Bank
Malnutrition (wght-for-age z<-2),Mexico,2021,4.2,,,World_Bank
Malnutrition (wght-for-age z<-2),Mexico,2020,4.6,,,World_Bank
Malnutrition (wght-for-age z<-2),Mexico,2019,4.7,,,World_Bank
Malnutrition (wght-for-age z<-2),Mexico,2016,4.2,,,World_Bank
Malnutrition (wght-for-age z<-2),Mexico,2015,3.9,,,World_Bank
Malnutrition (wght-for-age z<-2),Mexico,2012,2.8,,,World_Bank
Malnutrition (wght-for-age z<-2),Mexico,2006,3.4,,,World_Bank
Malnutrition (wght-for-age z<-2),Mexico,2005,6.0,,,World_Bank
Malnutrition (wght-for-age z<-2),Mexico,2002,4.2,,,World_Bank
Malnutrition (wght-for-age z<-2),Mexico,1998,5.6,,,World_Bank
Malnutrition (wght-for-age z<-2),Mexico,1996,10.3,,,World_Bank
Malnutrition (wght-for-age z<-2),Moldova,2012,2.2,,,World_Bank
Malnutrition (wght-for-age z<-2),Moldova,2005,3.2,,,World_Bank
Malnutrition (wght-for-age z<-2),Mongolia,2023,1.9,,,World_Bank
Malnutrition (wght-for-age z<-2),Mongolia,2018,1.8,,,World_Bank
Malnutrition (wght-for-age z<-2),Mongolia,2016,0.8,,,World_Bank
Malnutrition (wght-for-age z<-2),Mongolia,2013,1.6,,,World_Bank
Malnutrition (wght-for-age z<-2),Mongolia,2010,3.3,,,World_Bank
Malnutrition (wght-for-age z<-2),Mongolia,2005,5.3,,,World_Bank
Malnutrition (wght-for-age z<-2),Mongolia,2004,5.1,,,World_Bank
Malnutrition (wght-for-age z<-2),Mongolia,2000,11.6,,,World_Bank
Malnutrition (wght-for-age z<-2),Mongolia,1999,10.8,,,World_Bank
Malnutrition (wght-for-age z<-2),Mongolia,1992,11.8,,,World_Bank
Malnutrition (wght-for-age z<-2),Montenegro,2018,3.7,,,World_Bank
Malnutrition (wght-for-age z<-2),Montenegro,2013,1.0,,,World_Bank
Malnutrition (wght-for-age z<-2),Montenegro,2005,2.2,,,World_Bank
Malnutrition (wght-for-age z<-2),Morocco,2019,3.0,,,World_Bank
Malnutrition (wght-for-age z<-2),Morocco,2017,2.6,,,World_Bank
Malnutrition (wght-for-age z<-2),Morocco,2011,2.9,,,World_Bank
Malnutrition (wght-for-age z<-2),Morocco,2003,9.8,,,World_Bank
Malnutrition (wght-for-age z<-2),Morocco,1997,7.7,,,World_Bank
Malnutrition (wght-for-age z<-2),Morocco,1992,8.1,,,World_Bank
Malnutrition (wght-for-age z<-2),Mozambique,2022,15.4,,,World_Bank
Malnutrition (wght-for-age z<-2),Mozambique,2020,14.8,,,World_Bank
Malnutrition (wght-for-age z<-2),Mozambique,2015,15.6,,,World_Bank
Malnutrition (wght-for-age z<-2),Mozambique,2011,15.6,,,World_Bank
Malnutrition (wght-for-age z<-2),Mozambique,2008,18.2,,,World_Bank
Malnutrition (wght-for-age z<-2),Mozambique,2003,21.2,,,World_Bank
Malnutrition (wght-for-age z<-2),Mozambique,2001,24.5,,,World_Bank
Malnutrition (wght-for-age z<-2),Mozambique,1997,24.7,,,World_Bank
Malnutrition (wght-for-age z<-2),Mozambique,1995,23.9,,,World_Bank
Malnutrition (wght-for-age z<-2),Myanmar,2018,19.5,,,World_Bank
Malnutrition (wght-for-age z<-2),Myanmar,2016,18.5,,,World_Bank
Malnutrition (wght-for-age z<-2),Myanmar,2009,22.6,,,World_Bank
Malnutrition (wght-for-age z<-2),Myanmar,2003,29.2,,,World_Bank
Malnutrition (wght-for-age z<-2),Myanmar,2000,30.0,,,World_Bank
Malnutrition (wght-for-age z<-2),Myanmar,1997,28.1,,,World_Bank
Malnutrition (wght-for-age z<-2),Myanmar,1995,38.7,,,World_Bank
Malnutrition (wght-for-age z<-2),Myanmar,1994,31.2,,,World_Bank
Malnutrition (wght-for-age z<-2),Myanmar,1991,37.0,,,World_Bank
Malnutrition (wght-for-age z<-2),Myanmar,1990,32.5,,,World_Bank
Malnutrition (wght-for-age z<-2),Namibia,2013,13.2,,,World_Bank
Malnutrition (wght-for-age z<-2),Namibia,2007,17.4,,,World_Bank
Malnutrition (wght-for-age z<-2),Namibia,2000,20.2,,,World_Bank
Malnutrition (wght-for-age z<-2),Namibia,1992,21.4,,,World_Bank
Malnutrition (wght-for-age z<-2),Nauru,2023,3.8,,,World_Bank
Malnutrition (wght-for-age z<-2),Nauru,2007,4.8,,,World_Bank
Malnutrition (wght-for-age z<-2),Nepal,2022,18.3,,,World_Bank
Malnutrition (wght-for-age z<-2),Nepal,2019,24.4,,,World_Bank
Malnutrition (wght-for-age z<-2),Nepal,2016,27.0,,,World_Bank
Malnutrition (wght-for-age z<-2),Nepal,2014,29.7,,,World_Bank
Malnutrition (wght-for-age z<-2),Nepal,2011,28.9,,,World_Bank
Malnutrition (wght-for-age z<-2),Nepal,2010,31.1,,,World_Bank
Malnutrition (wght-for-age z<-2),Nepal,2006,38.6,,,World_Bank
Malnutrition (wght-for-age z<-2),Nepal,2001,42.8,,,World_Bank
Malnutrition (wght-for-age z<-2),Nepal,1998,36.5,,,World_Bank
Malnutrition (wght-for-age z<-2),Nepal,1996,42.8,,,World_Bank
Malnutrition (wght-for-age z<-2),Nepal,1995,42.6,,,World_Bank
Malnutrition (wght-for-age z<-2),Netherlands,2009,1.0,,,World_Bank
Malnutrition (wght-for-age z<-2),Netherlands,1996,1.1,,,World_Bank
Malnutrition (wght-for-age z<-2),Nicaragua,2012,4.6,,,World_Bank
Malnutrition (wght-for-age z<-2),Nicaragua,2007,5.7,,,World_Bank
Malnutrition (wght-for-age z<-2),Nicaragua,2005,6.2,,,World_Bank
Malnutrition (wght-for-age z<-2),Nicaragua,2004,3.4,,,World_Bank
Malnutrition (wght-for-age z<-2),Nicaragua,2001,7.7,,,World_Bank
Malnutrition (wght-for-age z<-2),Nicaragua,1998,10.3,,,World_Bank
Malnutrition (wght-for-age z<-2),Nicaragua,1993,9.6,,,World_Bank
Malnutrition (wght-for-age z<-2),Niger,2022,34.6,,,World_Bank
Malnutrition (wght-for-age z<-2),Niger,2021,33.2,,,World_Bank
Malnutrition (wght-for-age z<-2),Niger,2020,33.4,,,World_Bank
Malnutrition (wght-for-age z<-2),Niger,2019,31.3,,,World_Bank
Malnutrition (wght-for-age z<-2),Niger,2018,37.5,,,World_Bank
Malnutrition (wght-for-age z<-2),Niger,2016,32.0,,,World_Bank
Malnutrition (wght-for-age z<-2),Niger,2015,35.8,,,World_Bank
Malnutrition (wght-for-age z<-2),Niger,2014,34.6,,,World_Bank
Malnutrition (wght-for-age z<-2),Niger,2013,33.1,,,World_Bank
Malnutrition (wght-for-age z<-2),Niger,2012,32.1,,,World_Bank
Malnutrition (wght-for-age z<-2),Niger,2011,36.2,,,World_Bank
Malnutrition (wght-for-age z<-2),Niger,2010,40.0,,,World_Bank
Malnutrition (wght-for-age z<-2),Niger,2009,33.5,,,World_Bank
Malnutrition (wght-for-age z<-2),Niger,2008,34.6,,,World_Bank
Malnutrition (wght-for-age z<-2),Niger,2007,37.9,,,World_Bank
Malnutrition (wght-for-age z<-2),Niger,2006,35.6,,,World_Bank
Malnutrition (wght-for-age z<-2),Niger,2000,43.1,,,World_Bank
Malnutrition (wght-for-age z<-2),Niger,1998,46.6,,,World_Bank
Malnutrition (wght-for-age z<-2),Niger,1992,38.7,,,World_Bank
Malnutrition (wght-for-age z<-2),Nigeria,2021,24.4,,,World_Bank
Malnutrition (wght-for-age z<-2),Nigeria,2020,18.4,,,World_Bank
Malnutrition (wght-for-age z<-2),Nigeria,2018,21.8,,,World_Bank
Malnutrition (wght-for-age z<-2),Nigeria,2016,31.5,,,World_Bank
Malnutrition (wght-for-age z<-2),Nigeria,2015,19.5,,,World_Bank
Malnutrition (wght-for-age z<-2),Nigeria,2014,20.6,,,World_Bank
Malnutrition (wght-for-age z<-2),Nigeria,2011,24.2,,,World_Bank
Malnutrition (wght-for-age z<-2),Nigeria,2003,26.7,,,World_Bank
Malnutrition (wght-for-age z<-2),Nigeria,1993,35.1,,,World_Bank
Malnutrition (wght-for-age z<-2),Nigeria,1990,33.1,,,World_Bank
Malnutrition (wght-for-age z<-2),North Macedonia,2019,0.9,,,World_Bank
Malnutrition (wght-for-age z<-2),North Macedonia,2011,1.3,,,World_Bank
Malnutrition (wght-for-age z<-2),North Macedonia,2005,1.8,,,World_Bank
Malnutrition (wght-for-age z<-2),North Macedonia,1999,2.1,,,World_Bank
Malnutrition (wght-for-age z<-2),Oman,2017,11.2,,,World_Bank
Malnutrition (wght-for-age z<-2),Oman,2014,9.7,,,World_Bank
Malnutrition (wght-for-age z<-2),Oman,2009,8.6,,,World_Bank
Malnutrition (wght-for-age z<-2),Oman,1999,13.0,,,World_Bank
Malnutrition (wght-for-age z<-2),Oman,1994,14.2,,,World_Bank
Malnutrition (wght-for-age z<-2),Oman,1991,18.6,,,World_Bank
Malnutrition (wght-for-age z<-2),Pakistan,2018,23.1,,,World_Bank
Malnutrition (wght-for-age z<-2),Pakistan,2013,31.8,,,World_Bank
Malnutrition (wght-for-age z<-2),Pakistan,2011,31.4,,,World_Bank
Malnutrition (wght-for-age z<-2),Pakistan,2001,31.2,,,World_Bank
Malnutrition (wght-for-age z<-2),Pakistan,1995,34.2,,,World_Bank
Malnutrition (wght-for-age z<-2),Pakistan,1992,35.3,,,World_Bank
Malnutrition (wght-for-age z<-2),Pakistan,1991,38.4,,,World_Bank
Malnutrition (wght-for-age z<-2),Panama,2019,2.9,,,World_Bank
Malnutrition (wght-for-age z<-2),Panama,2008,3.9,,,World_Bank
Malnutrition (wght-for-age z<-2),Panama,2003,5.3,,,World_Bank
Malnutrition (wght-for-age z<-2),Panama,1997,5.0,,,World_Bank
Malnutrition (wght-for-age z<-2),Papua New Guinea,2010,27.8,,,World_Bank
Malnutrition (wght-for-age z<-2),Papua New Guinea,2005,17.3,,,World_Bank
Malnutrition (wght-for-age z<-2),Paraguay,2016,1.3,,,World_Bank
Malnutrition (wght-for-age z<-2),Paraguay,2012,2.6,,,World_Bank
Malnutrition (wght-for-age z<-2),Paraguay,2005,3.4,,,World_Bank
Malnutrition (wght-for-age z<-2),Paraguay,1990,2.8,,,World_Bank
Malnutrition (wght-for-age z<-2),Peru,2023,2.7,,,World_Bank
Malnutrition (wght-for-age z<-2),Peru,2022,2.4,,,World_Bank
Malnutrition (wght-for-age z<-2),Peru,2021,2.1,,,World_Bank
Malnutrition (wght-for-age z<-2),Peru,2020,2.2,,,World_Bank
Malnutrition (wght-for-age z<-2),Peru,2019,3.3,,,World_Bank
Malnutrition (wght-for-age z<-2),Peru,2018,2.6,,,World_Bank
Malnutrition (wght-for-age z<-2),Peru,2017,3.2,,,World_Bank
Malnutrition (wght-for-age z<-2),Peru,2016,3.2,,,World_Bank
Malnutrition (wght-for-age z<-2),Peru,2015,3.4,,,World_Bank
Malnutrition (wght-for-age z<-2),Peru,2014,3.2,,,World_Bank
Malnutrition (wght-for-age z<-2),Peru,2013,3.6,,,World_Bank
Malnutrition (wght-for-age z<-2),Peru,2012,3.4,,,World_Bank
Malnutrition (wght-for-age z<-2),Peru,2011,4.2,,,World_Bank
Malnutrition (wght-for-age z<-2),Peru,2010,4.3,,,World_Bank
Malnutrition (wght-for-age z<-2),Peru,2009,4.3,,,World_Bank
Malnutrition (wght-for-age z<-2),Peru,2007,4.3,,,World_Bank
Malnutrition (wght-for-age z<-2),Peru,2005,5.4,,,World_Bank
Malnutrition (wght-for-age z<-2),Peru,2001,6.0,,,World_Bank
Malnutrition (wght-for-age z<-2),Peru,2000,5.2,,,World_Bank
Malnutrition (wght-for-age z<-2),Peru,1999,7.8,,,World_Bank
Malnutrition (wght-for-age z<-2),Peru,1998,6.3,,,World_Bank
Malnutrition (wght-for-age z<-2),Peru,1997,7.6,,,World_Bank
Malnutrition (wght-for-age z<-2),Peru,1996,5.7,,,World_Bank
Malnutrition (wght-for-age z<-2),Peru,1991,8.8,,,World_Bank
Malnutrition (wght-for-age z<-2),Philippines,2021,16.7,,,World_Bank
Malnutrition (wght-for-age z<-2),Philippines,2019,18.9,,,World_Bank
Malnutrition (wght-for-age z<-2),Philippines,2018,19.0,,,World_Bank
Malnutrition (wght-for-age z<-2),Philippines,2015,21.4,,,World_Bank
Malnutrition (wght-for-age z<-2),Philippines,2013,19.9,,,World_Bank
Malnutrition (wght-for-age z<-2),Philippines,2011,20.2,,,World_Bank
Malnutrition (wght-for-age z<-2),Philippines,2008,20.6,,,World_Bank
Malnutrition (wght-for-age z<-2),Philippines,2003,20.8,,,World_Bank
Malnutrition (wght-for-age z<-2),Philippines,1998,28.3,,,World_Bank
Malnutrition (wght-for-age z<-2),Philippines,1993,26.3,,,World_Bank
Malnutrition (wght-for-age z<-2),Philippines,1992,29.8,,,World_Bank
Malnutrition (wght-for-age z<-2),Philippines,1990,29.9,,,World_Bank
Malnutrition (wght-for-age z<-2),Poland,2019,0.7,,,World_Bank
Malnutrition (wght-for-age z<-2),Poland,2011,0.9,,,World_Bank
Malnutrition (wght-for-age z<-2),Portugal,2016,0.9,,,World_Bank
Malnutrition (wght-for-age z<-2),Qatar,2023,2.3,,,World_Bank
Malnutrition (wght-for-age z<-2),Qatar,2022,2.1,,,World_Bank
Malnutrition (wght-for-age z<-2),Qatar,2021,2.0,,,World_Bank
Malnutrition (wght-for-age z<-2),Qatar,1995,4.8,,,World_Bank
Malnutrition (wght-for-age z<-2),Romania,2002,3.5,,,World_Bank
Malnutrition (wght-for-age z<-2),Romania,2001,3.8,,,World_Bank
Malnutrition (wght-for-age z<-2),Romania,2000,3.7,,,World_Bank
Malnutrition (wght-for-age z<-2),Romania,1999,3.4,,,World_Bank
Malnutrition (wght-for-age z<-2),Romania,1991,5.0,,,World_Bank
Malnutrition (wght-for-age z<-2),Rwanda,2020,7.7,,,World_Bank
Malnutrition (wght-for-age z<-2),Rwanda,2018,12.3,,,World_Bank
Malnutrition (wght-for-age z<-2),Rwanda,2015,9.6,,,World_Bank
Malnutrition (wght-for-age z<-2),Rwanda,2012,10.9,,,World_Bank
Malnutrition (wght-for-age z<-2),Rwanda,2010,11.7,,,World_Bank
Malnutrition (wght-for-age z<-2),Rwanda,2009,14.3,,,World_Bank
Malnutrition (wght-for-age z<-2),Rwanda,2005,17.9,,,World_Bank
Malnutrition (wght-for-age z<-2),Rwanda,2000,20.3,,,World_Bank
Malnutrition (wght-for-age z<-2),Rwanda,1996,22.6,,,World_Bank
Malnutrition (wght-for-age z<-2),Rwanda,1992,24.2,,,World_Bank
Malnutrition (wght-for-age z<-2),Samoa,2019,3.4,,,World_Bank
Malnutrition (wght-for-age z<-2),Samoa,2014,3.2,,,World_Bank
Malnutrition (wght-for-age z<-2),Samoa,1999,1.7,,,World_Bank
Malnutrition (wght-for-age z<-2),Sao Tome and Principe,2019,5.4,,,World_Bank
Malnutrition (wght-for-age z<-2),Sao Tome and Principe,2014,8.8,,,World_Bank
Malnutrition (wght-for-age z<-2),Saudi Arabia,2020,3.5,,,World_Bank
Malnutrition (wght-for-age z<-2),Saudi Arabia,2019,4.0,,,World_Bank
Malnutrition (wght-for-age z<-2),Saudi Arabia,2018,3.3,,,World_Bank
Malnutrition (wght-for-age z<-2),Saudi Arabia,2017,6.2,,,World_Bank
Malnutrition (wght-for-age z<-2),Saudi Arabia,2016,4.6,,,World_Bank
Malnutrition (wght-for-age z<-2),Saudi Arabia,2015,5.7,,,World_Bank
Malnutrition (wght-for-age z<-2),Saudi Arabia,2004,5.3,,,World_Bank
Malnutrition (wght-for-age z<-2),Saudi Arabia,1994,13.5,,,World_Bank
Malnutrition (wght-for-age z<-2),Senegal,2023,16.2,,,World_Bank
Malnutrition (wght-for-age z<-2),Senegal,2019,14.4,,,World_Bank
Malnutrition (wght-for-age z<-2),Senegal,2018,15.1,,,World_Bank
Malnutrition (wght-for-age z<-2),Senegal,2017,14.4,,,World_Bank
Malnutrition (wght-for-age z<-2),Senegal,2016,13.8,,,World_Bank
Malnutrition (wght-for-age z<-2),Senegal,2015,14.0,,,World_Bank
Malnutrition (wght-for-age z<-2),Senegal,2014,12.8,,,World_Bank
Malnutrition (wght-for-age z<-2),Senegal,2013,14.8,,,World_Bank
Malnutrition (wght-for-age z<-2),Senegal,2012,14.4,,,World_Bank
Malnutrition (wght-for-age z<-2),Senegal,2011,18.4,,,World_Bank
Malnutrition (wght-for-age z<-2),Senegal,2005,14.5,,,World_Bank
Malnutrition (wght-for-age z<-2),Senegal,2000,17.8,,,World_Bank
Malnutrition (wght-for-age z<-2),Senegal,1996,18.5,,,World_Bank
Malnutrition (wght-for-age z<-2),Senegal,1993,19.0,,,World_Bank
Malnutrition (wght-for-age z<-2),Senegal,1991,20.4,,,World_Bank
Malnutrition (wght-for-age z<-2),Serbia,2019,1.0,,,World_Bank
Malnutrition (wght-for-age z<-2),Serbia,2014,1.8,,,World_Bank
Malnutrition (wght-for-age z<-2),Serbia,2010,1.6,,,World_Bank
Malnutrition (wght-for-age z<-2),Serbia,2005,1.8,,,World_Bank
Malnutrition (wght-for-age z<-2),Seychelles,2012,3.8,,,World_Bank
Malnutrition (wght-for-age z<-2),Sierra Leone,2021,12.0,,,World_Bank
Malnutrition (wght-for-age z<-2),Sierra Leone,2019,13.5,,,World_Bank
Malnutrition (wght-for-age z<-2),Sierra Leone,2017,15.6,,,World_Bank
Malnutrition (wght-for-age z<-2),Sierra Leone,2014,13.0,,,World_Bank
Malnutrition (wght-for-age z<-2),Sierra Leone,2010,18.5,,,World_Bank
Malnutrition (wght-for-age z<-2),Sierra Leone,2005,27.2,,,World_Bank
Malnutrition (wght-for-age z<-2),Sierra Leone,2000,23.4,,,World_Bank
Malnutrition (wght-for-age z<-2),Sierra Leone,1990,25.4,,,World_Bank
Malnutrition (wght-for-age z<-2),Singapore,2000,3.3,,,World_Bank
Malnutrition (wght-for-age z<-2),Solomon Islands,2015,16.2,,,World_Bank
Malnutrition (wght-for-age z<-2),Solomon Islands,2007,11.8,,,World_Bank
Malnutrition (wght-for-age z<-2),Somalia,2009,22.5,,,World_Bank
Malnutrition (wght-for-age z<-2),Somalia,2006,32.8,,,World_Bank
Malnutrition (wght-for-age z<-2),Somalia,1999,22.8,,,World_Bank
Malnutrition (wght-for-age z<-2),South Africa,2017,4.9,,,World_Bank
Malnutrition (wght-for-age z<-2),South Africa,2016,5.9,,,World_Bank
Malnutrition (wght-for-age z<-2),South Africa,2015,5.7,,,World_Bank
Malnutrition (wght-for-age z<-2),South Africa,2008,9.1,,,World_Bank
Malnutrition (wght-for-age z<-2),South Africa,1999,9.8,,,World_Bank
Malnutrition (wght-for-age z<-2),South Africa,1994,8.0,,,World_Bank
Malnutrition (wght-for-age z<-2),South Sudan,2010,27.7,,,World_Bank
Malnutrition (wght-for-age z<-2),South Sudan,2006,32.5,,,World_Bank
Malnutrition (wght-for-age z<-2),Sri Lanka,2024,17.1,,,World_Bank
Malnutrition (wght-for-age z<-2),Sri Lanka,2023,17.1,,,World_Bank
Malnutrition (wght-for-age z<-2),Sri Lanka,2022,15.3,,,World_Bank
Malnutrition (wght-for-age z<-2),Sri Lanka,2021,12.2,,,World_Bank
Malnutrition (wght-for-age z<-2),Sri Lanka,2020,13.1,,,World_Bank
Malnutrition (wght-for-age z<-2),Sri Lanka,2019,14.0,,,World_Bank
Malnutrition (wght-for-age z<-2),Sri Lanka,2016,20.5,,,World_Bank
Malnutrition (wght-for-age z<-2),Sri Lanka,2012,26.1,,,World_Bank
Malnutrition (wght-for-age z<-2),Sri Lanka,2009,21.6,,,World_Bank
Malnutrition (wght-for-age z<-2),Sri Lanka,2007,22.1,,,World_Bank
Malnutrition (wght-for-age z<-2),Sri Lanka,2000,22.9,,,World_Bank
Malnutrition (wght-for-age z<-2),Sri Lanka,1995,29.3,,,World_Bank
Malnutrition (wght-for-age z<-2),Sri Lanka,1993,29.1,,,World_Bank
Malnutrition (wght-for-age z<-2),St. Lucia,2012,2.8,,,World_Bank
Malnutrition (wght-for-age z<-2),Sudan,2014,33.0,,,World_Bank
Malnutrition (wght-for-age z<-2),Sudan,2010,29.8,,,World_Bank
Malnutrition (wght-for-age z<-2),Sudan,2006,27.0,,,World_Bank
Malnutrition (wght-for-age z<-2),Suriname,2018,6.7,,,World_Bank
Malnutrition (wght-for-age z<-2),Suriname,2010,5.8,,,World_Bank
Malnutrition (wght-for-age z<-2),Suriname,2006,7.5,,,World_Bank
Malnutrition (wght-for-age z<-2),Suriname,2000,11.1,,,World_Bank
Malnutrition (wght-for-age z<-2),Syrian Arab Republic,2010,10.4,,,World_Bank
Malnutrition (wght-for-age z<-2),Syrian Arab Republic,2006,10.0,,,World_Bank
Malnutrition (wght-for-age z<-2),Syrian Arab Republic,2001,11.5,,,World_Bank
Malnutrition (wght-for-age z<-2),Syrian Arab Republic,2000,6.0,,,World_Bank
Malnutrition (wght-for-age z<-2),Syrian Arab Republic,1995,11.3,,,World_Bank
Malnutrition (wght-for-age z<-2),Syrian Arab Republic,1993,11.5,,,World_Bank
Malnutrition (wght-for-age z<-2),Tajikistan,2023,5.2,,,World_Bank
Malnutrition (wght-for-age z<-2),Tajikistan,2017,7.6,,,World_Bank
Malnutrition (wght-for-age z<-2),Tajikistan,2016,6.4,,,World_Bank
Malnutrition (wght-for-age z<-2),Tajikistan,2012,13.3,,,World_Bank
Malnutrition (wght-for-age z<-2),Tajikistan,2009,8.2,,,World_Bank
Malnutrition (wght-for-age z<-2),Tajikistan,2007,15.1,,,World_Bank
Malnutrition (wght-for-age z<-2),Tajikistan,2005,14.9,,,World_Bank
Malnutrition (wght-for-age z<-2),Tanzania,2022,11.4,,,World_Bank
Malnutrition (wght-for-age z<-2),Tanzania,2021,10.8,,,World_Bank
Malnutrition (wght-for-age z<-2),Tanzania,2018,14.6,,,World_Bank
Malnutrition (wght-for-age z<-2),Tanzania,2015,13.7,,,World_Bank
Malnutrition (wght-for-age z<-2),Tanzania,2014,13.4,,,World_Bank
Malnutrition (wght-for-age z<-2),Tanzania,2013,13.1,,,World_Bank
Malnutrition (wght-for-age z<-2),Tanzania,2011,14.1,,,World_Bank
Malnutrition (wght-for-age z<-2),Tanzania,2010,16.1,,,World_Bank
Malnutrition (wght-for-age z<-2),Tanzania,2009,16.4,,,World_Bank
Malnutrition (wght-for-age z<-2),Tanzania,2004,16.7,,,World_Bank
Malnutrition (wght-for-age z<-2),Tanzania,1999,25.3,,,World_Bank
Malnutrition (wght-for-age z<-2),Tanzania,1996,26.8,,,World_Bank
Malnutrition (wght-for-age z<-2),Tanzania,1991,24.8,,,World_Bank
Malnutrition (wght-for-age z<-2),Thailand,2022,6.7,,,World_Bank
Malnutrition (wght-for-age z<-2),Thailand,2019,7.7,,,World_Bank
Malnutrition (wght-for-age z<-2),Thailand,2016,6.7,,,World_Bank
Malnutrition (wght-for-age z<-2),Thailand,2012,9.2,,,World_Bank
Malnutrition (wght-for-age z<-2),Thailand,2006,7.0,,,World_Bank
Malnutrition (wght-for-age z<-2),Thailand,1995,15.4,,,World_Bank
Malnutrition (wght-for-age z<-2),Thailand,1993,16.3,,,World_Bank
Malnutrition (wght-for-age z<-2),Timor-Leste,2020,31.9,,,World_Bank
Malnutrition (wght-for-age z<-2),Timor-Leste,2014,32.4,,,World_Bank
Malnutrition (wght-for-age z<-2),Timor-Leste,2013,37.5,,,World_Bank
Malnutrition (wght-for-age z<-2),Timor-Leste,2009,44.9,,,World_Bank
Malnutrition (wght-for-age z<-2),Timor-Leste,2007,49.5,,,World_Bank
Malnutrition (wght-for-age z<-2),Timor-Leste,2003,41.5,,,World_Bank
Malnutrition (wght-for-age z<-2),Timor-Leste,2002,40.6,,,World_Bank
Malnutrition (wght-for-age z<-2),Togo,2017,15.2,,,World_Bank
Malnutrition (wght-for-age z<-2),Togo,2014,16.1,,,World_Bank
Malnutrition (wght-for-age z<-2),Togo,2012,16.5,,,World_Bank
Malnutrition (wght-for-age z<-2),Togo,2010,15.1,,,World_Bank
Malnutrition (wght-for-age z<-2),Togo,2009,16.6,,,World_Bank
Malnutrition (wght-for-age z<-2),Togo,2008,20.5,,,World_Bank
Malnutrition (wght-for-age z<-2),Togo,1998,22.8,,,World_Bank
Malnutrition (wght-for-age z<-2),Togo,1996,16.7,,,World_Bank
Malnutrition (wght-for-age z<-2),Tonga,2019,0.8,,,World_Bank
Malnutrition (wght-for-age z<-2),Tonga,2012,1.8,,,World_Bank
Malnutrition (wght-for-age z<-2),Trinidad and Tobago,2011,4.9,,,World_Bank
Malnutrition (wght-for-age z<-2),Trinidad and Tobago,2000,4.3,,,World_Bank
Malnutrition (wght-for-age z<-2),Tunisia,2018,1.6,,,World_Bank
Malnutrition (wght-for-age z<-2),Tunisia,2012,2.3,,,World_Bank
Malnutrition (wght-for-age z<-2),Tunisia,2006,3.3,,,World_Bank
Malnutrition (wght-for-age z<-2),Tunisia,2000,3.5,,,World_Bank
Malnutrition (wght-for-age z<-2),Tunisia,1997,3.3,,,World_Bank
Malnutrition (wght-for-age z<-2),Turkiye,2018,1.5,,,World_Bank
Malnutrition (wght-for-age z<-2),Turkiye,2013,2.3,,,World_Bank
Malnutrition (wght-for-age z<-2),Turkiye,2008,1.9,,,World_Bank
Malnutrition (wght-for-age z<-2),Turkiye,2004,3.5,,,World_Bank
Malnutrition (wght-for-age z<-2),Turkiye,1998,7.0,,,World_Bank
Malnutrition (wght-for-age z<-2),Turkiye,1995,9.0,,,World_Bank
Malnutrition (wght-for-age z<-2),Turkiye,1993,8.7,,,World_Bank
Malnutrition (wght-for-age z<-2),Turkmenistan,2019,3.1,,,World_Bank
Malnutrition (wght-for-age z<-2),Turkmenistan,2015,3.2,,,World_Bank
Malnutrition (wght-for-age z<-2),Turkmenistan,2006,9.2,,,World_Bank
Malnutrition (wght-for-age z<-2),Turkmenistan,2000,11.0,,,World_Bank
Malnutrition (wght-for-age z<-2),Turks and Caicos Islands,2020,0.4,,,World_Bank
Malnutrition (wght-for-age z<-2),Tuvalu,2019,2.9,,,World_Bank
Malnutrition (wght-for-age z<-2),Tuvalu,2007,1.6,,,World_Bank
Malnutrition (wght-for-age z<-2),Uganda,2022,9.7,,,World_Bank
Malnutrition (wght-for-age z<-2),Uganda,2020,7.6,,,World_Bank
Malnutrition (wght-for-age z<-2),Uganda,2018,7.7,,,World_Bank
Malnutrition (wght-for-age z<-2),Uganda,2016,10.4,,,World_Bank
Malnutrition (wght-for-age z<-2),Uganda,2015,8.8,,,World_Bank
Malnutrition (wght-for-age z<-2),Uganda,2014,11.7,,,World_Bank
Malnutrition (wght-for-age z<-2),Uganda,2012,11.9,,,World_Bank
Malnutrition (wght-for-age z<-2),Uganda,2011,14.1,,,World_Bank
Malnutrition (wght-for-age z<-2),Uganda,2009,15.7,,,World_Bank
Malnutrition (wght-for-age z<-2),Uganda,2006,16.3,,,World_Bank
Malnutrition (wght-for-age z<-2),Uganda,2000,19.2,,,World_Bank
Malnutrition (wght-for-age z<-2),Uganda,1995,21.3,,,World_Bank
Malnutrition (wght-for-age z<-2),Ukraine,2000,4.1,,,World_Bank
Malnutrition (wght-for-age z<-2),United Kingdom,2019,0.6,,,World_Bank
Malnutrition (wght-for-age z<-2),United Kingdom,2018,0.6,,,World_Bank
Malnutrition (wght-for-age z<-2),United Kingdom,2017,0.5,,,World_Bank
Malnutrition (wght-for-age z<-2),United Kingdom,2016,0.6,,,World_Bank
Malnutrition (wght-for-age z<-2),United Kingdom,2015,0.6,,,World_Bank
Malnutrition (wght-for-age z<-2),United Kingdom,2014,0.6,,,World_Bank
Malnutrition (wght-for-age z<-2),United Kingdom,2013,0.6,,,World_Bank
Malnutrition (wght-for-age z<-2),United Kingdom,2012,0.6,,,World_Bank
Malnutrition (wght-for-age z<-2),United Kingdom,2011,0.1,,,World_Bank
Malnutrition (wght-for-age z<-2),United Kingdom,2010,0.6,,,World_Bank
Malnutrition (wght-for-age z<-2),United Kingdom,2009,0.6,,,World_Bank
Malnutrition (wght-for-age z<-2),United Kingdom,2008,0.6,,,World_Bank
Malnutrition (wght-for-age z<-2),United Kingdom,2007,0.7,,,World_Bank
Malnutrition (wght-for-age z<-2),United States,2018,0.4,,,World_Bank
Malnutrition (wght-for-age z<-2),United States,2016,1.4,,,World_Bank
Malnutrition (wght-for-age z<-2),United States,2014,0.7,,,World_Bank
Malnutrition (wght-for-age z<-2),United States,2012,0.5,,,World_Bank
Malnutrition (wght-for-age z<-2),United States,2010,1.0,,,World_Bank
Malnutrition (wght-for-age z<-2),United States,2008,0.7,,,World_Bank
Malnutrition (wght-for-age z<-2),United States,2006,0.7,,,World_Bank
Malnutrition (wght-for-age z<-2),United States,2004,1.3,,,World_Bank
Malnutrition (wght-for-age z<-2),United States,2002,0.8,,,World_Bank
Malnutrition (wght-for-age z<-2),United States,2000,1.1,,,World_Bank
Malnutrition (wght-for-age z<-2),United States,1991,0.8,,,World_Bank
Malnutrition (wght-for-age z<-2),Uruguay,2018,1.8,,,World_Bank
Malnutrition (wght-for-age z<-2),Uruguay,2016,3.3,,,World_Bank
Malnutrition (wght-for-age z<-2),Uruguay,2013,1.1,,,World_Bank
Malnutrition (wght-for-age z<-2),Uruguay,2011,3.9,,,World_Bank
Malnutrition (wght-for-age z<-2),Uruguay,2007,3.9,,,World_Bank
Malnutrition (wght-for-age z<-2),Uruguay,2004,6.0,,,World_Bank
Malnutrition (wght-for-age z<-2),Uruguay,2003,5.0,,,World_Bank
Malnutrition (wght-for-age z<-2),Uruguay,2002,5.4,,,World_Bank
Malnutrition (wght-for-age z<-2),Uruguay,1999,4.7,,,World_Bank
Malnutrition (wght-for-age z<-2),Uzbekistan,2021,1.8,,,World_Bank
Malnutrition (wght-for-age z<-2),Uzbekistan,2017,2.9,,,World_Bank
Malnutrition (wght-for-age z<-2),Uzbekistan,2006,4.4,,,World_Bank
Malnutrition (wght-for-age z<-2),Uzbekistan,2002,7.4,,,World_Bank
Malnutrition (wght-for-age z<-2),Uzbekistan,1996,15.4,,,World_Bank
Malnutrition (wght-for-age z<-2),Vanuatu,2013,11.7,,,World_Bank
Malnutrition (wght-for-age z<-2),Vanuatu,2008,11.5,,,World_Bank
Malnutrition (wght-for-age z<-2),Vanuatu,1996,10.6,,,World_Bank
Malnutrition (wght-for-age z<-2),"Venezuela, RB",2009,2.9,,,World_Bank
Malnutrition (wght-for-age z<-2),"Venezuela, RB",2008,3.2,,,World_Bank
Malnutrition (wght-for-age z<-2),"Venezuela, RB",2007,3.7,,,World_Bank
Malnutrition (wght-for-age z<-2),"Venezuela, RB",2006,3.9,,,World_Bank
Malnutrition (wght-for-age z<-2),"Venezuela, RB",2005,4.1,,,World_Bank
Malnutrition (wght-for-age z<-2),"Venezuela, RB",2004,4.5,,,World_Bank
Malnutrition (wght-for-age z<-2),"Venezuela, RB",2003,4.6,,,World_Bank
Malnutrition (wght-for-age z<-2),"Venezuela, RB",2002,4.2,,,World_Bank
Malnutrition (wght-for-age z<-2),"Venezuela, RB",2001,4.0,,,World_Bank
Malnutrition (wght-for-age z<-2),"Venezuela, RB",2000,3.9,,,World_Bank
Malnutrition (wght-for-age z<-2),"Venezuela, RB",1999,4.1,,,World_Bank
Malnutrition (wght-for-age z<-2),"Venezuela, RB",1998,4.6,,,World_Bank
Malnutrition (wght-for-age z<-2),"Venezuela, RB",1997,4.5,,,World_Bank
Malnutrition (wght-for-age z<-2),"Venezuela, RB",1996,4.4,,,World_Bank
Malnutrition (wght-for-age z<-2),"Venezuela, RB",1995,4.1,,,World_Bank
Malnutrition (wght-for-age z<-2),"Venezuela, RB",1994,3.9,,,World_Bank
Malnutrition (wght-for-age z<-2),"Venezuela, RB",1993,4.0,,,World_Bank
Malnutrition (wght-for-age z<-2),"Venezuela, RB",1992,4.5,,,World_Bank
Malnutrition (wght-for-age z<-2),"Venezuela, RB",1991,5.4,,,World_Bank
Malnutrition (wght-for-age z<-2),"Venezuela, RB",1990,6.7,,,World_Bank
Malnutrition (wght-for-age z<-2),Viet Nam,2023,9.7,,,World_Bank
Malnutrition (wght-for-age z<-2),Viet Nam,2022,10.2,,,World_Bank
Malnutrition (wght-for-age z<-2),Viet Nam,2020,11.6,,,World_Bank
Malnutrition (wght-for-age z<-2),Viet Nam,2019,12.2,,,World_Bank
Malnutrition (wght-for-age z<-2),Viet Nam,2018,12.8,,,World_Bank
Malnutrition (wght-for-age z<-2),Viet Nam,2017,13.4,,,World_Bank
Malnutrition (wght-for-age z<-2),Viet Nam,2016,13.8,,,World_Bank
Malnutrition (wght-for-age z<-2),Viet Nam,2015,14.1,,,World_Bank
Malnutrition (wght-for-age z<-2),Viet Nam,2014,14.5,,,World_Bank
Malnutrition (wght-for-age z<-2),Viet Nam,2013,15.3,,,World_Bank
Malnutrition (wght-for-age z<-2),Viet Nam,2012,16.2,,,World_Bank
Malnutrition (wght-for-age z<-2),Viet Nam,2011,16.8,,,World_Bank
Malnutrition (wght-for-age z<-2),Viet Nam,2010,11.7,,,World_Bank
Malnutrition (wght-for-age z<-2),Viet Nam,2009,17.5,,,World_Bank
Malnutrition (wght-for-age z<-2),Viet Nam,2008,20.5,,,World_Bank
Malnutrition (wght-for-age z<-2),Viet Nam,2007,21.6,,,World_Bank
Malnutrition (wght-for-age z<-2),Viet Nam,2006,21.9,,,World_Bank
Malnutrition (wght-for-age z<-2),Viet Nam,2005,22.8,,,World_Bank
Malnutrition (wght-for-age z<-2),Viet Nam,2004,23.6,,,World_Bank
Malnutrition (wght-for-age z<-2),Viet Nam,2003,24.6,,,World_Bank
Malnutrition (wght-for-age z<-2),Viet Nam,2002,23.3,,,World_Bank
Malnutrition (wght-for-age z<-2),Viet Nam,2000,26.6,,,World_Bank
Malnutrition (wght-for-age z<-2),Viet Nam,1999,31.1,,,World_Bank
Malnutrition (wght-for-age z<-2),Viet Nam,1998,35.8,,,World_Bank
Malnutrition (wght-for-age z<-2),Viet Nam,1994,40.6,,,World_Bank
Malnutrition (wght-for-age z<-2),Viet Nam,1993,36.6,,,World_Bank
Malnutrition (wght-for-age z<-2),West Bank and Gaza,2020,2.1,,,World_Bank
Malnutrition (wght-for-age z<-2),West Bank and Gaza,2014,1.4,,,World_Bank
Malnutrition (wght-for-age z<-2),West Bank and Gaza,2010,3.7,,,World_Bank
Malnutrition (wght-for-age z<-2),West Bank and Gaza,2006,2.6,,,World_Bank
Malnutrition (wght-for-age z<-2),West Bank and Gaza,2004,3.3,,,World_Bank
Malnutrition (wght-for-age z<-2),West Bank and Gaza,2002,2.4,,,World_Bank
Malnutrition (wght-for-age z<-2),West Bank and Gaza,2000,2.2,,,World_Bank
Malnutrition (wght-for-age z<-2),West Bank and Gaza,1996,2.5,,,World_Bank
Malnutrition (wght-for-age z<-2),"Yemen, Rep.",2022,40.7,,,World_Bank
Malnutrition (wght-for-age z<-2),"Yemen, Rep.",2021,31.6,,,World_Bank
Malnutrition (wght-for-age z<-2),"Yemen, Rep.",2013,39.9,,,World_Bank
Malnutrition (wght-for-age z<-2),"Yemen, Rep.",2011,35.5,,,World_Bank
Malnutrition (wght-for-age z<-2),"Yemen, Rep.",2005,36.7,,,World_Bank
Malnutrition (wght-for-age z<-2),"Yemen, Rep.",2003,45.3,,,World_Bank
Malnutrition (wght-for-age z<-2),"Yemen, Rep.",1997,43.0,,,World_Bank
Malnutrition (wght-for-age z<-2),"Yemen, Rep.",1996,34.2,,,World_Bank
Malnutrition (wght-for-age z<-2),"Yemen, Rep.",1991,29.9,,,World_Bank
Malnutrition (wght-for-age z<-2),Zambia,2018,11.8,,,World_Bank
Malnutrition (wght-for-age z<-2),Zambia,2013,14.9,,,World_Bank
Malnutrition (wght-for-age z<-2),Zambia,2007,14.9,,,World_Bank
Malnutrition (wght-for-age z<-2),Zambia,2002,23.2,,,World_Bank
Malnutrition (wght-for-age z<-2),Zambia,1999,18.9,,,World_Bank
Malnutrition (wght-for-age z<-2),Zambia,1996,19.6,,,World_Bank
Malnutrition (wght-for-age z<-2),Zambia,1992,21.2,,,World_Bank
Malnutrition (wght-for-age z<-2),Zimbabwe,2024,9.6,,,World_Bank
Malnutrition (wght-for-age z<-2),Zimbabwe,2019,9.7,,,World_Bank
Malnutrition (wght-for-age z<-2),Zimbabwe,2015,8.5,,,World_Bank
Malnutrition (wght-for-age z<-2),Zimbabwe,2014,11.2,,,World_Bank
Malnutrition (wght-for-age z<-2),Zimbabwe,2012,11.1,,,World_Bank
Malnutrition (wght-for-age z<-2),Zimbabwe,2010,10.2,,,World_Bank
Malnutrition (wght-for-age z<-2),Zimbabwe,2009,11.7,,,World_Bank
Malnutrition (wght-for-age z<-2),Zimbabwe,2005,14.0,,,World_Bank
Malnutrition (wght-for-age z<-2),Zimbabwe,1999,11.5,,,World_Bank
Malnutrition (wght-for-age z<-2),Zimbabwe,1994,11.8,,,World_Bank
Low birth weight (=<2500 g),Africa Eastern and Southern,2002,14.2828676525461,,,World_Bank
Low birth weight (=<2500 g),Africa Eastern and Southern,2001,14.3716996328049,,,World_Bank
Low birth weight (=<2500 g),Africa Eastern and Southern,2000,14.4539519910552,,,World_Bank
Low birth weight (=<2500 g),Caribbean small states,2020,15.9089113147263,,,World_Bank
Low birth weight (=<2500 g),Caribbean small states,2019,15.8846398569679,,,World_Bank
Low birth weight (=<2500 g),Caribbean small states,2018,15.7983872911716,,,World_Bank
Low birth weight (=<2500 g),Caribbean small states,2017,15.7769095436334,,,World_Bank
Low birth weight (=<2500 g),Caribbean small states,2016,15.7507554348917,,,World_Bank
Low birth weight (=<2500 g),Caribbean small states,2015,15.7087221740334,,,World_Bank
Low birth weight (=<2500 g),Caribbean small states,2014,15.6546155241993,,,World_Bank
Low birth weight (=<2500 g),Caribbean small states,2013,15.5960963680177,,,World_Bank
Low birth weight (=<2500 g),Caribbean small states,2012,15.5340734805153,,,World_Bank
Low birth weight (=<2500 g),Caribbean small states,2011,15.4709652835687,,,World_Bank
Low birth weight (=<2500 g),Caribbean small states,2010,15.4072956452528,,,World_Bank
Low birth weight (=<2500 g),Caribbean small states,2009,15.3191725820232,,,World_Bank
Low birth weight (=<2500 g),Caribbean small states,2008,15.2321383019125,,,World_Bank
Low birth weight (=<2500 g),Caribbean small states,2007,15.1453865881842,,,World_Bank
Low birth weight (=<2500 g),Caribbean small states,2006,15.0601685625286,,,World_Bank
Low birth weight (=<2500 g),Caribbean small states,2005,14.9767453368957,,,World_Bank
Low birth weight (=<2500 g),Caribbean small states,2004,14.9219605051564,,,World_Bank
Low birth weight (=<2500 g),Caribbean small states,2003,14.8710905809187,,,World_Bank
Low birth weight (=<2500 g),Caribbean small states,2002,14.8262995792897,,,World_Bank
Low birth weight (=<2500 g),Caribbean small states,2001,14.78986690205,,,World_Bank
Low birth weight (=<2500 g),Caribbean small states,2000,14.7582460693161,,,World_Bank
Low birth weight (=<2500 g),Central Europe and the Baltics,2020,7.13089669087431,,,World_Bank
Low birth weight (=<2500 g),Central Europe and the Baltics,2019,7.12655375960517,,,World_Bank
Low birth weight (=<2500 g),Central Europe and the Baltics,2018,7.13657923587328,,,World_Bank
Low birth weight (=<2500 g),Central Europe and the Baltics,2017,7.16193168562091,,,World_Bank
Low birth weight (=<2500 g),Central Europe and the Baltics,2016,7.19867092590176,,,World_Bank
Low birth weight (=<2500 g),Central Europe and the Baltics,2015,7.23833021608612,,,World_Bank
Low birth weight (=<2500 g),Central Europe and the Baltics,2014,7.2430936974086,,,World_Bank
Low birth weight (=<2500 g),Central Europe and the Baltics,2013,7.23015531849211,,,World_Bank
Low birth weight (=<2500 g),Central Europe and the Baltics,2012,7.23918338853858,,,World_Bank
Low birth weight (=<2500 g),Central Europe and the Baltics,2011,7.22113963205052,,,World_Bank
Low birth weight (=<2500 g),Central Europe and the Baltics,2010,7.22779457922127,,,World_Bank
Low birth weight (=<2500 g),Central Europe and the Baltics,2009,7.25578922906933,,,World_Bank
Low birth weight (=<2500 g),Central Europe and the Baltics,2008,7.24817280209227,,,World_Bank
Low birth weight (=<2500 g),Central Europe and the Baltics,2007,7.2866116248431,,,World_Bank
Low birth weight (=<2500 g),Central Europe and the Baltics,2006,7.35301929391372,,,World_Bank
Low birth weight (=<2500 g),Central Europe and the Baltics,2005,7.39947337225819,,,World_Bank
Low birth weight (=<2500 g),Central Europe and the Baltics,2004,7.43790978744632,,,World_Bank
Low birth weight (=<2500 g),Central Europe and the Baltics,2003,7.45859286944469,,,World_Bank
Low birth weight (=<2500 g),Central Europe and the Baltics,2002,7.48200905043693,,,World_Bank
Low birth weight (=<2500 g),Central Europe and the Baltics,2001,7.52289213003022,,,World_Bank
Low birth weight (=<2500 g),Central Europe and the Baltics,2000,7.55674301328345,,,World_Bank
Low birth weight (=<2500 g),Early-demographic dividend,2020,20.3002350670101,,,World_Bank
Low birth weight (=<2500 g),Early-demographic dividend,2019,20.4435411103325,,,World_Bank
Low birth weight (=<2500 g),Early-demographic dividend,2018,20.6080089865959,,,World_Bank
Low birth weight (=<2500 g),Early-demographic dividend,2017,20.7045368505309,,,World_Bank
Low birth weight (=<2500 g),Early-demographic dividend,2016,20.9349453106562,,,World_Bank
Low birth weight (=<2500 g),Early-demographic dividend,2015,21.0589222875885,,,World_Bank
Low birth weight (=<2500 g),Early-demographic dividend,2014,21.1853963415365,,,World_Bank
Low birth weight (=<2500 g),Early-demographic dividend,2013,21.5009869296993,,,World_Bank
Low birth weight (=<2500 g),Early-demographic dividend,2012,21.7136999907353,,,World_Bank
Low birth weight (=<2500 g),Early-demographic dividend,2011,21.927693013948,,,World_Bank
Low birth weight (=<2500 g),Early-demographic dividend,2010,22.1565461278137,,,World_Bank
Low birth weight (=<2500 g),Early-demographic dividend,2009,22.3829639701351,,,World_Bank
Low birth weight (=<2500 g),Early-demographic dividend,2008,22.5508320975831,,,World_Bank
Low birth weight (=<2500 g),Early-demographic dividend,2007,22.7603122084209,,,World_Bank
Low birth weight (=<2500 g),Early-demographic dividend,2006,23.0213692295914,,,World_Bank
Low birth weight (=<2500 g),Early-demographic dividend,2005,23.286723177027,,,World_Bank
Low birth weight (=<2500 g),Early-demographic dividend,2004,23.5602470208269,,,World_Bank
Low birth weight (=<2500 g),Early-demographic dividend,2003,23.7785241799605,,,World_Bank
Low birth weight (=<2500 g),Early-demographic dividend,2002,23.9634866067444,,,World_Bank
Low birth weight (=<2500 g),Early-demographic dividend,2001,24.0998520910259,,,World_Bank
Low birth weight (=<2500 g),Early-demographic dividend,2000,24.168162261693,,,World_Bank
Low birth weight (=<2500 g),East Asia & Pacific,2020,8.46757459813663,,,World_Bank
Low birth weight (=<2500 g),East Asia & Pacific,2019,8.18726774707421,,,World_Bank
Low birth weight (=<2500 g),East Asia & Pacific,2018,8.20201913568323,,,World_Bank
Low birth weight (=<2500 g),East Asia & Pacific,2017,8.02431996783693,,,World_Bank
Low birth weight (=<2500 g),East Asia & Pacific,2016,7.99912747706774,,,World_Bank
Low birth weight (=<2500 g),East Asia & Pacific,2015,8.30866873406117,,,World_Bank
Low birth weight (=<2500 g),East Asia & Pacific,2014,8.11629705762788,,,World_Bank
Low birth weight (=<2500 g),East Asia & Pacific,2013,8.31121794800662,,,World_Bank
Low birth weight (=<2500 g),East Asia & Pacific,2012,8.17316828939713,,,World_Bank
Low birth weight (=<2500 g),East Asia & Pacific,2011,8.39574424288003,,,World_Bank
Low birth weight (=<2500 g),East Asia & Pacific,2010,8.62492363426069,,,World_Bank
Low birth weight (=<2500 g),East Asia & Pacific,2009,8.65055763051039,,,World_Bank
Low birth weight (=<2500 g),East Asia & Pacific,2008,8.64767179939052,,,World_Bank
Low birth weight (=<2500 g),East Asia & Pacific,2007,8.67518247160342,,,World_Bank
Low birth weight (=<2500 g),East Asia & Pacific,2006,8.72945028103035,,,World_Bank
Low birth weight (=<2500 g),East Asia & Pacific,2005,8.70925286616343,,,World_Bank
Low birth weight (=<2500 g),East Asia & Pacific,2004,8.77839916527201,,,World_Bank
Low birth weight (=<2500 g),East Asia & Pacific,2003,8.81367099350764,,,World_Bank
Low birth weight (=<2500 g),East Asia & Pacific,2002,8.80363160228961,,,World_Bank
Low birth weight (=<2500 g),East Asia & Pacific,2001,8.77485829379412,,,World_Bank
Low birth weight (=<2500 g),East Asia & Pacific,2000,8.70997159625375,,,World_Bank
Low birth weight (=<2500 g),East Asia & Pacific (excluding high income),2020,8.39796338120344,,,World_Bank
Low birth weight (=<2500 g),East Asia & Pacific (excluding high income),2019,8.11081921205874,,,World_Bank
Low birth weight (=<2500 g),East Asia & Pacific (excluding high income),2018,8.12800540362522,,,World_Bank
Low birth weight (=<2500 g),East Asia & Pacific (excluding high income),2017,7.94830487354798,,,World_Bank
Low birth weight (=<2500 g),East Asia & Pacific (excluding high income),2016,7.92732140489458,,,World_Bank
Low birth weight (=<2500 g),East Asia & Pacific (excluding high income),2015,8.25397829466938,,,World_Bank
Low birth weight (=<2500 g),East Asia & Pacific (excluding high income),2014,8.05692630997285,,,World_Bank
Low birth weight (=<2500 g),East Asia & Pacific (excluding high income),2013,8.26210080503796,,,World_Bank
Low birth weight (=<2500 g),East Asia & Pacific (excluding high income),2012,8.12428042063831,,,World_Bank
Low birth weight (=<2500 g),East Asia & Pacific (excluding high income),2011,8.35839014930539,,,World_Bank
Low birth weight (=<2500 g),East Asia & Pacific (excluding high income),2010,8.60095551709398,,,World_Bank
Low birth weight (=<2500 g),East Asia & Pacific (excluding high income),2009,8.62843049029912,,,World_Bank
Low birth weight (=<2500 g),East Asia & Pacific (excluding high income),2008,8.62738804222313,,,World_Bank
Low birth weight (=<2500 g),East Asia & Pacific (excluding high income),2007,8.66306551013484,,,World_Bank
Low birth weight (=<2500 g),East Asia & Pacific (excluding high income),2006,8.71347025109122,,,World_Bank
Low birth weight (=<2500 g),East Asia & Pacific (excluding high income),2005,8.69416639625532,,,World_Bank
Low birth weight (=<2500 g),East Asia & Pacific (excluding high income),2004,8.76729735814366,,,World_Bank
Low birth weight (=<2500 g),East Asia & Pacific (excluding high income),2003,8.80643270385765,,,World_Bank
Low birth weight (=<2500 g),East Asia & Pacific (excluding high income),2002,8.79293259082001,,,World_Bank
Low birth weight (=<2500 g),East Asia & Pacific (excluding high income),2001,8.77013110705023,,,World_Bank
Low birth weight (=<2500 g),East Asia & Pacific (excluding high income),2000,8.7105267071908,,,World_Bank
Low birth weight (=<2500 g),East Asia & Pacific (IDA & IBRD countries),2020,8.39800954025458,,,World_Bank
Low birth weight (=<2500 g),East Asia & Pacific (IDA & IBRD countries),2019,8.11086376917148,,,World_Bank
Low birth weight (=<2500 g),East Asia & Pacific (IDA & IBRD countries),2018,8.12804888127704,,,World_Bank
Low birth weight (=<2500 g),East Asia & Pacific (IDA & IBRD countries),2017,7.94834726034826,,,World_Bank
Low birth weight (=<2500 g),East Asia & Pacific (IDA & IBRD countries),2016,7.9273629751239,,,World_Bank
Low birth weight (=<2500 g),East Asia & Pacific (IDA & IBRD countries),2015,8.25401983236039,,,World_Bank
Low birth weight (=<2500 g),East Asia & Pacific (IDA & IBRD countries),2014,8.05696852101549,,,World_Bank
Low birth weight (=<2500 g),East Asia & Pacific (IDA & IBRD countries),2013,8.2621451981065,,,World_Bank
Low birth weight (=<2500 g),East Asia & Pacific (IDA & IBRD countries),2012,8.12432328377606,,,World_Bank
Low birth weight (=<2500 g),East Asia & Pacific (IDA & IBRD countries),2011,8.35843403368291,,,World_Bank
Low birth weight (=<2500 g),East Asia & Pacific (IDA & IBRD countries),2010,8.60100091998439,,,World_Bank
Low birth weight (=<2500 g),East Asia & Pacific (IDA & IBRD countries),2009,8.62847643602791,,,World_Bank
Low birth weight (=<2500 g),East Asia & Pacific (IDA & IBRD countries),2008,8.62743447420681,,,World_Bank
Low birth weight (=<2500 g),East Asia & Pacific (IDA & IBRD countries),2007,8.66311272261221,,,World_Bank
Low birth weight (=<2500 g),East Asia & Pacific (IDA & IBRD countries),2006,8.71351799828097,,,World_Bank
Low birth weight (=<2500 g),East Asia & Pacific (IDA & IBRD countries),2005,8.69421475235925,,,World_Bank
Low birth weight (=<2500 g),East Asia & Pacific (IDA & IBRD countries),2004,8.76734546207769,,,World_Bank
Low birth weight (=<2500 g),East Asia & Pacific (IDA & IBRD countries),2003,8.80648041598425,,,World_Bank
Low birth weight (=<2500 g),East Asia & Pacific (IDA & IBRD countries),2002,8.79297926287296,,,World_Bank
Low birth weight (=<2500 g),East Asia & Pacific (IDA & IBRD countries),2001,8.77017607284807,,,World_Bank
Low birth weight (=<2500 g),East Asia & Pacific (IDA & IBRD countries),2000,8.71056978291385,,,World_Bank
Low birth weight (=<2500 g),Euro area,2020,7.29619767581931,,,World_Bank
Low birth weight (=<2500 g),Euro area,2019,7.30635668950877,,,World_Bank
Low birth weight (=<2500 g),Euro area,2018,7.31877353074375,,,World_Bank
Low birth weight (=<2500 g),Euro area,2017,7.3401868092967,,,World_Bank
Low birth weight (=<2500 g),Euro area,2016,7.36215740293032,,,World_Bank
Low birth weight (=<2500 g),Euro area,2015,7.38669848344452,,,World_Bank
Low birth weight (=<2500 g),Euro area,2014,7.3970375685023,,,World_Bank
Low birth weight (=<2500 g),Euro area,2013,7.39778123735536,,,World_Bank
Low birth weight (=<2500 g),Euro area,2012,7.40457263162689,,,World_Bank
Low birth weight (=<2500 g),Euro area,2011,7.39982429632568,,,World_Bank
Low birth weight (=<2500 g),Euro area,2010,7.37851054546717,,,World_Bank
Low birth weight (=<2500 g),Euro area,2009,7.3521570706944,,,World_Bank
Low birth weight (=<2500 g),Euro area,2008,7.33569773095552,,,World_Bank
Low birth weight (=<2500 g),Euro area,2007,7.2984425569389,,,World_Bank
Low birth weight (=<2500 g),Euro area,2006,7.28194337443941,,,World_Bank
Low birth weight (=<2500 g),Euro area,2005,7.25948189289886,,,World_Bank
Low birth weight (=<2500 g),Euro area,2004,7.23956677747613,,,World_Bank
Low birth weight (=<2500 g),Euro area,2003,7.22400925596839,,,World_Bank
Low birth weight (=<2500 g),Euro area,2002,7.20360761771897,,,World_Bank
Low birth weight (=<2500 g),Euro area,2001,7.18149516595763,,,World_Bank
Low birth weight (=<2500 g),Euro area,2000,7.15845731106844,,,World_Bank
Low birth weight (=<2500 g),Europe & Central Asia,2020,7.53269581707075,,,World_Bank
Low birth weight (=<2500 g),Europe & Central Asia,2019,7.59591937266013,,,World_Bank
Low birth weight (=<2500 g),Europe & Central Asia,2018,7.66486200926737,,,World_Bank
Low birth weight (=<2500 g),Europe & Central Asia,2017,7.7183360007055,,,World_Bank
Low birth weight (=<2500 g),Europe & Central Asia,2016,7.73850395404901,,,World_Bank
Low birth weight (=<2500 g),Europe & Central Asia,2015,7.78188820706911,,,World_Bank
Low birth weight (=<2500 g),Europe & Central Asia,2014,7.81876815776115,,,World_Bank
Low birth weight (=<2500 g),Europe & Central Asia,2013,7.82339829166203,,,World_Bank
Low birth weight (=<2500 g),Europe & Central Asia,2012,7.84991695406481,,,World_Bank
Low birth weight (=<2500 g),Europe & Central Asia,2011,7.86338722972879,,,World_Bank
Low birth weight (=<2500 g),Europe & Central Asia,2010,7.87278939612573,,,World_Bank
Low birth weight (=<2500 g),Europe & Central Asia,2009,7.89186868986716,,,World_Bank
Low birth weight (=<2500 g),Europe & Central Asia,2008,7.92544774033061,,,World_Bank
Low birth weight (=<2500 g),Europe & Central Asia,2007,7.97271572607222,,,World_Bank
Low birth weight (=<2500 g),Europe & Central Asia,2006,8.04339493627074,,,World_Bank
Low birth weight (=<2500 g),Europe & Central Asia,2005,8.09503765082593,,,World_Bank
Low birth weight (=<2500 g),Europe & Central Asia,2004,8.12364363401675,,,World_Bank
Low birth weight (=<2500 g),Europe & Central Asia,2003,8.16796257674108,,,World_Bank
Low birth weight (=<2500 g),Europe & Central Asia,2002,8.23528056989964,,,World_Bank
Low birth weight (=<2500 g),Europe & Central Asia,2001,8.31351034332664,,,World_Bank
Low birth weight (=<2500 g),Europe & Central Asia,2000,8.35054290586319,,,World_Bank
Low birth weight (=<2500 g),Europe & Central Asia (excluding high income),2020,8.19297509585236,,,World_Bank
Low birth weight (=<2500 g),Europe & Central Asia (excluding high income),2019,8.35101959541391,,,World_Bank
Low birth weight (=<2500 g),Europe & Central Asia (excluding high income),2018,8.52375819965111,,,World_Bank
Low birth weight (=<2500 g),Europe & Central Asia (excluding high income),2017,8.64728552879053,,,World_Bank
Low birth weight (=<2500 g),Europe & Central Asia (excluding high income),2016,8.66785629392424,,,World_Bank
Low birth weight (=<2500 g),Europe & Central Asia (excluding high income),2015,8.73377901773964,,,World_Bank
Low birth weight (=<2500 g),Europe & Central Asia (excluding high income),2014,8.81443519671706,,,World_Bank
Low birth weight (=<2500 g),Europe & Central Asia (excluding high income),2013,8.84237157917338,,,World_Bank
Low birth weight (=<2500 g),Europe & Central Asia (excluding high income),2012,8.93913610669304,,,World_Bank
Low birth weight (=<2500 g),Europe & Central Asia (excluding high income),2011,8.99791273153196,,,World_Bank
Low birth weight (=<2500 g),Europe & Central Asia (excluding high income),2010,9.0625549957761,,,World_Bank
Low birth weight (=<2500 g),Europe & Central Asia (excluding high income),2009,9.11855803624934,,,World_Bank
Low birth weight (=<2500 g),Europe & Central Asia (excluding high income),2008,9.23587498487158,,,World_Bank
Low birth weight (=<2500 g),Europe & Central Asia (excluding high income),2007,9.38088675735458,,,World_Bank
Low birth weight (=<2500 g),Europe & Central Asia (excluding high income),2006,9.56016584384004,,,World_Bank
Low birth weight (=<2500 g),Europe & Central Asia (excluding high income),2005,9.70643983117407,,,World_Bank
Low birth weight (=<2500 g),Europe & Central Asia (excluding high income),2004,9.78842502118063,,,World_Bank
Low birth weight (=<2500 g),Europe & Central Asia (excluding high income),2003,9.91245447403127,,,World_Bank
Low birth weight (=<2500 g),Europe & Central Asia (excluding high income),2002,10.0702253834657,,,World_Bank
Low birth weight (=<2500 g),Europe & Central Asia (excluding high income),2001,10.2373826987866,,,World_Bank
Low birth weight (=<2500 g),Europe & Central Asia (excluding high income),2000,10.3156939651864,,,World_Bank
Low birth weight (=<2500 g),Europe & Central Asia (IDA & IBRD countries),2020,7.8476075407307,,,World_Bank
Low birth weight (=<2500 g),Europe & Central Asia (IDA & IBRD countries),2019,7.94799430482754,,,World_Bank
Low birth weight (=<2500 g),Europe & Central Asia (IDA & IBRD countries),2018,8.05113051948556,,,World_Bank
Low birth weight (=<2500 g),Europe & Central Asia (IDA & IBRD countries),2017,8.12375865435247,,,World_Bank
Low birth weight (=<2500 g),Europe & Central Asia (IDA & IBRD countries),2016,8.13221993605024,,,World_Bank
Low birth weight (=<2500 g),Europe & Central Asia (IDA & IBRD countries),2015,8.17791838608042,,,World_Bank
Low birth weight (=<2500 g),Europe & Central Asia (IDA & IBRD countries),2014,8.22778070109313,,,World_Bank
Low birth weight (=<2500 g),Europe & Central Asia (IDA & IBRD countries),2013,8.23530705877671,,,World_Bank
Low birth weight (=<2500 g),Europe & Central Asia (IDA & IBRD countries),2012,8.28336910896583,,,World_Bank
Low birth weight (=<2500 g),Europe & Central Asia (IDA & IBRD countries),2011,8.32241695124345,,,World_Bank
Low birth weight (=<2500 g),Europe & Central Asia (IDA & IBRD countries),2010,8.35711123140713,,,World_Bank
Low birth weight (=<2500 g),Europe & Central Asia (IDA & IBRD countries),2009,8.39866402851172,,,World_Bank
Low birth weight (=<2500 g),Europe & Central Asia (IDA & IBRD countries),2008,8.47605972187823,,,World_Bank
Low birth weight (=<2500 g),Europe & Central Asia (IDA & IBRD countries),2007,8.58872006643525,,,World_Bank
Low birth weight (=<2500 g),Europe & Central Asia (IDA & IBRD countries),2006,8.74138859240238,,,World_Bank
Low birth weight (=<2500 g),Europe & Central Asia (IDA & IBRD countries),2005,8.8422166062663,,,World_Bank
Low birth weight (=<2500 g),Europe & Central Asia (IDA & IBRD countries),2004,8.90316460263259,,,World_Bank
Low birth weight (=<2500 g),Europe & Central Asia (IDA & IBRD countries),2003,8.99365442266589,,,World_Bank
Low birth weight (=<2500 g),Europe & Central Asia (IDA & IBRD countries),2002,9.12438016844421,,,World_Bank
Low birth weight (=<2500 g),Europe & Central Asia (IDA & IBRD countries),2001,9.28057212761925,,,World_Bank
Low birth weight (=<2500 g),Europe & Central Asia (IDA & IBRD countries),2000,9.36553308379781,,,World_Bank
Low birth weight (=<2500 g),European Union,2020,7.18797299084741,,,World_Bank
Low birth weight (=<2500 g),European Union,2019,7.19748773156337,,,World_Bank
Low birth weight (=<2500 g),European Union,2018,7.21160709460873,,,World_Bank
Low birth weight (=<2500 g),European Union,2017,7.23754045773985,,,World_Bank
Low birth weight (=<2500 g),European Union,2016,7.26740849201045,,,World_Bank
Low birth weight (=<2500 g),European Union,2015,7.29993961959393,,,World_Bank
Low birth weight (=<2500 g),European Union,2014,7.31110221991704,,,World_Bank
Low birth weight (=<2500 g),European Union,2013,7.31103512987645,,,World_Bank
Low birth weight (=<2500 g),European Union,2012,7.32133344172138,,,World_Bank
Low birth weight (=<2500 g),European Union,2011,7.31598559602259,,,World_Bank
Low birth weight (=<2500 g),European Union,2010,7.30040533857168,,,World_Bank
Low birth weight (=<2500 g),European Union,2009,7.29354007749806,,,World_Bank
Low birth weight (=<2500 g),European Union,2008,7.28232186162637,,,World_Bank
Low birth weight (=<2500 g),European Union,2007,7.26247670021868,,,World_Bank
Low birth weight (=<2500 g),European Union,2006,7.26362703083049,,,World_Bank
Low birth weight (=<2500 g),European Union,2005,7.26008353951706,,,World_Bank
Low birth weight (=<2500 g),European Union,2004,7.25095338906511,,,World_Bank
Low birth weight (=<2500 g),European Union,2003,7.24322427855433,,,World_Bank
Low birth weight (=<2500 g),European Union,2002,7.23588177658524,,,World_Bank
Low birth weight (=<2500 g),European Union,2001,7.2331428875896,,,World_Bank
Low birth weight (=<2500 g),European Union,2000,7.23083444159983,,,World_Bank
Low birth weight (=<2500 g),High income,2020,7.94225919700021,,,World_Bank
Low birth weight (=<2500 g),High income,2019,7.92741431211295,,,World_Bank
Low birth weight (=<2500 g),High income,2018,7.91971023108665,,,World_Bank
Low birth weight (=<2500 g),High income,2017,7.91656635254095,,,World_Bank
Low birth weight (=<2500 g),High income,2016,7.90424625881612,,,World_Bank
Low birth weight (=<2500 g),High income,2015,7.90588672518859,,,World_Bank
Low birth weight (=<2500 g),High income,2014,7.89605678163781,,,World_Bank
Low birth weight (=<2500 g),High income,2013,7.88863184398278,,,World_Bank
Low birth weight (=<2500 g),High income,2012,7.86429291447598,,,World_Bank
Low birth weight (=<2500 g),High income,2011,7.85173789913776,,,World_Bank
Low birth weight (=<2500 g),High income,2010,7.83263926902071,,,World_Bank
Low birth weight (=<2500 g),High income,2009,7.81869747820144,,,World_Bank
Low birth weight (=<2500 g),High income,2008,7.79613044192902,,,World_Bank
Low birth weight (=<2500 g),High income,2007,7.77809807383103,,,World_Bank
Low birth weight (=<2500 g),High income,2006,7.78859249474074,,,World_Bank
Low birth weight (=<2500 g),High income,2005,7.78055649479406,,,World_Bank
Low birth weight (=<2500 g),High income,2004,7.78367526341264,,,World_Bank
Low birth weight (=<2500 g),High income,2003,7.7825041854952,,,World_Bank
Low birth weight (=<2500 g),High income,2002,7.78881767171328,,,World_Bank
Low birth weight (=<2500 g),High income,2001,7.77244601398693,,,World_Bank
Low birth weight (=<2500 g),High income,2000,7.75381220003768,,,World_Bank
Low birth weight (=<2500 g),IBRD only,2020,15.8275431842824,,,World_Bank
Low birth weight (=<2500 g),IBRD only,2019,15.5382065146581,,,World_Bank
Low birth weight (=<2500 g),IBRD only,2018,15.5834437508742,,,World_Bank
Low birth weight (=<2500 g),IBRD only,2017,15.2612910338864,,,World_Bank
Low birth weight (=<2500 g),IBRD only,2016,15.2924858878154,,,World_Bank
Low birth weight (=<2500 g),IBRD only,2015,15.6843954534735,,,World_Bank
Low birth weight (=<2500 g),IBRD only,2014,15.4187339086964,,,World_Bank
Low birth weight (=<2500 g),IBRD only,2013,15.8861146230299,,,World_Bank
Low birth weight (=<2500 g),IBRD only,2012,15.7884402382455,,,World_Bank
Low birth weight (=<2500 g),IBRD only,2011,16.2327130425101,,,World_Bank
Low birth weight (=<2500 g),IBRD only,2010,16.6912871029159,,,World_Bank
Low birth weight (=<2500 g),IBRD only,2009,16.8733724755105,,,World_Bank
Low birth weight (=<2500 g),IBRD only,2008,16.9702624604784,,,World_Bank
Low birth weight (=<2500 g),IBRD only,2007,17.161274644824,,,World_Bank
Low birth weight (=<2500 g),IBRD only,2006,17.4015717003557,,,World_Bank
Low birth weight (=<2500 g),IBRD only,2005,17.5703343953001,,,World_Bank
Low birth weight (=<2500 g),IBRD only,2004,17.8308202511718,,,World_Bank
Low birth weight (=<2500 g),IBRD only,2003,18.0077887946599,,,World_Bank
Low birth weight (=<2500 g),IBRD only,2002,18.1086219242464,,,World_Bank
Low birth weight (=<2500 g),IBRD only,2001,18.1461367637321,,,World_Bank
Low birth weight (=<2500 g),IBRD only,2000,18.0638775882322,,,World_Bank
Low birth weight (=<2500 g),IDA & IBRD total,2020,15.3935982177436,,,World_Bank
Low birth weight (=<2500 g),IDA & IBRD total,2019,15.2277836805106,,,World_Bank
Low birth weight (=<2500 g),IDA & IBRD total,2018,15.2975493511412,,,World_Bank
Low birth weight (=<2500 g),IDA & IBRD total,2017,15.1033026693701,,,World_Bank
Low birth weight (=<2500 g),IDA & IBRD total,2016,15.1653307426662,,,World_Bank
Low birth weight (=<2500 g),IDA & IBRD total,2015,15.4843080900309,,,World_Bank
Low birth weight (=<2500 g),IDA & IBRD total,2014,15.3172975642388,,,World_Bank
Low birth weight (=<2500 g),IDA & IBRD total,2013,15.7032521643049,,,World_Bank
Low birth weight (=<2500 g),IDA & IBRD total,2012,15.6627279210317,,,World_Bank
Low birth weight (=<2500 g),IDA & IBRD total,2011,16.0271147384712,,,World_Bank
Low birth weight (=<2500 g),IDA & IBRD total,2010,16.4025257273452,,,World_Bank
Low birth weight (=<2500 g),IDA & IBRD total,2009,16.5775320421581,,,World_Bank
Low birth weight (=<2500 g),IDA & IBRD total,2008,16.688954732412,,,World_Bank
Low birth weight (=<2500 g),IDA & IBRD total,2007,16.8742967864556,,,World_Bank
Low birth weight (=<2500 g),IDA & IBRD total,2006,17.099704710812,,,World_Bank
Low birth weight (=<2500 g),IDA & IBRD total,2005,17.2722650344586,,,World_Bank
Low birth weight (=<2500 g),IDA & IBRD total,2004,17.5121833645666,,,World_Bank
Low birth weight (=<2500 g),IDA & IBRD total,2003,17.6844211087387,,,World_Bank
Low birth weight (=<2500 g),IDA & IBRD total,2002,17.7936823035976,,,World_Bank
Low birth weight (=<2500 g),IDA & IBRD total,2001,17.8515930885067,,,World_Bank
Low birth weight (=<2500 g),IDA & IBRD total,2000,17.8090013848912,,,World_Bank
Low birth weight (=<2500 g),IDA only,2001,17.6729771273843,,,World_Bank
Low birth weight (=<2500 g),IDA only,2000,17.7661347973179,,,World_Bank
Low birth weight (=<2500 g),Late-demographic dividend,2020,6.93542542249419,,,World_Bank
Low birth weight (=<2500 g),Late-demographic dividend,2019,6.76502724312071,,,World_Bank
Low birth weight (=<2500 g),Late-demographic dividend,2018,6.75405301607773,,,World_Bank
Low birth weight (=<2500 g),Late-demographic dividend,2017,6.63991114348864,,,World_Bank
Low birth weight (=<2500 g),Late-demographic dividend,2016,6.61097114145217,,,World_Bank
Low birth weight (=<2500 g),Late-demographic dividend,2015,6.78142908145055,,,World_Bank
Low birth weight (=<2500 g),Late-demographic dividend,2014,6.67600268869825,,,World_Bank
Low birth weight (=<2500 g),Late-demographic dividend,2013,6.7641650876821,,,World_Bank
Low birth weight (=<2500 g),Late-demographic dividend,2012,6.6961383949704,,,World_Bank
Low birth weight (=<2500 g),Late-demographic dividend,2011,6.81693759337806,,,World_Bank
Low birth weight (=<2500 g),Late-demographic dividend,2010,6.95616997500263,,,World_Bank
Low birth weight (=<2500 g),Late-demographic dividend,2009,6.99302818812015,,,World_Bank
Low birth weight (=<2500 g),Late-demographic dividend,2008,7.01842393355354,,,World_Bank
Low birth weight (=<2500 g),Late-demographic dividend,2007,7.07272434746612,,,World_Bank
Low birth weight (=<2500 g),Late-demographic dividend,2006,7.12726183327614,,,World_Bank
Low birth weight (=<2500 g),Late-demographic dividend,2005,7.16273735679605,,,World_Bank
Low birth weight (=<2500 g),Late-demographic dividend,2004,7.23507374512113,,,World_Bank
Low birth weight (=<2500 g),Late-demographic dividend,2003,7.28388223012963,,,World_Bank
Low birth weight (=<2500 g),Late-demographic dividend,2002,7.30274700491725,,,World_Bank
Low birth weight (=<2500 g),Late-demographic dividend,2001,7.31538255278684,,,World_Bank
Low birth weight (=<2500 g),Late-demographic dividend,2000,7.31341692839234,,,World_Bank
Low birth weight (=<2500 g),Latin America & Caribbean,2020,9.63857656679413,,,World_Bank
Low birth weight (=<2500 g),Latin America & Caribbean,2019,9.59503152755604,,,World_Bank
Low birth weight (=<2500 g),Latin America & Caribbean,2018,9.55918358268055,,,World_Bank
Low birth weight (=<2500 g),Latin America & Caribbean,2017,9.53458574174007,,,World_Bank
Low birth weight (=<2500 g),Latin America & Caribbean,2016,9.51018403801563,,,World_Bank
Low birth weight (=<2500 g),Latin America & Caribbean,2015,9.47495479149071,,,World_Bank
Low birth weight (=<2500 g),Latin America & Caribbean,2014,9.45690945864146,,,World_Bank
Low birth weight (=<2500 g),Latin America & Caribbean,2013,9.44826345992075,,,World_Bank
Low birth weight (=<2500 g),Latin America & Caribbean,2012,9.44234789584167,,,World_Bank
Low birth weight (=<2500 g),Latin America & Caribbean,2011,9.42395654637028,,,World_Bank
Low birth weight (=<2500 g),Latin America & Caribbean,2010,9.4140762983863,,,World_Bank
Low birth weight (=<2500 g),Latin America & Caribbean,2009,9.40557894451514,,,World_Bank
Low birth weight (=<2500 g),Latin America & Caribbean,2008,9.39222555911875,,,World_Bank
Low birth weight (=<2500 g),Latin America & Caribbean,2007,9.38643431295555,,,World_Bank
Low birth weight (=<2500 g),Latin America & Caribbean,2006,9.37946755958366,,,World_Bank
Low birth weight (=<2500 g),Latin America & Caribbean,2005,9.37051835913964,,,World_Bank
Low birth weight (=<2500 g),Latin America & Caribbean,2004,9.3678163834589,,,World_Bank
Low birth weight (=<2500 g),Latin America & Caribbean,2003,9.35167654851616,,,World_Bank
Low birth weight (=<2500 g),Latin America & Caribbean,2002,9.319954447328,,,World_Bank
Low birth weight (=<2500 g),Latin America & Caribbean,2001,9.28071497333631,,,World_Bank
Low birth weight (=<2500 g),Latin America & Caribbean,2000,9.23762739959423,,,World_Bank
Low birth weight (=<2500 g),Latin America & Caribbean (excluding high income),2020,9.6975045337983,,,World_Bank
Low birth weight (=<2500 g),Latin America & Caribbean (excluding high income),2019,9.6576226283613,,,World_Bank
Low birth weight (=<2500 g),Latin America & Caribbean (excluding high income),2018,9.62858867108642,,,World_Bank
Low birth weight (=<2500 g),Latin America & Caribbean (excluding high income),2017,9.6070642031974,,,World_Bank
Low birth weight (=<2500 g),Latin America & Caribbean (excluding high income),2016,9.58975316068366,,,World_Bank
Low birth weight (=<2500 g),Latin America & Caribbean (excluding high income),2015,9.55586754650196,,,World_Bank
Low birth weight (=<2500 g),Latin America & Caribbean (excluding high income),2014,9.53999991917895,,,World_Bank
Low birth weight (=<2500 g),Latin America & Caribbean (excluding high income),2013,9.5342617191143,,,World_Bank
Low birth weight (=<2500 g),Latin America & Caribbean (excluding high income),2012,9.53066748257829,,,World_Bank
Low birth weight (=<2500 g),Latin America & Caribbean (excluding high income),2011,9.51340479293047,,,World_Bank
Low birth weight (=<2500 g),Latin America & Caribbean (excluding high income),2010,9.50512424405885,,,World_Bank
Low birth weight (=<2500 g),Latin America & Caribbean (excluding high income),2009,9.49784428296715,,,World_Bank
Low birth weight (=<2500 g),Latin America & Caribbean (excluding high income),2008,9.48464394045191,,,World_Bank
Low birth weight (=<2500 g),Latin America & Caribbean (excluding high income),2007,9.47803556604463,,,World_Bank
Low birth weight (=<2500 g),Latin America & Caribbean (excluding high income),2006,9.46954744068225,,,World_Bank
Low birth weight (=<2500 g),Latin America & Caribbean (excluding high income),2005,9.46163810521106,,,World_Bank
Low birth weight (=<2500 g),Latin America & Caribbean (excluding high income),2004,9.4595311826075,,,World_Bank
Low birth weight (=<2500 g),Latin America & Caribbean (excluding high income),2003,9.44599631493825,,,World_Bank
Low birth weight (=<2500 g),Latin America & Caribbean (excluding high income),2002,9.41495827943018,,,World_Bank
Low birth weight (=<2500 g),Latin America & Caribbean (excluding high income),2001,9.37696993575863,,,World_Bank
Low birth weight (=<2500 g),Latin America & Caribbean (excluding high income),2000,9.33247871128564,,,World_Bank
Low birth weight (=<2500 g),Latin America & the Caribbean (IDA & IBRD countries),2020,9.66468486110309,,,World_Bank
Low birth weight (=<2500 g),Latin America & the Caribbean (IDA & IBRD countries),2019,9.62089065464801,,,World_Bank
Low birth weight (=<2500 g),Latin America & the Caribbean (IDA & IBRD countries),2018,9.58528710685135,,,World_Bank
Low birth weight (=<2500 g),Latin America & the Caribbean (IDA & IBRD countries),2017,9.55982930495995,,,World_Bank
Low birth weight (=<2500 g),Latin America & the Caribbean (IDA & IBRD countries),2016,9.53510307382448,,,World_Bank
Low birth weight (=<2500 g),Latin America & the Caribbean (IDA & IBRD countries),2015,9.50028790651829,,,World_Bank
Low birth weight (=<2500 g),Latin America & the Caribbean (IDA & IBRD countries),2014,9.4812662949401,,,World_Bank
Low birth weight (=<2500 g),Latin America & the Caribbean (IDA & IBRD countries),2013,9.47302427612232,,,World_Bank
Low birth weight (=<2500 g),Latin America & the Caribbean (IDA & IBRD countries),2012,9.46718399835663,,,World_Bank
Low birth weight (=<2500 g),Latin America & the Caribbean (IDA & IBRD countries),2011,9.44976697796016,,,World_Bank
Low birth weight (=<2500 g),Latin America & the Caribbean (IDA & IBRD countries),2010,9.43900324295573,,,World_Bank
Low birth weight (=<2500 g),Latin America & the Caribbean (IDA & IBRD countries),2009,9.43053774529908,,,World_Bank
Low birth weight (=<2500 g),Latin America & the Caribbean (IDA & IBRD countries),2008,9.41563034491704,,,World_Bank
Low birth weight (=<2500 g),Latin America & the Caribbean (IDA & IBRD countries),2007,9.40767269654669,,,World_Bank
Low birth weight (=<2500 g),Latin America & the Caribbean (IDA & IBRD countries),2006,9.40034261324605,,,World_Bank
Low birth weight (=<2500 g),Latin America & the Caribbean (IDA & IBRD countries),2005,9.39303922189018,,,World_Bank
Low birth weight (=<2500 g),Latin America & the Caribbean (IDA & IBRD countries),2004,9.39191542707948,,,World_Bank
Low birth weight (=<2500 g),Latin America & the Caribbean (IDA & IBRD countries),2003,9.3775739731849,,,World_Bank
Low birth weight (=<2500 g),Latin America & the Caribbean (IDA & IBRD countries),2002,9.3461106884627,,,World_Bank
Low birth weight (=<2500 g),Latin America & the Caribbean (IDA & IBRD countries),2001,9.30576306269005,,,World_Bank
Low birth weight (=<2500 g),Latin America & the Caribbean (IDA & IBRD countries),2000,9.26272715869835,,,World_Bank
Low birth weight (=<2500 g),Low & middle income,2020,15.6303653193564,,,World_Bank
Low birth weight (=<2500 g),Low & middle income,2019,15.4603079504373,,,World_Bank
Low birth weight (=<2500 g),Low & middle income,2018,15.544829965593,,,World_Bank
Low birth weight (=<2500 g),Low & middle income,2017,15.3495790415149,,,World_Bank
Low birth weight (=<2500 g),Low & middle income,2016,15.4244378388294,,,World_Bank
Low birth weight (=<2500 g),Low & middle income,2015,15.7639683535982,,,World_Bank
Low birth weight (=<2500 g),Low & middle income,2014,15.5862168049182,,,World_Bank
Low birth weight (=<2500 g),Low & middle income,2013,15.9848590489587,,,World_Bank
Low birth weight (=<2500 g),Low & middle income,2012,15.9409974251197,,,World_Bank
Low birth weight (=<2500 g),Low & middle income,2011,16.3147866254167,,,World_Bank
Low birth weight (=<2500 g),Low & middle income,2010,16.7132423089244,,,World_Bank
Low birth weight (=<2500 g),Low & middle income,2009,16.8937142070432,,,World_Bank
Low birth weight (=<2500 g),Low & middle income,2008,17.0064594966701,,,World_Bank
Low birth weight (=<2500 g),Low & middle income,2007,17.1857803904052,,,World_Bank
Low birth weight (=<2500 g),Low & middle income,2006,17.4025288180665,,,World_Bank
Low birth weight (=<2500 g),Low & middle income,2005,17.5761207525447,,,World_Bank
Low birth weight (=<2500 g),Low & middle income,2004,17.8235362861271,,,World_Bank
Low birth weight (=<2500 g),Low & middle income,2003,17.9967860804401,,,World_Bank
Low birth weight (=<2500 g),Low & middle income,2002,18.1000509292229,,,World_Bank
Low birth weight (=<2500 g),Low & middle income,2001,18.1502099867743,,,World_Bank
Low birth weight (=<2500 g),Low & middle income,2000,18.103235294994,,,World_Bank
Low birth weight (=<2500 g),Lower middle income,2020,21.1025774612726,,,World_Bank
Low birth weight (=<2500 g),Lower middle income,2019,21.3257778313664,,,World_Bank
Low birth weight (=<2500 g),Lower middle income,2018,21.5670415089451,,,World_Bank
Low birth weight (=<2500 g),Lower middle income,2017,21.7153475038517,,,World_Bank
Low birth weight (=<2500 g),Lower middle income,2016,22.0077020718641,,,World_Bank
Low birth weight (=<2500 g),Lower middle income,2015,22.186841602238,,,World_Bank
Low birth weight (=<2500 g),Lower middle income,2014,22.3952515414828,,,World_Bank
Low birth weight (=<2500 g),Lower middle income,2013,22.7756189056375,,,World_Bank
Low birth weight (=<2500 g),Lower middle income,2012,23.0590664264421,,,World_Bank
Low birth weight (=<2500 g),Lower middle income,2011,23.3131982525146,,,World_Bank
Low birth weight (=<2500 g),Lower middle income,2010,23.5532268702781,,,World_Bank
Low birth weight (=<2500 g),Lower middle income,2009,23.811304220139,,,World_Bank
Low birth weight (=<2500 g),Lower middle income,2008,24.0400987245164,,,World_Bank
Low birth weight (=<2500 g),Lower middle income,2007,24.3023872167628,,,World_Bank
Low birth weight (=<2500 g),Lower middle income,2006,24.6135743106082,,,World_Bank
Low birth weight (=<2500 g),Lower middle income,2005,24.9176467964719,,,World_Bank
Low birth weight (=<2500 g),Lower middle income,2004,25.1914024851011,,,World_Bank
Low birth weight (=<2500 g),Lower middle income,2003,25.4469032703854,,,World_Bank
Low birth weight (=<2500 g),Lower middle income,2002,25.6966693025531,,,World_Bank
Low birth weight (=<2500 g),Lower middle income,2001,25.9098930616446,,,World_Bank
Low birth weight (=<2500 g),Lower middle income,2000,26.0692260532137,,,World_Bank
Low birth weight (=<2500 g),Middle income,2020,15.8657494292609,,,World_Bank
Low birth weight (=<2500 g),Middle income,2019,15.6518752501544,,,World_Bank
Low birth weight (=<2500 g),Middle income,2018,15.7295593888362,,,World_Bank
Low birth weight (=<2500 g),Middle income,2017,15.4935602107729,,,World_Bank
Low birth weight (=<2500 g),Middle income,2016,15.5573063657806,,,World_Bank
Low birth weight (=<2500 g),Middle income,2015,15.9216323816358,,,World_Bank
Low birth weight (=<2500 g),Middle income,2014,15.709848710958,,,World_Bank
Low birth weight (=<2500 g),Middle income,2013,16.1347679545906,,,World_Bank
Low birth weight (=<2500 g),Middle income,2012,16.0714319170726,,,World_Bank
Low birth weight (=<2500 g),Middle income,2011,16.4706678956135,,,World_Bank
Low birth weight (=<2500 g),Middle income,2010,16.8968267412844,,,World_Bank
Low birth weight (=<2500 g),Middle income,2009,17.0808341227539,,,World_Bank
Low birth weight (=<2500 g),Middle income,2008,17.191482270568,,,World_Bank
Low birth weight (=<2500 g),Middle income,2007,17.3749011861968,,,World_Bank
Low birth weight (=<2500 g),Middle income,2006,17.597747574881,,,World_Bank
Low birth weight (=<2500 g),Middle income,2005,17.7705832899375,,,World_Bank
Low birth weight (=<2500 g),Middle income,2004,18.0245811441684,,,World_Bank
Low birth weight (=<2500 g),Middle income,2003,18.199680384428,,,World_Bank
Low birth weight (=<2500 g),Middle income,2002,18.2990845293328,,,World_Bank
Low birth weight (=<2500 g),Middle income,2001,18.3418949720651,,,World_Bank
Low birth weight (=<2500 g),Middle income,2000,18.2823259882435,,,World_Bank
Low birth weight (=<2500 g),North America,2020,8.11274994250575,,,World_Bank
Low birth weight (=<2500 g),North America,2019,8.08841592364958,,,World_Bank
Low birth weight (=<2500 g),North America,2018,8.06732217273612,,,World_Bank
Low birth weight (=<2500 g),North America,2017,8.05007867255466,,,World_Bank
Low birth weight (=<2500 g),North America,2016,8.03896623718873,,,World_Bank
Low birth weight (=<2500 g),North America,2015,8.02745813918903,,,World_Bank
Low birth weight (=<2500 g),North America,2014,8.01396121653149,,,World_Bank
Low birth weight (=<2500 g),North America,2013,7.99980188367224,,,World_Bank
Low birth weight (=<2500 g),North America,2012,7.98578859303849,,,World_Bank
Low birth weight (=<2500 g),North America,2011,7.97003928440912,,,World_Bank
Low birth weight (=<2500 g),North America,2010,7.94835954678405,,,World_Bank
Low birth weight (=<2500 g),North America,2009,7.92393842529576,,,World_Bank
Low birth weight (=<2500 g),North America,2008,7.89199442474546,,,World_Bank
Low birth weight (=<2500 g),North America,2007,7.86285228366924,,,World_Bank
Low birth weight (=<2500 g),North America,2006,7.83356372178976,,,World_Bank
Low birth weight (=<2500 g),North America,2005,7.80367181844749,,,World_Bank
Low birth weight (=<2500 g),North America,2004,7.78038873599842,,,World_Bank
Low birth weight (=<2500 g),North America,2003,7.75578921006024,,,World_Bank
Low birth weight (=<2500 g),North America,2002,7.73171868219581,,,World_Bank
Low birth weight (=<2500 g),North America,2001,7.70448236128969,,,World_Bank
Low birth weight (=<2500 g),North America,2000,7.6899454595664,,,World_Bank
Low birth weight (=<2500 g),OECD members,2020,8.69336818287236,,,World_Bank
Low birth weight (=<2500 g),OECD members,2019,8.68774652602569,,,World_Bank
Low birth weight (=<2500 g),OECD members,2018,8.69393727364208,,,World_Bank
Low birth weight (=<2500 g),OECD members,2017,8.69814576431167,,,World_Bank
Low birth weight (=<2500 g),OECD members,2016,8.69759018056337,,,World_Bank
Low birth weight (=<2500 g),OECD members,2015,8.72270407700905,,,World_Bank
Low birth weight (=<2500 g),OECD members,2014,8.73618488159424,,,World_Bank
Low birth weight (=<2500 g),OECD members,2013,8.74022810640967,,,World_Bank
Low birth weight (=<2500 g),OECD members,2012,8.72358132467778,,,World_Bank
Low birth weight (=<2500 g),OECD members,2011,8.71470480208346,,,World_Bank
Low birth weight (=<2500 g),OECD members,2010,8.69939622058751,,,World_Bank
Low birth weight (=<2500 g),OECD members,2009,8.69633312294654,,,World_Bank
Low birth weight (=<2500 g),OECD members,2008,8.68485931046827,,,World_Bank
Low birth weight (=<2500 g),OECD members,2007,8.67467346730327,,,World_Bank
Low birth weight (=<2500 g),OECD members,2006,8.70143628955786,,,World_Bank
Low birth weight (=<2500 g),OECD members,2005,8.71220603068329,,,World_Bank
Low birth weight (=<2500 g),OECD members,2004,8.71781029806096,,,World_Bank
Low birth weight (=<2500 g),OECD members,2003,8.72203000494743,,,World_Bank
Low birth weight (=<2500 g),OECD members,2002,8.74261274785149,,,World_Bank
Low birth weight (=<2500 g),OECD members,2001,8.7390003171254,,,World_Bank
Low birth weight (=<2500 g),OECD members,2000,8.71334126756273,,,World_Bank
Low birth weight (=<2500 g),Other small states,2020,13.8973446787763,,,World_Bank
Low birth weight (=<2500 g),Other small states,2019,13.8602389762346,,,World_Bank
Low birth weight (=<2500 g),Other small states,2018,13.8626385445552,,,World_Bank
Low birth weight (=<2500 g),Other small states,2017,13.9302614462043,,,World_Bank
Low birth weight (=<2500 g),Other small states,2016,13.8832870484612,,,World_Bank
Low birth weight (=<2500 g),Other small states,2015,13.8699097923836,,,World_Bank
Low birth weight (=<2500 g),Other small states,2014,13.8410440118052,,,World_Bank
Low birth weight (=<2500 g),Other small states,2013,13.8154350147325,,,World_Bank
Low birth weight (=<2500 g),Other small states,2012,13.7772693524341,,,World_Bank
Low birth weight (=<2500 g),Other small states,2011,13.7393366210308,,,World_Bank
Low birth weight (=<2500 g),Other small states,2010,13.6589762806382,,,World_Bank
Low birth weight (=<2500 g),Other small states,2009,13.5987778528711,,,World_Bank
Low birth weight (=<2500 g),Other small states,2008,13.6561081222399,,,World_Bank
Low birth weight (=<2500 g),Other small states,2007,13.7950144368547,,,World_Bank
Low birth weight (=<2500 g),Other small states,2006,13.9749991978702,,,World_Bank
Low birth weight (=<2500 g),Other small states,2005,14.1380190039715,,,World_Bank
Low birth weight (=<2500 g),Other small states,2004,14.2462418839887,,,World_Bank
Low birth weight (=<2500 g),Other small states,2003,14.3632906261648,,,World_Bank
Low birth weight (=<2500 g),Other small states,2002,14.3878120659431,,,World_Bank
Low birth weight (=<2500 g),Other small states,2001,14.3342712254225,,,World_Bank
Low birth weight (=<2500 g),Other small states,2000,14.2359154452879,,,World_Bank
Low birth weight (=<2500 g),Pacific island small states,2020,10.9351607489717,,,World_Bank
Low birth weight (=<2500 g),Pacific island small states,2019,10.9033120124638,,,World_Bank
Low birth weight (=<2500 g),Pacific island small states,2018,10.8719861375084,,,World_Bank
Low birth weight (=<2500 g),Pacific island small states,2017,10.8405394513382,,,World_Bank
Low birth weight (=<2500 g),Pacific island small states,2016,10.7996398977001,,,World_Bank
Low birth weight (=<2500 g),Pacific island small states,2015,10.7544104893905,,,World_Bank
Low birth weight (=<2500 g),Pacific island small states,2014,10.7140669761091,,,World_Bank
Low birth weight (=<2500 g),Pacific island small states,2013,10.6555504949013,,,World_Bank
Low birth weight (=<2500 g),Pacific island small states,2012,10.6086650625452,,,World_Bank
Low birth weight (=<2500 g),Pacific island small states,2011,10.553514327621,,,World_Bank
Low birth weight (=<2500 g),Pacific island small states,2010,10.4761421105783,,,World_Bank
Low birth weight (=<2500 g),Pacific island small states,2009,10.4151702998616,,,World_Bank
Low birth weight (=<2500 g),Pacific island small states,2008,10.3546774008805,,,World_Bank
Low birth weight (=<2500 g),Pacific island small states,2007,10.2944544789737,,,World_Bank
Low birth weight (=<2500 g),Pacific island small states,2006,10.2450311761039,,,World_Bank
Low birth weight (=<2500 g),Pacific island small states,2005,10.2040886562041,,,World_Bank
Low birth weight (=<2500 g),Pacific island small states,2004,10.1645874893296,,,World_Bank
Low birth weight (=<2500 g),Pacific island small states,2003,10.1244800345246,,,World_Bank
Low birth weight (=<2500 g),Pacific island small states,2002,10.0851923911437,,,World_Bank
Low birth weight (=<2500 g),Pacific island small states,2001,10.0520053621666,,,World_Bank
Low birth weight (=<2500 g),Pacific island small states,2000,10.0106157554869,,,World_Bank
Low birth weight (=<2500 g),Post-demographic dividend,2020,7.81316942448191,,,World_Bank
Low birth weight (=<2500 g),Post-demographic dividend,2019,7.80131941938241,,,World_Bank
Low birth weight (=<2500 g),Post-demographic dividend,2018,7.7961350315954,,,World_Bank
Low birth weight (=<2500 g),Post-demographic dividend,2017,7.7860636198664,,,World_Bank
Low birth weight (=<2500 g),Post-demographic dividend,2016,7.77405704433473,,,World_Bank
Low birth weight (=<2500 g),Post-demographic dividend,2015,7.77710909741007,,,World_Bank
Low birth weight (=<2500 g),Post-demographic dividend,2014,7.77272560799377,,,World_Bank
Low birth weight (=<2500 g),Post-demographic dividend,2013,7.76798930642832,,,World_Bank
Low birth weight (=<2500 g),Post-demographic dividend,2012,7.74998010212293,,,World_Bank
Low birth weight (=<2500 g),Post-demographic dividend,2011,7.74627378316622,,,World_Bank
Low birth weight (=<2500 g),Post-demographic dividend,2010,7.73308491250498,,,World_Bank
Low birth weight (=<2500 g),Post-demographic dividend,2009,7.71921390349957,,,World_Bank
Low birth weight (=<2500 g),Post-demographic dividend,2008,7.70357354643288,,,World_Bank
Low birth weight (=<2500 g),Post-demographic dividend,2007,7.67995700259936,,,World_Bank
Low birth weight (=<2500 g),Post-demographic dividend,2006,7.68115441826526,,,World_Bank
Low birth weight (=<2500 g),Post-demographic dividend,2005,7.66220921655656,,,World_Bank
Low birth weight (=<2500 g),Post-demographic dividend,2004,7.65962926137842,,,World_Bank
Low birth weight (=<2500 g),Post-demographic dividend,2003,7.65390825679828,,,World_Bank
Low birth weight (=<2500 g),Post-demographic dividend,2002,7.65865983954275,,,World_Bank
Low birth weight (=<2500 g),Post-demographic dividend,2001,7.63458638739043,,,World_Bank
Low birth weight (=<2500 g),Post-demographic dividend,2000,7.60758310300642,,,World_Bank
Low birth weight (=<2500 g),Small states,2020,13.7778980929513,,,World_Bank
Low birth weight (=<2500 g),Small states,2019,13.7529704177947,,,World_Bank
Low birth weight (=<2500 g),Small states,2018,13.7227920434029,,,World_Bank
Low birth weight (=<2500 g),Small states,2017,13.7556195489889,,,World_Bank
Low birth weight (=<2500 g),Small states,2016,13.717225159709,,,World_Bank
Low birth weight (=<2500 g),Small states,2015,13.6971266536368,,,World_Bank
Low birth weight (=<2500 g),Small states,2014,13.6676851415946,,,World_Bank
Low birth weight (=<2500 g),Small states,2013,13.6378872896482,,,World_Bank
Low birth weight (=<2500 g),Small states,2012,13.6002945558349,,,World_Bank
Low birth weight (=<2500 g),Small states,2011,13.5603042153253,,,World_Bank
Low birth weight (=<2500 g),Small states,2010,13.4898136127509,,,World_Bank
Low birth weight (=<2500 g),Small states,2009,13.432533873641,,,World_Bank
Low birth weight (=<2500 g),Small states,2008,13.4414200267012,,,World_Bank
Low birth weight (=<2500 g),Small states,2007,13.499029105397,,,World_Bank
Low birth weight (=<2500 g),Small states,2006,13.5848690679878,,,World_Bank
Low birth weight (=<2500 g),Small states,2005,13.6666828490352,,,World_Bank
Low birth weight (=<2500 g),Small states,2004,13.7235075225144,,,World_Bank
Low birth weight (=<2500 g),Small states,2003,13.7841234469932,,,World_Bank
Low birth weight (=<2500 g),Small states,2002,13.7896464466371,,,World_Bank
Low birth weight (=<2500 g),Small states,2001,13.7503933397769,,,World_Bank
Low birth weight (=<2500 g),Small states,2000,13.6872582023508,,,World_Bank
Low birth weight (=<2500 g),South Asia,2020,26.6280032820772,,,World_Bank
Low birth weight (=<2500 g),South Asia,2019,26.8196091002324,,,World_Bank
Low birth weight (=<2500 g),South Asia,2018,27.0344658988111,,,World_Bank
Low birth weight (=<2500 g),South Asia,2017,27.2724482470271,,,World_Bank
Low birth weight (=<2500 g),South Asia,2016,27.5564997308747,,,World_Bank
Low birth weight (=<2500 g),South Asia,2015,27.8318160840655,,,World_Bank
Low birth weight (=<2500 g),South Asia,2014,28.0962082242495,,,World_Bank
Low birth weight (=<2500 g),South Asia,2013,28.375594298952,,,World_Bank
Low birth weight (=<2500 g),South Asia,2012,28.6276818346237,,,World_Bank
Low birth weight (=<2500 g),South Asia,2011,28.8668790007472,,,World_Bank
Low birth weight (=<2500 g),South Asia,2010,29.0953461397697,,,World_Bank
Low birth weight (=<2500 g),South Asia,2009,29.3194229424108,,,World_Bank
Low birth weight (=<2500 g),South Asia,2008,29.5413335229848,,,World_Bank
Low birth weight (=<2500 g),South Asia,2007,29.7669144472439,,,World_Bank
Low birth weight (=<2500 g),South Asia,2006,30.0194380529453,,,World_Bank
Low birth weight (=<2500 g),South Asia,2005,30.2701335040211,,,World_Bank
Low birth weight (=<2500 g),South Asia,2004,30.5082251000485,,,World_Bank
Low birth weight (=<2500 g),South Asia,2003,30.7342384160646,,,World_Bank
Low birth weight (=<2500 g),South Asia,2002,30.9453952630919,,,World_Bank
Low birth weight (=<2500 g),South Asia,2001,31.1334629807858,,,World_Bank
Low birth weight (=<2500 g),South Asia,2000,31.3048003437511,,,World_Bank
Low birth weight (=<2500 g),South Asia (IDA & IBRD),2020,26.6280032820772,,,World_Bank
Low birth weight (=<2500 g),South Asia (IDA & IBRD),2019,26.8196091002324,,,World_Bank
Low birth weight (=<2500 g),South Asia (IDA & IBRD),2018,27.0344658988111,,,World_Bank
Low birth weight (=<2500 g),South Asia (IDA & IBRD),2017,27.2724482470271,,,World_Bank
Low birth weight (=<2500 g),South Asia (IDA & IBRD),2016,27.5564997308747,,,World_Bank
Low birth weight (=<2500 g),South Asia (IDA & IBRD),2015,27.8318160840655,,,World_Bank
Low birth weight (=<2500 g),South Asia (IDA & IBRD),2014,28.0962082242495,,,World_Bank
Low birth weight (=<2500 g),South Asia (IDA & IBRD),2013,28.375594298952,,,World_Bank
Low birth weight (=<2500 g),South Asia (IDA & IBRD),2012,28.6276818346237,,,World_Bank
Low birth weight (=<2500 g),South Asia (IDA & IBRD),2011,28.8668790007472,,,World_Bank
Low birth weight (=<2500 g),South Asia (IDA & IBRD),2010,29.0953461397697,,,World_Bank
Low birth weight (=<2500 g),South Asia (IDA & IBRD),2009,29.3194229424108,,,World_Bank
Low birth weight (=<2500 g),South Asia (IDA & IBRD),2008,29.5413335229848,,,World_Bank
Low birth weight (=<2500 g),South Asia (IDA & IBRD),2007,29.7669144472439,,,World_Bank
Low birth weight (=<2500 g),South Asia (IDA & IBRD),2006,30.0194380529453,,,World_Bank
Low birth weight (=<2500 g),South Asia (IDA & IBRD),2005,30.2701335040211,,,World_Bank
Low birth weight (=<2500 g),South Asia (IDA & IBRD),2004,30.5082251000485,,,World_Bank
Low birth weight (=<2500 g),South Asia (IDA & IBRD),2003,30.7342384160646,,,World_Bank
Low birth weight (=<2500 g),South Asia (IDA & IBRD),2002,30.9453952630919,,,World_Bank
Low birth weight (=<2500 g),South Asia (IDA & IBRD),2001,31.1334629807858,,,World_Bank
Low birth weight (=<2500 g),South Asia (IDA & IBRD),2000,31.3048003437511,,,World_Bank
Low birth weight (=<2500 g),Upper middle income,2020,8.18475776937138,,,World_Bank
Low birth weight (=<2500 g),Upper middle income,2019,7.95704092133076,,,World_Bank
Low birth weight (=<2500 g),Upper middle income,2018,7.9275540829744,,,World_Bank
Low birth weight (=<2500 g),Upper middle income,2017,7.766355659944,,,World_Bank
Low birth weight (=<2500 g),Upper middle income,2016,7.71904853990576,,,World_Bank
Low birth weight (=<2500 g),Upper middle income,2015,7.93301003301941,,,World_Bank
Low birth weight (=<2500 g),Upper middle income,2014,7.8017698492278,,,World_Bank
Low birth weight (=<2500 g),Upper middle income,2013,7.90764788814371,,,World_Bank
Low birth weight (=<2500 g),Upper middle income,2012,7.80697811201201,,,World_Bank
Low birth weight (=<2500 g),Upper middle income,2011,7.94968289734808,,,World_Bank
Low birth weight (=<2500 g),Upper middle income,2010,8.10156125443288,,,World_Bank
Low birth weight (=<2500 g),Upper middle income,2009,8.1267976685345,,,World_Bank
Low birth weight (=<2500 g),Upper middle income,2008,8.15597409325906,,,World_Bank
Low birth weight (=<2500 g),Upper middle income,2007,8.18830149686389,,,World_Bank
Low birth weight (=<2500 g),Upper middle income,2006,8.23622035096907,,,World_Bank
Low birth weight (=<2500 g),Upper middle income,2005,8.24487856851412,,,World_Bank
Low birth weight (=<2500 g),Upper middle income,2004,8.29073276988684,,,World_Bank
Low birth weight (=<2500 g),Upper middle income,2003,8.31154376498419,,,World_Bank
Low birth weight (=<2500 g),Upper middle income,2002,8.30912245231683,,,World_Bank
Low birth weight (=<2500 g),Upper middle income,2001,8.30840942779176,,,World_Bank
Low birth weight (=<2500 g),Upper middle income,2000,8.28771528427221,,,World_Bank
Low birth weight (=<2500 g),World,2020,14.7171562,,,World_Bank
Low birth weight (=<2500 g),World,2019,14.6201805,,,World_Bank
Low birth weight (=<2500 g),World,2018,14.6457713,,,World_Bank
Low birth weight (=<2500 g),World,2017,14.5056195,,,World_Bank
Low birth weight (=<2500 g),World,2016,14.6215251,,,World_Bank
Low birth weight (=<2500 g),World,2015,14.756105,,,World_Bank
Low birth weight (=<2500 g),World,2014,14.7607306,,,World_Bank
Low birth weight (=<2500 g),World,2013,14.9692176,,,World_Bank
Low birth weight (=<2500 g),World,2012,15.0010297,,,World_Bank
Low birth weight (=<2500 g),World,2011,15.2135806,,,World_Bank
Low birth weight (=<2500 g),World,2010,15.3210367,,,World_Bank
Low birth weight (=<2500 g),World,2009,15.4212737,,,World_Bank
Low birth weight (=<2500 g),World,2008,15.538529,,,World_Bank
Low birth weight (=<2500 g),World,2007,15.7097894,,,World_Bank
Low birth weight (=<2500 g),World,2006,15.8875133,,,World_Bank
Low birth weight (=<2500 g),World,2005,16.0839556,,,World_Bank
Low birth weight (=<2500 g),World,2004,16.2645707,,,World_Bank
Low birth weight (=<2500 g),World,2003,16.429444,,,World_Bank
Low birth weight (=<2500 g),World,2002,16.5452548,,,World_Bank
Low birth weight (=<2500 g),World,2001,16.6229841,,,World_Bank
Low birth weight (=<2500 g),World,2000,16.568994,,,World_Bank
Low birth weight (=<2500 g),Albania,2020,5.992350456,,,World_Bank
Low birth weight (=<2500 g),Albania,2019,5.966775754,,,World_Bank
Low birth weight (=<2500 g),Albania,2018,5.950160932,,,World_Bank
Low birth weight (=<2500 g),Albania,2017,5.944848467,,,World_Bank
Low birth weight (=<2500 g),Albania,2016,5.944488991,,,World_Bank
Low birth weight (=<2500 g),Albania,2015,5.950103853,,,World_Bank
Low birth weight (=<2500 g),Albania,2014,5.957320009,,,World_Bank
Low birth weight (=<2500 g),Albania,2013,5.963545557,,,World_Bank
Low birth weight (=<2500 g),Albania,2012,5.969733209,,,World_Bank
Low birth weight (=<2500 g),Albania,2011,5.975182568,,,World_Bank
Low birth weight (=<2500 g),Albania,2010,5.97976192,,,World_Bank
Low birth weight (=<2500 g),Albania,2009,5.98129655,,,World_Bank
Low birth weight (=<2500 g),Albania,2008,5.972362847,,,World_Bank
Low birth weight (=<2500 g),Albania,2007,5.952129973,,,World_Bank
Low birth weight (=<2500 g),Albania,2006,5.924202876,,,World_Bank
Low birth weight (=<2500 g),Albania,2005,5.888230517,,,World_Bank
Low birth weight (=<2500 g),Albania,2004,5.850602267,,,World_Bank
Low birth weight (=<2500 g),Albania,2003,5.80889224,,,World_Bank
Low birth weight (=<2500 g),Albania,2002,5.765842554,,,World_Bank
Low birth weight (=<2500 g),Albania,2001,5.720029605,,,World_Bank
Low birth weight (=<2500 g),Albania,2000,5.674065688,,,World_Bank
Low birth weight (=<2500 g),Algeria,2020,7.197213007,,,World_Bank
Low birth weight (=<2500 g),Algeria,2019,7.159965538,,,World_Bank
Low birth weight (=<2500 g),Algeria,2018,7.125422119,,,World_Bank
Low birth weight (=<2500 g),Algeria,2017,7.087203761,,,World_Bank
Low birth weight (=<2500 g),Algeria,2016,7.054224763,,,World_Bank
Low birth weight (=<2500 g),Algeria,2015,7.023190326,,,World_Bank
Low birth weight (=<2500 g),Algeria,2014,6.989689506,,,World_Bank
Low birth weight (=<2500 g),Algeria,2013,6.957777756,,,World_Bank
Low birth weight (=<2500 g),Algeria,2012,6.923899419,,,World_Bank
Low birth weight (=<2500 g),Algeria,2011,6.893100385,,,World_Bank
Low birth weight (=<2500 g),Algeria,2010,6.863208976,,,World_Bank
Low birth weight (=<2500 g),Algeria,2009,6.838853298,,,World_Bank
Low birth weight (=<2500 g),Algeria,2008,6.819797879,,,World_Bank
Low birth weight (=<2500 g),Algeria,2007,6.805029066,,,World_Bank
Low birth weight (=<2500 g),Algeria,2006,6.795831248,,,World_Bank
Low birth weight (=<2500 g),Algeria,2005,6.790482924,,,World_Bank
Low birth weight (=<2500 g),Algeria,2004,6.78970862,,,World_Bank
Low birth weight (=<2500 g),Algeria,2003,6.792877004,,,World_Bank
Low birth weight (=<2500 g),Algeria,2002,6.795210159,,,World_Bank
Low birth weight (=<2500 g),Algeria,2001,6.798482928,,,World_Bank
Low birth weight (=<2500 g),Algeria,2000,6.799319314,,,World_Bank
Low birth weight (=<2500 g),Andorra,2020,9.394871191,,,World_Bank
Low birth weight (=<2500 g),Andorra,2019,9.364364863,,,World_Bank
Low birth weight (=<2500 g),Andorra,2018,9.336954829,,,World_Bank
Low birth weight (=<2500 g),Andorra,2017,9.310531252,,,World_Bank
Low birth weight (=<2500 g),Andorra,2016,9.290837958,,,World_Bank
Low birth weight (=<2500 g),Andorra,2015,9.268776082,,,World_Bank
Low birth weight (=<2500 g),Andorra,2014,9.238577972,,,World_Bank
Low birth weight (=<2500 g),Andorra,2013,9.19848063,,,World_Bank
Low birth weight (=<2500 g),Andorra,2012,9.141807754,,,World_Bank
Low birth weight (=<2500 g),Andorra,2011,9.088524209,,,World_Bank
Low birth weight (=<2500 g),Andorra,2010,9.032822496,,,World_Bank
Low birth weight (=<2500 g),Andorra,2009,8.978859004,,,World_Bank
Low birth weight (=<2500 g),Andorra,2008,8.933454455,,,World_Bank
Low birth weight (=<2500 g),Andorra,2007,8.890699809,,,World_Bank
Low birth weight (=<2500 g),Andorra,2006,8.861627806,,,World_Bank
Low birth weight (=<2500 g),Andorra,2005,8.837219007,,,World_Bank
Low birth weight (=<2500 g),Andorra,2004,8.816796274,,,World_Bank
Low birth weight (=<2500 g),Andorra,2003,8.793178041,,,World_Bank
Low birth weight (=<2500 g),Andorra,2002,8.762103679,,,World_Bank
Low birth weight (=<2500 g),Andorra,2001,8.726162248,,,World_Bank
Low birth weight (=<2500 g),Andorra,2000,8.683224108,,,World_Bank
Low birth weight (=<2500 g),Angola,2020,15.52779066,,,World_Bank
Low birth weight (=<2500 g),Angola,2019,15.5414908,,,World_Bank
Low birth weight (=<2500 g),Angola,2018,15.54323334,,,World_Bank
Low birth weight (=<2500 g),Angola,2017,15.53096316,,,World_Bank
Low birth weight (=<2500 g),Angola,2016,15.51598932,,,World_Bank
Low birth weight (=<2500 g),Angola,2015,15.51838468,,,World_Bank
Low birth weight (=<2500 g),Angola,2014,15.53945237,,,World_Bank
Low birth weight (=<2500 g),Angola,2013,15.60464361,,,World_Bank
Low birth weight (=<2500 g),Angola,2012,15.68261352,,,World_Bank
Low birth weight (=<2500 g),Angola,2011,15.76954708,,,World_Bank
Low birth weight (=<2500 g),Angola,2010,15.8500405,,,World_Bank
Low birth weight (=<2500 g),Angola,2009,15.94553025,,,World_Bank
Low birth weight (=<2500 g),Angola,2008,16.05290794,,,World_Bank
Low birth weight (=<2500 g),Angola,2007,16.17224567,,,World_Bank
Low birth weight (=<2500 g),Angola,2006,16.32010247,,,World_Bank
Low birth weight (=<2500 g),Angola,2005,16.47883216,,,World_Bank
Low birth weight (=<2500 g),Angola,2004,16.66775905,,,World_Bank
Low birth weight (=<2500 g),Angola,2003,16.8530276,,,World_Bank
Low birth weight (=<2500 g),Angola,2002,17.04418266,,,World_Bank
Low birth weight (=<2500 g),Angola,2001,17.24606934,,,World_Bank
Low birth weight (=<2500 g),Angola,2000,17.42679775,,,World_Bank
Low birth weight (=<2500 g),Antigua and Barbuda,2020,15.35550278,,,World_Bank
Low birth weight (=<2500 g),Antigua and Barbuda,2019,15.35576703,,,World_Bank
Low birth weight (=<2500 g),Antigua and Barbuda,2018,15.34364404,,,World_Bank
Low birth weight (=<2500 g),Antigua and Barbuda,2017,15.31493241,,,World_Bank
Low birth weight (=<2500 g),Antigua and Barbuda,2016,15.28549144,,,World_Bank
Low birth weight (=<2500 g),Antigua and Barbuda,2015,15.24180286,,,World_Bank
Low birth weight (=<2500 g),Antigua and Barbuda,2014,15.19274365,,,World_Bank
Low birth weight (=<2500 g),Antigua and Barbuda,2013,15.14142604,,,World_Bank
Low birth weight (=<2500 g),Antigua and Barbuda,2012,15.08208071,,,World_Bank
Low birth weight (=<2500 g),Antigua and Barbuda,2011,15.01666043,,,World_Bank
Low birth weight (=<2500 g),Antigua and Barbuda,2010,14.9423177,,,World_Bank
Low birth weight (=<2500 g),Antigua and Barbuda,2009,14.8511959,,,World_Bank
Low birth weight (=<2500 g),Antigua and Barbuda,2008,14.75677253,,,World_Bank
Low birth weight (=<2500 g),Antigua and Barbuda,2007,14.67314942,,,World_Bank
Low birth weight (=<2500 g),Antigua and Barbuda,2006,14.58046013,,,World_Bank
Low birth weight (=<2500 g),Antigua and Barbuda,2005,14.48752076,,,World_Bank
Low birth weight (=<2500 g),Antigua and Barbuda,2004,14.39827449,,,World_Bank
Low birth weight (=<2500 g),Antigua and Barbuda,2003,14.3121678,,,World_Bank
Low birth weight (=<2500 g),Antigua and Barbuda,2002,14.22402888,,,World_Bank
Low birth weight (=<2500 g),Antigua and Barbuda,2001,14.13662645,,,World_Bank
Low birth weight (=<2500 g),Antigua and Barbuda,2000,14.0616686,,,World_Bank
Low birth weight (=<2500 g),Argentina,2020,7.361601633,,,World_Bank
Low birth weight (=<2500 g),Argentina,2019,7.358161142,,,World_Bank
Low birth weight (=<2500 g),Argentina,2018,7.346415366,,,World_Bank
Low birth weight (=<2500 g),Argentina,2017,7.330875529,,,World_Bank
Low birth weight (=<2500 g),Argentina,2016,7.314597162,,,World_Bank
Low birth weight (=<2500 g),Argentina,2015,7.298620807,,,World_Bank
Low birth weight (=<2500 g),Argentina,2014,7.282225353,,,World_Bank
Low birth weight (=<2500 g),Argentina,2013,7.262377083,,,World_Bank
Low birth weight (=<2500 g),Argentina,2012,7.2498831,,,World_Bank
Low birth weight (=<2500 g),Argentina,2011,7.241716576,,,World_Bank
Low birth weight (=<2500 g),Argentina,2010,7.248218211,,,World_Bank
Low birth weight (=<2500 g),Argentina,2009,7.264176232,,,World_Bank
Low birth weight (=<2500 g),Argentina,2008,7.290185545,,,World_Bank
Low birth weight (=<2500 g),Argentina,2007,7.333236136,,,World_Bank
Low birth weight (=<2500 g),Argentina,2006,7.384026011,,,World_Bank
Low birth weight (=<2500 g),Argentina,2005,7.443511128,,,World_Bank
Low birth weight (=<2500 g),Argentina,2004,7.486215556,,,World_Bank
Low birth weight (=<2500 g),Argentina,2003,7.495673137,,,World_Bank
Low birth weight (=<2500 g),Argentina,2002,7.472154573,,,World_Bank
Low birth weight (=<2500 g),Argentina,2001,7.412493465,,,World_Bank
Low birth weight (=<2500 g),Argentina,2000,7.34925665,,,World_Bank
Low birth weight (=<2500 g),Armenia,2020,8.272253773,,,World_Bank
Low birth weight (=<2500 g),Armenia,2019,8.273699292,,,World_Bank
Low birth weight (=<2500 g),Armenia,2018,8.285772848,,,World_Bank
Low birth weight (=<2500 g),Armenia,2017,8.298032132,,,World_Bank
Low birth weight (=<2500 g),Armenia,2016,8.307936276,,,World_Bank
Low birth weight (=<2500 g),Armenia,2015,8.304358593,,,World_Bank
Low birth weight (=<2500 g),Armenia,2014,8.29817599,,,World_Bank
Low birth weight (=<2500 g),Armenia,2013,8.289332082,,,World_Bank
Low birth weight (=<2500 g),Armenia,2012,8.283413515,,,World_Bank
Low birth weight (=<2500 g),Armenia,2011,8.272735262,,,World_Bank
Low birth weight (=<2500 g),Armenia,2010,8.253041091,,,World_Bank
Low birth weight (=<2500 g),Armenia,2009,8.230700505,,,World_Bank
Low birth weight (=<2500 g),Armenia,2008,8.20257249,,,World_Bank
Low birth weight (=<2500 g),Armenia,2007,8.205113383,,,World_Bank
Low birth weight (=<2500 g),Armenia,2006,8.247409051,,,World_Bank
Low birth weight (=<2500 g),Armenia,2005,8.325663573,,,World_Bank
Low birth weight (=<2500 g),Armenia,2004,8.437457533,,,World_Bank
Low birth weight (=<2500 g),Armenia,2003,8.561619822,,,World_Bank
Low birth weight (=<2500 g),Armenia,2002,8.676278196,,,World_Bank
Low birth weight (=<2500 g),Armenia,2001,8.783750693,,,World_Bank
Low birth weight (=<2500 g),Armenia,2000,8.871374993,,,World_Bank
Low birth weight (=<2500 g),Australia,2020,6.553680899,,,World_Bank
Low birth weight (=<2500 g),Australia,2019,6.533125137,,,World_Bank
Low birth weight (=<2500 g),Australia,2018,6.513477917,,,World_Bank
Low birth weight (=<2500 g),Australia,2017,6.494630549,,,World_Bank
Low birth weight (=<2500 g),Australia,2016,6.477329547,,,World_Bank
Low birth weight (=<2500 g),Australia,2015,6.462710466,,,World_Bank
Low birth weight (=<2500 g),Australia,2014,6.449094012,,,World_Bank
Low birth weight (=<2500 g),Australia,2013,6.433600189,,,World_Bank
Low birth weight (=<2500 g),Australia,2012,6.415895605,,,World_Bank
Low birth weight (=<2500 g),Australia,2011,6.393583447,,,World_Bank
Low birth weight (=<2500 g),Australia,2010,6.369245846,,,World_Bank
Low birth weight (=<2500 g),Australia,2009,6.345877281,,,World_Bank
Low birth weight (=<2500 g),Australia,2008,6.325773571,,,World_Bank
Low birth weight (=<2500 g),Australia,2007,6.31111299,,,World_Bank
Low birth weight (=<2500 g),Australia,2006,6.302241879,,,World_Bank
Low birth weight (=<2500 g),Australia,2005,6.29647088,,,World_Bank
Low birth weight (=<2500 g),Australia,2004,6.289804584,,,World_Bank
Low birth weight (=<2500 g),Australia,2003,6.279970432,,,World_Bank
Low birth weight (=<2500 g),Australia,2002,6.265695829,,,World_Bank
Low birth weight (=<2500 g),Australia,2001,6.245126411,,,World_Bank
Low birth weight (=<2500 g),Australia,2000,6.221231824,,,World_Bank
Low birth weight (=<2500 g),Austria,2020,6.305404111,,,World_Bank
Low birth weight (=<2500 g),Austria,2019,6.355389101,,,World_Bank
Low birth weight (=<2500 g),Austria,2018,6.40662953,,,World_Bank
Low birth weight (=<2500 g),Austria,2017,6.457860929,,,World_Bank
Low birth weight (=<2500 g),Austria,2016,6.50746947,,,World_Bank
Low birth weight (=<2500 g),Austria,2015,6.557820507,,,World_Bank
Low birth weight (=<2500 g),Austria,2014,6.603839218,,,World_Bank
Low birth weight (=<2500 g),Austria,2013,6.646653892,,,World_Bank
Low birth weight (=<2500 g),Austria,2012,6.687118526,,,World_Bank
Low birth weight (=<2500 g),Austria,2011,6.719207428,,,World_Bank
Low birth weight (=<2500 g),Austria,2010,6.745368339,,,World_Bank
Low birth weight (=<2500 g),Austria,2009,6.765607922,,,World_Bank
Low birth weight (=<2500 g),Austria,2008,6.780994505,,,World_Bank
Low birth weight (=<2500 g),Austria,2007,6.799917706,,,World_Bank
Low birth weight (=<2500 g),Austria,2006,6.822368963,,,World_Bank
Low birth weight (=<2500 g),Austria,2005,6.847234168,,,World_Bank
Low birth weight (=<2500 g),Austria,2004,6.873798619,,,World_Bank
Low birth weight (=<2500 g),Austria,2003,6.896877849,,,World_Bank
Low birth weight (=<2500 g),Austria,2002,6.918429644,,,World_Bank
Low birth weight (=<2500 g),Austria,2001,6.939134122,,,World_Bank
Low birth weight (=<2500 g),Austria,2000,6.960157923,,,World_Bank
Low birth weight (=<2500 g),Azerbaijan,2020,11.03530631,,,World_Bank
Low birth weight (=<2500 g),Azerbaijan,2019,11.03797996,,,World_Bank
Low birth weight (=<2500 g),Azerbaijan,2018,11.04561602,,,World_Bank
Low birth weight (=<2500 g),Azerbaijan,2017,11.04748277,,,World_Bank
Low birth weight (=<2500 g),Azerbaijan,2016,11.0447535,,,World_Bank
Low birth weight (=<2500 g),Azerbaijan,2015,11.03393965,,,World_Bank
Low birth weight (=<2500 g),Azerbaijan,2014,11.0136508,,,World_Bank
Low birth weight (=<2500 g),Azerbaijan,2013,10.99425815,,,World_Bank
Low birth weight (=<2500 g),Azerbaijan,2012,10.97336087,,,World_Bank
Low birth weight (=<2500 g),Azerbaijan,2011,10.95567594,,,World_Bank
Low birth weight (=<2500 g),Azerbaijan,2010,10.94725832,,,World_Bank
Low birth weight (=<2500 g),Azerbaijan,2009,10.94595426,,,World_Bank
Low birth weight (=<2500 g),Azerbaijan,2008,10.94692492,,,World_Bank
Low birth weight (=<2500 g),Azerbaijan,2007,10.9513657,,,World_Bank
Low birth weight (=<2500 g),Azerbaijan,2006,10.9585681,,,World_Bank
Low birth weight (=<2500 g),Azerbaijan,2005,10.96638527,,,World_Bank
Low birth weight (=<2500 g),Azerbaijan,2004,10.97022256,,,World_Bank
Low birth weight (=<2500 g),Azerbaijan,2003,10.97951112,,,World_Bank
Low birth weight (=<2500 g),Azerbaijan,2002,10.9869405,,,World_Bank
Low birth weight (=<2500 g),Azerbaijan,2001,10.99351014,,,World_Bank
Low birth weight (=<2500 g),Azerbaijan,2000,11.00044326,,,World_Bank
Low birth weight (=<2500 g),"Bahamas, The",2020,15.39718187,,,World_Bank
Low birth weight (=<2500 g),"Bahamas, The",2019,15.40439088,,,World_Bank
Low birth weight (=<2500 g),"Bahamas, The",2018,15.4159539,,,World_Bank
Low birth weight (=<2500 g),"Bahamas, The",2017,15.42321265,,,World_Bank
Low birth weight (=<2500 g),"Bahamas, The",2016,15.41505696,,,World_Bank
Low birth weight (=<2500 g),"Bahamas, The",2015,15.38707948,,,World_Bank
Low birth weight (=<2500 g),"Bahamas, The",2014,15.35383864,,,World_Bank
Low birth weight (=<2500 g),"Bahamas, The",2013,15.30863316,,,World_Bank
Low birth weight (=<2500 g),"Bahamas, The",2012,15.26385873,,,World_Bank
Low birth weight (=<2500 g),"Bahamas, The",2011,15.21670675,,,World_Bank
Low birth weight (=<2500 g),"Bahamas, The",2010,15.1693965,,,World_Bank
Low birth weight (=<2500 g),"Bahamas, The",2009,15.10639169,,,World_Bank
Low birth weight (=<2500 g),"Bahamas, The",2008,15.02329711,,,World_Bank
Low birth weight (=<2500 g),"Bahamas, The",2007,14.95415399,,,World_Bank
Low birth weight (=<2500 g),"Bahamas, The",2006,14.8990288,,,World_Bank
Low birth weight (=<2500 g),"Bahamas, The",2005,14.8372123,,,World_Bank
Low birth weight (=<2500 g),"Bahamas, The",2004,14.795239,,,World_Bank
Low birth weight (=<2500 g),"Bahamas, The",2003,14.75147699,,,World_Bank
Low birth weight (=<2500 g),"Bahamas, The",2002,14.69797438,,,World_Bank
Low birth weight (=<2500 g),"Bahamas, The",2001,14.66167514,,,World_Bank
Low birth weight (=<2500 g),"Bahamas, The",2000,14.63926025,,,World_Bank
Low birth weight (=<2500 g),Bahrain,2020,12.44146062,,,World_Bank
Low birth weight (=<2500 g),Bahrain,2019,12.33236456,,,World_Bank
Low birth weight (=<2500 g),Bahrain,2018,12.21684533,,,World_Bank
Low birth weight (=<2500 g),Bahrain,2017,12.0944303,,,World_Bank
Low birth weight (=<2500 g),Bahrain,2016,11.9756959,,,World_Bank
Low birth weight (=<2500 g),Bahrain,2015,11.86419583,,,World_Bank
Low birth weight (=<2500 g),Bahrain,2014,11.76822803,,,World_Bank
Low birth weight (=<2500 g),Bahrain,2013,11.68586005,,,World_Bank
Low birth weight (=<2500 g),Bahrain,2012,11.60665301,,,World_Bank
Low birth weight (=<2500 g),Bahrain,2011,11.51760398,,,World_Bank
Low birth weight (=<2500 g),Bahrain,2010,11.39608948,,,World_Bank
Low birth weight (=<2500 g),Bahrain,2009,11.25643042,,,World_Bank
Low birth weight (=<2500 g),Bahrain,2008,11.09676514,,,World_Bank
Low birth weight (=<2500 g),Bahrain,2007,10.94353857,,,World_Bank
Low birth weight (=<2500 g),Bahrain,2006,10.8079291,,,World_Bank
Low birth weight (=<2500 g),Bahrain,2005,10.68594872,,,World_Bank
Low birth weight (=<2500 g),Bahrain,2004,10.57672976,,,World_Bank
Low birth weight (=<2500 g),Bahrain,2003,10.46518345,,,World_Bank
Low birth weight (=<2500 g),Bahrain,2002,10.35079968,,,World_Bank
Low birth weight (=<2500 g),Bahrain,2001,10.22702598,,,World_Bank
Low birth weight (=<2500 g),Bahrain,2000,10.10346263,,,World_Bank
Low birth weight (=<2500 g),Bangladesh,2020,23.04670249,,,World_Bank
Low birth weight (=<2500 g),Bangladesh,2019,23.1435331,,,World_Bank
Low birth weight (=<2500 g),Bangladesh,2018,23.28589806,,,World_Bank
Low birth weight (=<2500 g),Bangladesh,2017,23.47035394,,,World_Bank
Low birth weight (=<2500 g),Bangladesh,2016,23.67182874,,,World_Bank
Low birth weight (=<2500 g),Bangladesh,2015,23.86487466,,,World_Bank
Low birth weight (=<2500 g),Bangladesh,2014,24.03483604,,,World_Bank
Low birth weight (=<2500 g),Bangladesh,2013,24.17813493,,,World_Bank
Low birth weight (=<2500 g),Bangladesh,2012,24.28958134,,,World_Bank
Low birth weight (=<2500 g),Bangladesh,2011,24.39313339,,,World_Bank
Low birth weight (=<2500 g),Bangladesh,2010,24.49334285,,,World_Bank
Low birth weight (=<2500 g),Bangladesh,2009,24.5978801,,,World_Bank
Low birth weight (=<2500 g),Bangladesh,2008,24.71725437,,,World_Bank
Low birth weight (=<2500 g),Bangladesh,2007,24.84964498,,,World_Bank
Low birth weight (=<2500 g),Bangladesh,2006,25.01385613,,,World_Bank
Low birth weight (=<2500 g),Bangladesh,2005,25.17252216,,,World_Bank
Low birth weight (=<2500 g),Bangladesh,2004,25.32484513,,,World_Bank
Low birth weight (=<2500 g),Bangladesh,2003,25.44406191,,,World_Bank
Low birth weight (=<2500 g),Bangladesh,2002,25.53076891,,,World_Bank
Low birth weight (=<2500 g),Bangladesh,2001,25.60205254,,,World_Bank
Low birth weight (=<2500 g),Bangladesh,2000,25.6580856,,,World_Bank
Low birth weight (=<2500 g),Belarus,2020,5.122986416,,,World_Bank
Low birth weight (=<2500 g),Belarus,2019,5.116320234,,,World_Bank
Low birth weight (=<2500 g),Belarus,2018,5.11230238,,,World_Bank
Low birth weight (=<2500 g),Belarus,2017,5.106395086,,,World_Bank
Low birth weight (=<2500 g),Belarus,2016,5.096654832,,,World_Bank
Low birth weight (=<2500 g),Belarus,2015,5.080039869,,,World_Bank
Low birth weight (=<2500 g),Belarus,2014,5.057112223,,,World_Bank
Low birth weight (=<2500 g),Belarus,2013,5.03988306,,,World_Bank
Low birth weight (=<2500 g),Belarus,2012,5.027127042,,,World_Bank
Low birth weight (=<2500 g),Belarus,2011,5.019745986,,,World_Bank
Low birth weight (=<2500 g),Belarus,2010,5.023510703,,,World_Bank
Low birth weight (=<2500 g),Belarus,2009,5.03139891,,,World_Bank
Low birth weight (=<2500 g),Belarus,2008,5.046204559,,,World_Bank
Low birth weight (=<2500 g),Belarus,2007,5.072357042,,,World_Bank
Low birth weight (=<2500 g),Belarus,2006,5.102633211,,,World_Bank
Low birth weight (=<2500 g),Belarus,2005,5.139963083,,,World_Bank
Low birth weight (=<2500 g),Belarus,2004,5.181046001,,,World_Bank
Low birth weight (=<2500 g),Belarus,2003,5.218897077,,,World_Bank
Low birth weight (=<2500 g),Belarus,2002,5.252775494,,,World_Bank
Low birth weight (=<2500 g),Belarus,2001,5.2797904,,,World_Bank
Low birth weight (=<2500 g),Belarus,2000,5.303776489,,,World_Bank
Low birth weight (=<2500 g),Belgium,2020,6.756188073,,,World_Bank
Low birth weight (=<2500 g),Belgium,2019,6.782403938,,,World_Bank
Low birth weight (=<2500 g),Belgium,2018,6.81084784,,,World_Bank
Low birth weight (=<2500 g),Belgium,2017,6.840933335,,,World_Bank
Low birth weight (=<2500 g),Belgium,2016,6.871489353,,,World_Bank
Low birth weight (=<2500 g),Belgium,2015,6.901784868,,,World_Bank
Low birth weight (=<2500 g),Belgium,2014,6.930989238,,,World_Bank
Low birth weight (=<2500 g),Belgium,2013,6.957401831,,,World_Bank
Low birth weight (=<2500 g),Belgium,2012,6.981487283,,,World_Bank
Low birth weight (=<2500 g),Belgium,2011,7.001126929,,,World_Bank
Low birth weight (=<2500 g),Belgium,2010,7.015518848,,,World_Bank
Low birth weight (=<2500 g),Belgium,2009,7.027697591,,,World_Bank
Low birth weight (=<2500 g),Belgium,2008,7.034535975,,,World_Bank
Low birth weight (=<2500 g),Belgium,2007,7.040954436,,,World_Bank
Low birth weight (=<2500 g),Belgium,2006,7.050015427,,,World_Bank
Low birth weight (=<2500 g),Belgium,2005,7.06019929,,,World_Bank
Low birth weight (=<2500 g),Belgium,2004,7.077551209,,,World_Bank
Low birth weight (=<2500 g),Belgium,2003,7.099087044,,,World_Bank
Low birth weight (=<2500 g),Belgium,2002,7.120153011,,,World_Bank
Low birth weight (=<2500 g),Belgium,2001,7.141869507,,,World_Bank
Low birth weight (=<2500 g),Belgium,2000,7.162435876,,,World_Bank
Low birth weight (=<2500 g),Belize,2020,11.5589646,,,World_Bank
Low birth weight (=<2500 g),Belize,2019,11.53386808,,,World_Bank
Low birth weight (=<2500 g),Belize,2018,11.50022687,,,World_Bank
Low birth weight (=<2500 g),Belize,2017,11.46112089,,,World_Bank
Low birth weight (=<2500 g),Belize,2016,11.41861673,,,World_Bank
Low birth weight (=<2500 g),Belize,2015,11.38481513,,,World_Bank
Low birth weight (=<2500 g),Belize,2014,11.34470154,,,World_Bank
Low birth weight (=<2500 g),Belize,2013,11.30769752,,,World_Bank
Low birth weight (=<2500 g),Belize,2012,11.26188021,,,World_Bank
Low birth weight (=<2500 g),Belize,2011,11.21620806,,,World_Bank
Low birth weight (=<2500 g),Belize,2010,11.16806035,,,World_Bank
Low birth weight (=<2500 g),Belize,2009,11.11737149,,,World_Bank
Low birth weight (=<2500 g),Belize,2008,11.07116801,,,World_Bank
Low birth weight (=<2500 g),Belize,2007,11.02213741,,,World_Bank
Low birth weight (=<2500 g),Belize,2006,10.97213546,,,World_Bank
Low birth weight (=<2500 g),Belize,2005,10.93835406,,,World_Bank
Low birth weight (=<2500 g),Belize,2004,10.91461457,,,World_Bank
Low birth weight (=<2500 g),Belize,2003,10.89797214,,,World_Bank
Low birth weight (=<2500 g),Belize,2002,10.89858274,,,World_Bank
Low birth weight (=<2500 g),Belize,2001,10.90181971,,,World_Bank
Low birth weight (=<2500 g),Belize,2000,10.90176985,,,World_Bank
Low birth weight (=<2500 g),Benin,2020,16.44582801,,,World_Bank
Low birth weight (=<2500 g),Benin,2019,16.5613094,,,World_Bank
Low birth weight (=<2500 g),Benin,2018,16.69812424,,,World_Bank
Low birth weight (=<2500 g),Benin,2017,16.83932758,,,World_Bank
Low birth weight (=<2500 g),Benin,2016,16.97887882,,,World_Bank
Low birth weight (=<2500 g),Benin,2015,17.10543012,,,World_Bank
Low birth weight (=<2500 g),Benin,2014,17.22623995,,,World_Bank
Low birth weight (=<2500 g),Benin,2013,17.34998433,,,World_Bank
Low birth weight (=<2500 g),Benin,2012,17.47560586,,,World_Bank
Low birth weight (=<2500 g),Benin,2011,17.5947751,,,World_Bank
Low birth weight (=<2500 g),Benin,2010,17.70726151,,,World_Bank
Low birth weight (=<2500 g),Benin,2009,17.81333479,,,World_Bank
Low birth weight (=<2500 g),Benin,2008,17.92033119,,,World_Bank
Low birth weight (=<2500 g),Benin,2007,18.03745634,,,World_Bank
Low birth weight (=<2500 g),Benin,2006,18.15884912,,,World_Bank
Low birth weight (=<2500 g),Benin,2005,18.27611542,,,World_Bank
Low birth weight (=<2500 g),Benin,2004,18.39170154,,,World_Bank
Low birth weight (=<2500 g),Benin,2003,18.505374,,,World_Bank
Low birth weight (=<2500 g),Benin,2002,18.61585851,,,World_Bank
Low birth weight (=<2500 g),Benin,2001,18.72546337,,,World_Bank
Low birth weight (=<2500 g),Benin,2000,18.83905333,,,World_Bank
Low birth weight (=<2500 g),Bhutan,2020,11.43096562,,,World_Bank
Low birth weight (=<2500 g),Bhutan,2019,11.45118534,,,World_Bank
Low birth weight (=<2500 g),Bhutan,2018,11.47760321,,,World_Bank
Low birth weight (=<2500 g),Bhutan,2017,11.52406252,,,World_Bank
Low birth weight (=<2500 g),Bhutan,2016,11.57356018,,,World_Bank
Low birth weight (=<2500 g),Bhutan,2015,11.62824096,,,World_Bank
Low birth weight (=<2500 g),Bhutan,2014,11.6671765,,,World_Bank
Low birth weight (=<2500 g),Bhutan,2013,11.69385633,,,World_Bank
Low birth weight (=<2500 g),Bhutan,2012,11.71914061,,,World_Bank
Low birth weight (=<2500 g),Bhutan,2011,11.73281531,,,World_Bank
Low birth weight (=<2500 g),Bhutan,2010,11.74182462,,,World_Bank
Low birth weight (=<2500 g),Bhutan,2009,11.7613132,,,World_Bank
Low birth weight (=<2500 g),Bhutan,2008,11.78615409,,,World_Bank
Low birth weight (=<2500 g),Bhutan,2007,11.82591942,,,World_Bank
Low birth weight (=<2500 g),Bhutan,2006,11.892393,,,World_Bank
Low birth weight (=<2500 g),Bhutan,2005,11.96972342,,,World_Bank
Low birth weight (=<2500 g),Bhutan,2004,12.05094276,,,World_Bank
Low birth weight (=<2500 g),Bhutan,2003,12.14064349,,,World_Bank
Low birth weight (=<2500 g),Bhutan,2002,12.21999992,,,World_Bank
Low birth weight (=<2500 g),Bhutan,2001,12.29403558,,,World_Bank
Low birth weight (=<2500 g),Bhutan,2000,12.35256361,,,World_Bank
Low birth weight (=<2500 g),Bolivia,2020,7.933435546,,,World_Bank
Low birth weight (=<2500 g),Bolivia,2019,7.96611531,,,World_Bank
Low birth weight (=<2500 g),Bolivia,2018,8.003493779,,,World_Bank
Low birth weight (=<2500 g),Bolivia,2017,8.046815643,,,World_Bank
Low birth weight (=<2500 g),Bolivia,2016,8.091821112,,,World_Bank
Low birth weight (=<2500 g),Bolivia,2015,8.143543568,,,World_Bank
Low birth weight (=<2500 g),Bolivia,2014,8.195010316,,,World_Bank
Low birth weight (=<2500 g),Bolivia,2013,8.255839247,,,World_Bank
Low birth weight (=<2500 g),Bolivia,2012,8.312361318,,,World_Bank
Low birth weight (=<2500 g),Bolivia,2011,8.36402233,,,World_Bank
Low birth weight (=<2500 g),Bolivia,2010,8.412332113,,,World_Bank
Low birth weight (=<2500 g),Bolivia,2009,8.45903729,,,World_Bank
Low birth weight (=<2500 g),Bolivia,2008,8.510474733,,,World_Bank
Low birth weight (=<2500 g),Bolivia,2007,8.568927161,,,World_Bank
Low birth weight (=<2500 g),Bolivia,2006,8.630654574,,,World_Bank
Low birth weight (=<2500 g),Bolivia,2005,8.695269199,,,World_Bank
Low birth weight (=<2500 g),Bolivia,2004,8.75288733,,,World_Bank
Low birth weight (=<2500 g),Bolivia,2003,8.795442025,,,World_Bank
Low birth weight (=<2500 g),Bolivia,2002,8.829303154,,,World_Bank
Low birth weight (=<2500 g),Bolivia,2001,8.851306951,,,World_Bank
Low birth weight (=<2500 g),Bolivia,2000,8.867312688,,,World_Bank
Low birth weight (=<2500 g),Bosnia and Herzegovina,2020,5.154733974,,,World_Bank
Low birth weight (=<2500 g),Bosnia and Herzegovina,2019,5.144617647,,,World_Bank
Low birth weight (=<2500 g),Bosnia and Herzegovina,2018,5.145761605,,,World_Bank
Low birth weight (=<2500 g),Bosnia and Herzegovina,2017,5.152884762,,,World_Bank
Low birth weight (=<2500 g),Bosnia and Herzegovina,2016,5.159730782,,,World_Bank
Low birth weight (=<2500 g),Bosnia and Herzegovina,2015,5.167765325,,,World_Bank
Low birth weight (=<2500 g),Bosnia and Herzegovina,2014,5.16865569,,,World_Bank
Low birth weight (=<2500 g),Bosnia and Herzegovina,2013,5.169581977,,,World_Bank
Low birth weight (=<2500 g),Bosnia and Herzegovina,2012,5.163974375,,,World_Bank
Low birth weight (=<2500 g),Bosnia and Herzegovina,2011,5.155839139,,,World_Bank
Low birth weight (=<2500 g),Bosnia and Herzegovina,2010,5.144535181,,,World_Bank
Low birth weight (=<2500 g),Bosnia and Herzegovina,2009,5.130173006,,,World_Bank
Low birth weight (=<2500 g),Bosnia and Herzegovina,2008,5.121507833,,,World_Bank
Low birth weight (=<2500 g),Bosnia and Herzegovina,2007,5.116571912,,,World_Bank
Low birth weight (=<2500 g),Bosnia and Herzegovina,2006,5.114372923,,,World_Bank
Low birth weight (=<2500 g),Bosnia and Herzegovina,2005,5.106803357,,,World_Bank
Low birth weight (=<2500 g),Bosnia and Herzegovina,2004,5.100740169,,,World_Bank
Low birth weight (=<2500 g),Bosnia and Herzegovina,2003,5.09034477,,,World_Bank
Low birth weight (=<2500 g),Bosnia and Herzegovina,2002,5.080577995,,,World_Bank
Low birth weight (=<2500 g),Bosnia and Herzegovina,2001,5.070949023,,,World_Bank
Low birth weight (=<2500 g),Bosnia and Herzegovina,2000,5.060818063,,,World_Bank
Low birth weight (=<2500 g),Botswana,2020,16.83437991,,,World_Bank
Low birth weight (=<2500 g),Botswana,2019,16.86317698,,,World_Bank
Low birth weight (=<2500 g),Botswana,2018,16.91463647,,,World_Bank
Low birth weight (=<2500 g),Botswana,2017,16.96763617,,,World_Bank
Low birth weight (=<2500 g),Botswana,2016,16.99807318,,,World_Bank
Low birth weight (=<2500 g),Botswana,2015,17.04357972,,,World_Bank
Low birth weight (=<2500 g),Botswana,2014,17.08611252,,,World_Bank
Low birth weight (=<2500 g),Botswana,2013,17.1736341,,,World_Bank
Low birth weight (=<2500 g),Botswana,2012,17.29614331,,,World_Bank
Low birth weight (=<2500 g),Botswana,2011,17.4445469,,,World_Bank
Low birth weight (=<2500 g),Botswana,2010,17.60703507,,,World_Bank
Low birth weight (=<2500 g),Botswana,2009,17.75446549,,,World_Bank
Low birth weight (=<2500 g),Botswana,2008,17.87103405,,,World_Bank
Low birth weight (=<2500 g),Botswana,2007,17.99555593,,,World_Bank
Low birth weight (=<2500 g),Botswana,2006,18.08437308,,,World_Bank
Low birth weight (=<2500 g),Botswana,2005,18.16982545,,,World_Bank
Low birth weight (=<2500 g),Botswana,2004,18.21188869,,,World_Bank
Low birth weight (=<2500 g),Botswana,2003,18.21239743,,,World_Bank
Low birth weight (=<2500 g),Botswana,2002,18.19030206,,,World_Bank
Low birth weight (=<2500 g),Botswana,2001,18.1349067,,,World_Bank
Low birth weight (=<2500 g),Botswana,2000,18.09912789,,,World_Bank
Low birth weight (=<2500 g),Brazil,2020,8.698070886,,,World_Bank
Low birth weight (=<2500 g),Brazil,2019,8.671332659,,,World_Bank
Low birth weight (=<2500 g),Brazil,2018,8.640901624,,,World_Bank
Low birth weight (=<2500 g),Brazil,2017,8.601920539,,,World_Bank
Low birth weight (=<2500 g),Brazil,2016,8.553059488,,,World_Bank
Low birth weight (=<2500 g),Brazil,2015,8.496267276,,,World_Bank
Low birth weight (=<2500 g),Brazil,2014,8.436405842,,,World_Bank
Low birth weight (=<2500 g),Brazil,2013,8.382939132,,,World_Bank
Low birth weight (=<2500 g),Brazil,2012,8.343005054,,,World_Bank
Low birth weight (=<2500 g),Brazil,2011,8.312244733,,,World_Bank
Low birth weight (=<2500 g),Brazil,2010,8.291357034,,,World_Bank
Low birth weight (=<2500 g),Brazil,2009,8.272945387,,,World_Bank
Low birth weight (=<2500 g),Brazil,2008,8.251819215,,,World_Bank
Low birth weight (=<2500 g),Brazil,2007,8.230718484,,,World_Bank
Low birth weight (=<2500 g),Brazil,2006,8.207887328,,,World_Bank
Low birth weight (=<2500 g),Brazil,2005,8.18279469,,,World_Bank
Low birth weight (=<2500 g),Brazil,2004,8.154249079,,,World_Bank
Low birth weight (=<2500 g),Brazil,2003,8.121477821,,,World_Bank
Low birth weight (=<2500 g),Brazil,2002,8.085053081,,,World_Bank
Low birth weight (=<2500 g),Brazil,2001,8.046378369,,,World_Bank
Low birth weight (=<2500 g),Brazil,2000,8.006965506,,,World_Bank
Low birth weight (=<2500 g),Brunei Darussalam,2020,13.64151602,,,World_Bank
Low birth weight (=<2500 g),Brunei Darussalam,2019,13.60193948,,,World_Bank
Low birth weight (=<2500 g),Brunei Darussalam,2018,13.55716814,,,World_Bank
Low birth weight (=<2500 g),Brunei Darussalam,2017,13.50721456,,,World_Bank
Low birth weight (=<2500 g),Brunei Darussalam,2016,13.45907382,,,World_Bank
Low birth weight (=<2500 g),Brunei Darussalam,2015,13.40463329,,,World_Bank
Low birth weight (=<2500 g),Brunei Darussalam,2014,13.34711363,,,World_Bank
Low birth weight (=<2500 g),Brunei Darussalam,2013,13.2773432,,,World_Bank
Low birth weight (=<2500 g),Brunei Darussalam,2012,13.20635701,,,World_Bank
Low birth weight (=<2500 g),Brunei Darussalam,2011,13.13138309,,,World_Bank
Low birth weight (=<2500 g),Brunei Darussalam,2010,13.04585152,,,World_Bank
Low birth weight (=<2500 g),Brunei Darussalam,2009,12.96599477,,,World_Bank
Low birth weight (=<2500 g),Brunei Darussalam,2008,12.8856634,,,World_Bank
Low birth weight (=<2500 g),Brunei Darussalam,2007,12.79842678,,,World_Bank
Low birth weight (=<2500 g),Brunei Darussalam,2006,12.71783674,,,World_Bank
Low birth weight (=<2500 g),Brunei Darussalam,2005,12.63905338,,,World_Bank
Low birth weight (=<2500 g),Brunei Darussalam,2004,12.56608851,,,World_Bank
Low birth weight (=<2500 g),Brunei Darussalam,2003,12.4995795,,,World_Bank
Low birth weight (=<2500 g),Brunei Darussalam,2002,12.43825365,,,World_Bank
Low birth weight (=<2500 g),Brunei Darussalam,2001,12.38421494,,,World_Bank
Low birth weight (=<2500 g),Brunei Darussalam,2000,12.33389863,,,World_Bank
Low birth weight (=<2500 g),Bulgaria,2020,11.36161178,,,World_Bank
Low birth weight (=<2500 g),Bulgaria,2019,11.31013727,,,World_Bank
Low birth weight (=<2500 g),Bulgaria,2018,11.27161413,,,World_Bank
Low birth weight (=<2500 g),Bulgaria,2017,11.23297843,,,World_Bank
Low birth weight (=<2500 g),Bulgaria,2016,11.19564936,,,World_Bank
Low birth weight (=<2500 g),Bulgaria,2015,11.15329482,,,World_Bank
Low birth weight (=<2500 g),Bulgaria,2014,11.09567972,,,World_Bank
Low birth weight (=<2500 g),Bulgaria,2013,11.03400834,,,World_Bank
Low birth weight (=<2500 g),Bulgaria,2012,10.9605936,,,World_Bank
Low birth weight (=<2500 g),Bulgaria,2011,10.8804639,,,World_Bank
Low birth weight (=<2500 g),Bulgaria,2010,10.80674582,,,World_Bank
Low birth weight (=<2500 g),Bulgaria,2009,10.73361726,,,World_Bank
Low birth weight (=<2500 g),Bulgaria,2008,10.6708115,,,World_Bank
Low birth weight (=<2500 g),Bulgaria,2007,10.62606329,,,World_Bank
Low birth weight (=<2500 g),Bulgaria,2006,10.58481778,,,World_Bank
Low birth weight (=<2500 g),Bulgaria,2005,10.56163195,,,World_Bank
Low birth weight (=<2500 g),Bulgaria,2004,10.54690708,,,World_Bank
Low birth weight (=<2500 g),Bulgaria,2003,10.53834804,,,World_Bank
Low birth weight (=<2500 g),Bulgaria,2002,10.54204557,,,World_Bank
Low birth weight (=<2500 g),Bulgaria,2001,10.53802122,,,World_Bank
Low birth weight (=<2500 g),Bulgaria,2000,10.52336153,,,World_Bank
Low birth weight (=<2500 g),Burkina Faso,2020,18.46865415,,,World_Bank
Low birth weight (=<2500 g),Burkina Faso,2019,18.53367271,,,World_Bank
Low birth weight (=<2500 g),Burkina Faso,2018,18.60022978,,,World_Bank
Low birth weight (=<2500 g),Burkina Faso,2017,18.68069059,,,World_Bank
Low birth weight (=<2500 g),Burkina Faso,2016,18.75670772,,,World_Bank
Low birth weight (=<2500 g),Burkina Faso,2015,18.83219324,,,World_Bank
Low birth weight (=<2500 g),Burkina Faso,2014,18.90736753,,,World_Bank
Low birth weight (=<2500 g),Burkina Faso,2013,18.98745966,,,World_Bank
Low birth weight (=<2500 g),Burkina Faso,2012,19.07206674,,,World_Bank
Low birth weight (=<2500 g),Burkina Faso,2011,19.16702978,,,World_Bank
Low birth weight (=<2500 g),Burkina Faso,2010,19.2592351,,,World_Bank
Low birth weight (=<2500 g),Burkina Faso,2009,19.34464915,,,World_Bank
Low birth weight (=<2500 g),Burkina Faso,2008,19.41973269,,,World_Bank
Low birth weight (=<2500 g),Burkina Faso,2007,19.49865261,,,World_Bank
Low birth weight (=<2500 g),Burkina Faso,2006,19.58883727,,,World_Bank
Low birth weight (=<2500 g),Burkina Faso,2005,19.70215347,,,World_Bank
Low birth weight (=<2500 g),Burkina Faso,2004,19.81967548,,,World_Bank
Low birth weight (=<2500 g),Burkina Faso,2003,19.93867889,,,World_Bank
Low birth weight (=<2500 g),Burkina Faso,2002,20.05806773,,,World_Bank
Low birth weight (=<2500 g),Burkina Faso,2001,20.17004015,,,World_Bank
Low birth weight (=<2500 g),Burkina Faso,2000,20.28646609,,,World_Bank
Low birth weight (=<2500 g),Burundi,2020,14.77690155,,,World_Bank
Low birth weight (=<2500 g),Burundi,2019,14.82977363,,,World_Bank
Low birth weight (=<2500 g),Burundi,2018,14.88147374,,,World_Bank
Low birth weight (=<2500 g),Burundi,2017,14.91600338,,,World_Bank
Low birth weight (=<2500 g),Burundi,2016,14.94092705,,,World_Bank
Low birth weight (=<2500 g),Burundi,2015,14.97183445,,,World_Bank
Low birth weight (=<2500 g),Burundi,2014,14.99738274,,,World_Bank
Low birth weight (=<2500 g),Burundi,2013,15.03630739,,,World_Bank
Low birth weight (=<2500 g),Burundi,2012,15.08527363,,,World_Bank
Low birth weight (=<2500 g),Burundi,2011,15.13173531,,,World_Bank
Low birth weight (=<2500 g),Burundi,2010,15.18630295,,,World_Bank
Low birth weight (=<2500 g),Burundi,2009,15.23796697,,,World_Bank
Low birth weight (=<2500 g),Burundi,2008,15.28578186,,,World_Bank
Low birth weight (=<2500 g),Burundi,2007,15.33892552,,,World_Bank
Low birth weight (=<2500 g),Burundi,2006,15.39329585,,,World_Bank
Low birth weight (=<2500 g),Burundi,2005,15.44911504,,,World_Bank
Low birth weight (=<2500 g),Burundi,2004,15.49421624,,,World_Bank
Low birth weight (=<2500 g),Burundi,2003,15.53114728,,,World_Bank
Low birth weight (=<2500 g),Burundi,2002,15.56616979,,,World_Bank
Low birth weight (=<2500 g),Burundi,2001,15.59952717,,,World_Bank
Low birth weight (=<2500 g),Burundi,2000,15.63853732,,,World_Bank
Low birth weight (=<2500 g),Cambodia,2020,11.44900477,,,World_Bank
Low birth weight (=<2500 g),Cambodia,2019,11.57745855,,,World_Bank
Low birth weight (=<2500 g),Cambodia,2018,11.72561576,,,World_Bank
Low birth weight (=<2500 g),Cambodia,2017,11.88579851,,,World_Bank
Low birth weight (=<2500 g),Cambodia,2016,12.05243606,,,World_Bank
Low birth weight (=<2500 g),Cambodia,2015,12.22253221,,,World_Bank
Low birth weight (=<2500 g),Cambodia,2014,12.38619901,,,World_Bank
Low birth weight (=<2500 g),Cambodia,2013,12.54704707,,,World_Bank
Low birth weight (=<2500 g),Cambodia,2012,12.70104294,,,World_Bank
Low birth weight (=<2500 g),Cambodia,2011,12.84517656,,,World_Bank
Low birth weight (=<2500 g),Cambodia,2010,12.98547361,,,World_Bank
Low birth weight (=<2500 g),Cambodia,2009,13.11563288,,,World_Bank
Low birth weight (=<2500 g),Cambodia,2008,13.2401407,,,World_Bank
Low birth weight (=<2500 g),Cambodia,2007,13.38389725,,,World_Bank
Low birth weight (=<2500 g),Cambodia,2006,13.55086798,,,World_Bank
Low birth weight (=<2500 g),Cambodia,2005,13.73885681,,,World_Bank
Low birth weight (=<2500 g),Cambodia,2004,13.94326048,,,World_Bank
Low birth weight (=<2500 g),Cambodia,2003,14.14636158,,,World_Bank
Low birth weight (=<2500 g),Cambodia,2002,14.34486791,,,World_Bank
Low birth weight (=<2500 g),Cambodia,2001,14.52675643,,,World_Bank
Low birth weight (=<2500 g),Cambodia,2000,14.71052642,,,World_Bank
Low birth weight (=<2500 g),Cameroon,2020,12.51261546,,,World_Bank
Low birth weight (=<2500 g),Cameroon,2019,12.54242396,,,World_Bank
Low birth weight (=<2500 g),Cameroon,2018,12.58366342,,,World_Bank
Low birth weight (=<2500 g),Cameroon,2017,12.62741624,,,World_Bank
Low birth weight (=<2500 g),Cameroon,2016,12.6742273,,,World_Bank
Low birth weight (=<2500 g),Cameroon,2015,12.72699835,,,World_Bank
Low birth weight (=<2500 g),Cameroon,2014,12.77508481,,,World_Bank
Low birth weight (=<2500 g),Cameroon,2013,12.82494224,,,World_Bank
Low birth weight (=<2500 g),Cameroon,2012,12.86976886,,,World_Bank
Low birth weight (=<2500 g),Cameroon,2011,12.90869897,,,World_Bank
Low birth weight (=<2500 g),Cameroon,2010,12.94574686,,,World_Bank
Low birth weight (=<2500 g),Cameroon,2009,12.98120386,,,World_Bank
Low birth weight (=<2500 g),Cameroon,2008,13.01656292,,,World_Bank
Low birth weight (=<2500 g),Cameroon,2007,13.05548723,,,World_Bank
Low birth weight (=<2500 g),Cameroon,2006,13.08805323,,,World_Bank
Low birth weight (=<2500 g),Cameroon,2005,13.12647126,,,World_Bank
Low birth weight (=<2500 g),Cameroon,2004,13.16457406,,,World_Bank
Low birth weight (=<2500 g),Cameroon,2003,13.20554212,,,World_Bank
Low birth weight (=<2500 g),Cameroon,2002,13.25069947,,,World_Bank
Low birth weight (=<2500 g),Cameroon,2001,13.28450917,,,World_Bank
Low birth weight (=<2500 g),Cameroon,2000,13.31223399,,,World_Bank
Low birth weight (=<2500 g),Canada,2020,6.625426609,,,World_Bank
Low birth weight (=<2500 g),Canada,2019,6.574049361,,,World_Bank
Low birth weight (=<2500 g),Canada,2018,6.524354086,,,World_Bank
Low birth weight (=<2500 g),Canada,2017,6.475156756,,,World_Bank
Low birth weight (=<2500 g),Canada,2016,6.429693159,,,World_Bank
Low birth weight (=<2500 g),Canada,2015,6.383229397,,,World_Bank
Low birth weight (=<2500 g),Canada,2014,6.335681788,,,World_Bank
Low birth weight (=<2500 g),Canada,2013,6.289269379,,,World_Bank
Low birth weight (=<2500 g),Canada,2012,6.240236929,,,World_Bank
Low birth weight (=<2500 g),Canada,2011,6.191290731,,,World_Bank
Low birth weight (=<2500 g),Canada,2010,6.142655447,,,World_Bank
Low birth weight (=<2500 g),Canada,2009,6.090879588,,,World_Bank
Low birth weight (=<2500 g),Canada,2008,6.040152742,,,World_Bank
Low birth weight (=<2500 g),Canada,2007,5.990803937,,,World_Bank
Low birth weight (=<2500 g),Canada,2006,5.943874057,,,World_Bank
Low birth weight (=<2500 g),Canada,2005,5.900169849,,,World_Bank
Low birth weight (=<2500 g),Canada,2004,5.856827784,,,World_Bank
Low birth weight (=<2500 g),Canada,2003,5.812286434,,,World_Bank
Low birth weight (=<2500 g),Canada,2002,5.768693654,,,World_Bank
Low birth weight (=<2500 g),Canada,2001,5.72602059,,,World_Bank
Low birth weight (=<2500 g),Canada,2000,5.68553368,,,World_Bank
Low birth weight (=<2500 g),Central African Republic,2020,16.35473066,,,World_Bank
Low birth weight (=<2500 g),Central African Republic,2019,16.34442942,,,World_Bank
Low birth weight (=<2500 g),Central African Republic,2018,16.34634167,,,World_Bank
Low birth weight (=<2500 g),Central African Republic,2017,16.36289614,,,World_Bank
Low birth weight (=<2500 g),Central African Republic,2016,16.38933395,,,World_Bank
Low birth weight (=<2500 g),Central African Republic,2015,16.35429359,,,World_Bank
Low birth weight (=<2500 g),Central African Republic,2014,16.25378574,,,World_Bank
Low birth weight (=<2500 g),Central African Republic,2013,16.09137083,,,World_Bank
Low birth weight (=<2500 g),Central African Republic,2012,15.88767893,,,World_Bank
Low birth weight (=<2500 g),Central African Republic,2011,15.75199546,,,World_Bank
Low birth weight (=<2500 g),Central African Republic,2010,15.66784952,,,World_Bank
Low birth weight (=<2500 g),Central African Republic,2009,15.62373545,,,World_Bank
Low birth weight (=<2500 g),Central African Republic,2008,15.60728734,,,World_Bank
Low birth weight (=<2500 g),Central African Republic,2007,15.57579157,,,World_Bank
Low birth weight (=<2500 g),Central African Republic,2006,15.53855276,,,World_Bank
Low birth weight (=<2500 g),Central African Republic,2005,15.49225883,,,World_Bank
Low birth weight (=<2500 g),Central African Republic,2004,15.44503538,,,World_Bank
Low birth weight (=<2500 g),Central African Republic,2003,15.39632984,,,World_Bank
Low birth weight (=<2500 g),Central African Republic,2002,15.34933698,,,World_Bank
Low birth weight (=<2500 g),Central African Republic,2001,15.29938331,,,World_Bank
Low birth weight (=<2500 g),Central African Republic,2000,15.24848711,,,World_Bank
Low birth weight (=<2500 g),Chile,2020,6.83669713,,,World_Bank
Low birth weight (=<2500 g),Chile,2019,6.755613468,,,World_Bank
Low birth weight (=<2500 g),Chile,2018,6.672755059,,,World_Bank
Low birth weight (=<2500 g),Chile,2017,6.583185416,,,World_Bank
Low birth weight (=<2500 g),Chile,2016,6.489012393,,,World_Bank
Low birth weight (=<2500 g),Chile,2015,6.393352251,,,World_Bank
Low birth weight (=<2500 g),Chile,2014,6.295880788,,,World_Bank
Low birth weight (=<2500 g),Chile,2013,6.207215588,,,World_Bank
Low birth weight (=<2500 g),Chile,2012,6.127128731,,,World_Bank
Low birth weight (=<2500 g),Chile,2011,6.047384624,,,World_Bank
Low birth weight (=<2500 g),Chile,2010,5.97483487,,,World_Bank
Low birth weight (=<2500 g),Chile,2009,5.902565117,,,World_Bank
Low birth weight (=<2500 g),Chile,2008,5.825722295,,,World_Bank
Low birth weight (=<2500 g),Chile,2007,5.758355186,,,World_Bank
Low birth weight (=<2500 g),Chile,2006,5.690335203,,,World_Bank
Low birth weight (=<2500 g),Chile,2005,5.620012873,,,World_Bank
Low birth weight (=<2500 g),Chile,2004,5.552639622,,,World_Bank
Low birth weight (=<2500 g),Chile,2003,5.481001668,,,World_Bank
Low birth weight (=<2500 g),Chile,2002,5.410696249,,,World_Bank
Low birth weight (=<2500 g),Chile,2001,5.342049167,,,World_Bank
Low birth weight (=<2500 g),Chile,2000,5.274506806,,,World_Bank
Low birth weight (=<2500 g),China,2020,4.973518577,,,World_Bank
Low birth weight (=<2500 g),China,2019,4.962522124,,,World_Bank
Low birth weight (=<2500 g),China,2018,4.963477394,,,World_Bank
Low birth weight (=<2500 g),China,2017,4.981858305,,,World_Bank
Low birth weight (=<2500 g),China,2016,5.008052354,,,World_Bank
Low birth weight (=<2500 g),China,2015,5.037357965,,,World_Bank
Low birth weight (=<2500 g),China,2014,5.064320362,,,World_Bank
Low birth weight (=<2500 g),China,2013,5.093361937,,,World_Bank
Low birth weight (=<2500 g),China,2012,5.120892995,,,World_Bank
Low birth weight (=<2500 g),China,2011,5.150401654,,,World_Bank
Low birth weight (=<2500 g),China,2010,5.183385818,,,World_Bank
Low birth weight (=<2500 g),China,2009,5.223763659,,,World_Bank
Low birth weight (=<2500 g),China,2008,5.270601106,,,World_Bank
Low birth weight (=<2500 g),China,2007,5.324995472,,,World_Bank
Low birth weight (=<2500 g),China,2006,5.388917277,,,World_Bank
Low birth weight (=<2500 g),China,2005,5.45546876,,,World_Bank
Low birth weight (=<2500 g),China,2004,5.52369628,,,World_Bank
Low birth weight (=<2500 g),China,2003,5.589700245,,,World_Bank
Low birth weight (=<2500 g),China,2002,5.65005185,,,World_Bank
Low birth weight (=<2500 g),China,2001,5.69766418,,,World_Bank
Low birth weight (=<2500 g),China,2000,5.736897752,,,World_Bank
Low birth weight (=<2500 g),Colombia,2020,10.95282506,,,World_Bank
Low birth weight (=<2500 g),Colombia,2019,10.88666678,,,World_Bank
Low birth weight (=<2500 g),Colombia,2018,10.82091127,,,World_Bank
Low birth weight (=<2500 g),Colombia,2017,10.75755859,,,World_Bank
Low birth weight (=<2500 g),Colombia,2016,10.69442551,,,World_Bank
Low birth weight (=<2500 g),Colombia,2015,10.63505259,,,World_Bank
Low birth weight (=<2500 g),Colombia,2014,10.57973382,,,World_Bank
Low birth weight (=<2500 g),Colombia,2013,10.53006451,,,World_Bank
Low birth weight (=<2500 g),Colombia,2012,10.48103919,,,World_Bank
Low birth weight (=<2500 g),Colombia,2011,10.43026509,,,World_Bank
Low birth weight (=<2500 g),Colombia,2010,10.37053305,,,World_Bank
Low birth weight (=<2500 g),Colombia,2009,10.30178763,,,World_Bank
Low birth weight (=<2500 g),Colombia,2008,10.23021605,,,World_Bank
Low birth weight (=<2500 g),Colombia,2007,10.16011411,,,World_Bank
Low birth weight (=<2500 g),Colombia,2006,10.09654478,,,World_Bank
Low birth weight (=<2500 g),Colombia,2005,10.03749117,,,World_Bank
Low birth weight (=<2500 g),Colombia,2004,9.977246673,,,World_Bank
Low birth weight (=<2500 g),Colombia,2003,9.91055637,,,World_Bank
Low birth weight (=<2500 g),Colombia,2002,9.834362799,,,World_Bank
Low birth weight (=<2500 g),Colombia,2001,9.748549744,,,World_Bank
Low birth weight (=<2500 g),Colombia,2000,9.65552569,,,World_Bank
Low birth weight (=<2500 g),Comoros,2020,23.02724006,,,World_Bank
Low birth weight (=<2500 g),Comoros,2019,23.17438682,,,World_Bank
Low birth weight (=<2500 g),Comoros,2018,23.3203247,,,World_Bank
Low birth weight (=<2500 g),Comoros,2017,23.47133018,,,World_Bank
Low birth weight (=<2500 g),Comoros,2016,23.61539682,,,World_Bank
Low birth weight (=<2500 g),Comoros,2015,23.75450733,,,World_Bank
Low birth weight (=<2500 g),Comoros,2014,23.8744153,,,World_Bank
Low birth weight (=<2500 g),Comoros,2013,23.99375464,,,World_Bank
Low birth weight (=<2500 g),Comoros,2012,24.11875671,,,World_Bank
Low birth weight (=<2500 g),Comoros,2011,24.24461105,,,World_Bank
Low birth weight (=<2500 g),Comoros,2010,24.38551476,,,World_Bank
Low birth weight (=<2500 g),Comoros,2009,24.51937748,,,World_Bank
Low birth weight (=<2500 g),Comoros,2008,24.6408115,,,World_Bank
Low birth weight (=<2500 g),Comoros,2007,24.76584874,,,World_Bank
Low birth weight (=<2500 g),Comoros,2006,24.8711381,,,World_Bank
Low birth weight (=<2500 g),Comoros,2005,24.97399902,,,World_Bank
Low birth weight (=<2500 g),Comoros,2004,25.07739343,,,World_Bank
Low birth weight (=<2500 g),Comoros,2003,25.18186299,,,World_Bank
Low birth weight (=<2500 g),Comoros,2002,25.28963506,,,World_Bank
Low birth weight (=<2500 g),Comoros,2001,25.4024139,,,World_Bank
Low birth weight (=<2500 g),Comoros,2000,25.5180785,,,World_Bank
Low birth weight (=<2500 g),"Congo, Dem. Rep.",2020,10.15699502,,,World_Bank
Low birth weight (=<2500 g),"Congo, Dem. Rep.",2019,10.2389879,,,World_Bank
Low birth weight (=<2500 g),"Congo, Dem. Rep.",2018,10.32804378,,,World_Bank
Low birth weight (=<2500 g),"Congo, Dem. Rep.",2017,10.42821858,,,World_Bank
Low birth weight (=<2500 g),"Congo, Dem. Rep.",2016,10.5388201,,,World_Bank
Low birth weight (=<2500 g),"Congo, Dem. Rep.",2015,10.66027392,,,World_Bank
Low birth weight (=<2500 g),"Congo, Dem. Rep.",2014,10.78687886,,,World_Bank
Low birth weight (=<2500 g),"Congo, Dem. Rep.",2013,10.9161396,,,World_Bank
Low birth weight (=<2500 g),"Congo, Dem. Rep.",2012,11.04519924,,,World_Bank
Low birth weight (=<2500 g),"Congo, Dem. Rep.",2011,11.17191208,,,World_Bank
Low birth weight (=<2500 g),"Congo, Dem. Rep.",2010,11.29239819,,,World_Bank
Low birth weight (=<2500 g),"Congo, Dem. Rep.",2009,11.41355896,,,World_Bank
Low birth weight (=<2500 g),"Congo, Dem. Rep.",2008,11.53342834,,,World_Bank
Low birth weight (=<2500 g),"Congo, Dem. Rep.",2007,11.65392661,,,World_Bank
Low birth weight (=<2500 g),"Congo, Dem. Rep.",2006,11.77447703,,,World_Bank
Low birth weight (=<2500 g),"Congo, Dem. Rep.",2005,11.8968492,,,World_Bank
Low birth weight (=<2500 g),"Congo, Dem. Rep.",2004,12.02378995,,,World_Bank
Low birth weight (=<2500 g),"Congo, Dem. Rep.",2003,12.14502552,,,World_Bank
Low birth weight (=<2500 g),"Congo, Dem. Rep.",2002,12.25307499,,,World_Bank
Low birth weight (=<2500 g),"Congo, Dem. Rep.",2001,12.3354663,,,World_Bank
Low birth weight (=<2500 g),"Congo, Dem. Rep.",2000,12.3886769,,,World_Bank
Low birth weight (=<2500 g),"Congo, Rep.",2020,11.92652931,,,World_Bank
Low birth weight (=<2500 g),"Congo, Rep.",2019,11.89347494,,,World_Bank
Low birth weight (=<2500 g),"Congo, Rep.",2018,11.80806403,,,World_Bank
Low birth weight (=<2500 g),"Congo, Rep.",2017,11.68747415,,,World_Bank
Low birth weight (=<2500 g),"Congo, Rep.",2016,11.58865907,,,World_Bank
Low birth weight (=<2500 g),"Congo, Rep.",2015,11.51986669,,,World_Bank
Low birth weight (=<2500 g),"Congo, Rep.",2014,11.50816692,,,World_Bank
Low birth weight (=<2500 g),"Congo, Rep.",2013,11.55151165,,,World_Bank
Low birth weight (=<2500 g),"Congo, Rep.",2012,11.62006798,,,World_Bank
Low birth weight (=<2500 g),"Congo, Rep.",2011,11.726263,,,World_Bank
Low birth weight (=<2500 g),"Congo, Rep.",2010,11.83616085,,,World_Bank
Low birth weight (=<2500 g),"Congo, Rep.",2009,11.95087178,,,World_Bank
Low birth weight (=<2500 g),"Congo, Rep.",2008,12.07877414,,,World_Bank
Low birth weight (=<2500 g),"Congo, Rep.",2007,12.20291701,,,World_Bank
Low birth weight (=<2500 g),"Congo, Rep.",2006,12.32444051,,,World_Bank
Low birth weight (=<2500 g),"Congo, Rep.",2005,12.44236392,,,World_Bank
Low birth weight (=<2500 g),"Congo, Rep.",2004,12.54564229,,,World_Bank
Low birth weight (=<2500 g),"Congo, Rep.",2003,12.63147752,,,World_Bank
Low birth weight (=<2500 g),"Congo, Rep.",2002,12.70876931,,,World_Bank
Low birth weight (=<2500 g),"Congo, Rep.",2001,12.76400936,,,World_Bank
Low birth weight (=<2500 g),"Congo, Rep.",2000,12.80615382,,,World_Bank
Low birth weight (=<2500 g),Costa Rica,2020,8.716621057,,,World_Bank
Low birth weight (=<2500 g),Costa Rica,2019,8.671331746,,,World_Bank
Low birth weight (=<2500 g),Costa Rica,2018,8.636792742,,,World_Bank
Low birth weight (=<2500 g),Costa Rica,2017,8.614623006,,,World_Bank
Low birth weight (=<2500 g),Costa Rica,2016,8.596517801,,,World_Bank
Low birth weight (=<2500 g),Costa Rica,2015,8.578067175,,,World_Bank
Low birth weight (=<2500 g),Costa Rica,2014,8.559695538,,,World_Bank
Low birth weight (=<2500 g),Costa Rica,2013,8.540662924,,,World_Bank
Low birth weight (=<2500 g),Costa Rica,2012,8.51952094,,,World_Bank
Low birth weight (=<2500 g),Costa Rica,2011,8.498583704,,,World_Bank
Low birth weight (=<2500 g),Costa Rica,2010,8.477851085,,,World_Bank
Low birth weight (=<2500 g),Costa Rica,2009,8.455853802,,,World_Bank
Low birth weight (=<2500 g),Costa Rica,2008,8.434594113,,,World_Bank
Low birth weight (=<2500 g),Costa Rica,2007,8.421773994,,,World_Bank
Low birth weight (=<2500 g),Costa Rica,2006,8.415330588,,,World_Bank
Low birth weight (=<2500 g),Costa Rica,2005,8.414974728,,,World_Bank
Low birth weight (=<2500 g),Costa Rica,2004,8.413959106,,,World_Bank
Low birth weight (=<2500 g),Costa Rica,2003,8.40816111,,,World_Bank
Low birth weight (=<2500 g),Costa Rica,2002,8.391865625,,,World_Bank
Low birth weight (=<2500 g),Costa Rica,2001,8.365377361,,,World_Bank
Low birth weight (=<2500 g),Costa Rica,2000,8.33164453,,,World_Bank
Low birth weight (=<2500 g),Cote d'Ivoire,2020,18.28976148,,,World_Bank
Low birth weight (=<2500 g),Cote d'Ivoire,2019,18.35391593,,,World_Bank
Low birth weight (=<2500 g),Cote d'Ivoire,2018,18.43593712,,,World_Bank
Low birth weight (=<2500 g),Cote d'Ivoire,2017,18.53292228,,,World_Bank
Low birth weight (=<2500 g),Cote d'Ivoire,2016,18.64470903,,,World_Bank
Low birth weight (=<2500 g),Cote d'Ivoire,2015,18.76376178,,,World_Bank
Low birth weight (=<2500 g),Cote d'Ivoire,2014,18.89289015,,,World_Bank
Low birth weight (=<2500 g),Cote d'Ivoire,2013,19.0161338,,,World_Bank
Low birth weight (=<2500 g),Cote d'Ivoire,2012,19.12436808,,,World_Bank
Low birth weight (=<2500 g),Cote d'Ivoire,2011,19.20902242,,,World_Bank
Low birth weight (=<2500 g),Cote d'Ivoire,2010,19.25527046,,,World_Bank
Low birth weight (=<2500 g),Cote d'Ivoire,2009,19.28577602,,,World_Bank
Low birth weight (=<2500 g),Cote d'Ivoire,2008,19.31038617,,,World_Bank
Low birth weight (=<2500 g),Cote d'Ivoire,2007,19.32559144,,,World_Bank
Low birth weight (=<2500 g),Cote d'Ivoire,2006,19.34513549,,,World_Bank
Low birth weight (=<2500 g),Cote d'Ivoire,2005,19.35551805,,,World_Bank
Low birth weight (=<2500 g),Cote d'Ivoire,2004,19.37211223,,,World_Bank
Low birth weight (=<2500 g),Cote d'Ivoire,2003,19.37815373,,,World_Bank
Low birth weight (=<2500 g),Cote d'Ivoire,2002,19.3884295,,,World_Bank
Low birth weight (=<2500 g),Cote d'Ivoire,2001,19.39505585,,,World_Bank
Low birth weight (=<2500 g),Cote d'Ivoire,2000,19.40701452,,,World_Bank
Low birth weight (=<2500 g),Croatia,2020,4.99451209,,,World_Bank
Low birth weight (=<2500 g),Croatia,2019,5.002799493,,,World_Bank
Low birth weight (=<2500 g),Croatia,2018,5.01543031,,,World_Bank
Low birth weight (=<2500 g),Croatia,2017,5.029995668,,,World_Bank
Low birth weight (=<2500 g),Croatia,2016,5.044976626,,,World_Bank
Low birth weight (=<2500 g),Croatia,2015,5.055721724,,,World_Bank
Low birth weight (=<2500 g),Croatia,2014,5.058009205,,,World_Bank
Low birth weight (=<2500 g),Croatia,2013,5.054740554,,,World_Bank
Low birth weight (=<2500 g),Croatia,2012,5.046687968,,,World_Bank
Low birth weight (=<2500 g),Croatia,2011,5.029649116,,,World_Bank
Low birth weight (=<2500 g),Croatia,2010,5.011263861,,,World_Bank
Low birth weight (=<2500 g),Croatia,2009,4.990438528,,,World_Bank
Low birth weight (=<2500 g),Croatia,2008,4.969781454,,,World_Bank
Low birth weight (=<2500 g),Croatia,2007,4.961912804,,,World_Bank
Low birth weight (=<2500 g),Croatia,2006,4.96247266,,,World_Bank
Low birth weight (=<2500 g),Croatia,2005,4.973725913,,,World_Bank
Low birth weight (=<2500 g),Croatia,2004,4.992157522,,,World_Bank
Low birth weight (=<2500 g),Croatia,2003,5.011941333,,,World_Bank
Low birth weight (=<2500 g),Croatia,2002,5.035332674,,,World_Bank
Low birth weight (=<2500 g),Croatia,2001,5.057242398,,,World_Bank
Low birth weight (=<2500 g),Croatia,2000,5.078960496,,,World_Bank
Low birth weight (=<2500 g),Cuba,2020,7.062041879,,,World_Bank
Low birth weight (=<2500 g),Cuba,2019,7.083110959,,,World_Bank
Low birth weight (=<2500 g),Cuba,2018,7.107125446,,,World_Bank
Low birth weight (=<2500 g),Cuba,2017,7.130210712,,,World_Bank
Low birth weight (=<2500 g),Cuba,2016,7.153102336,,,World_Bank
Low birth weight (=<2500 g),Cuba,2015,7.171167609,,,World_Bank
Low birth weight (=<2500 g),Cuba,2014,7.187131635,,,World_Bank
Low birth weight (=<2500 g),Cuba,2013,7.197552474,,,World_Bank
Low birth weight (=<2500 g),Cuba,2012,7.197288605,,,World_Bank
Low birth weight (=<2500 g),Cuba,2011,7.193502185,,,World_Bank
Low birth weight (=<2500 g),Cuba,2010,7.183653045,,,World_Bank
Low birth weight (=<2500 g),Cuba,2009,7.168624062,,,World_Bank
Low birth weight (=<2500 g),Cuba,2008,7.159136864,,,World_Bank
Low birth weight (=<2500 g),Cuba,2007,7.14839085,,,World_Bank
Low birth weight (=<2500 g),Cuba,2006,7.134478563,,,World_Bank
Low birth weight (=<2500 g),Cuba,2005,7.122744716,,,World_Bank
Low birth weight (=<2500 g),Cuba,2004,7.107337856,,,World_Bank
Low birth weight (=<2500 g),Cuba,2003,7.094978774,,,World_Bank
Low birth weight (=<2500 g),Cuba,2002,7.087456136,,,World_Bank
Low birth weight (=<2500 g),Cuba,2001,7.082039655,,,World_Bank
Low birth weight (=<2500 g),Cuba,2000,7.077095568,,,World_Bank
Low birth weight (=<2500 g),Czechia,2020,7.609481314,,,World_Bank
Low birth weight (=<2500 g),Czechia,2019,7.579305587,,,World_Bank
Low birth weight (=<2500 g),Czechia,2018,7.549728261,,,World_Bank
Low birth weight (=<2500 g),Czechia,2017,7.521160057,,,World_Bank
Low birth weight (=<2500 g),Czechia,2016,7.493029704,,,World_Bank
Low birth weight (=<2500 g),Czechia,2015,7.4582547,,,World_Bank
Low birth weight (=<2500 g),Czechia,2014,7.415950753,,,World_Bank
Low birth weight (=<2500 g),Czechia,2013,7.365314536,,,World_Bank
Low birth weight (=<2500 g),Czechia,2012,7.306469851,,,World_Bank
Low birth weight (=<2500 g),Czechia,2011,7.24010368,,,World_Bank
Low birth weight (=<2500 g),Czechia,2010,7.166379876,,,World_Bank
Low birth weight (=<2500 g),Czechia,2009,7.093710329,,,World_Bank
Low birth weight (=<2500 g),Czechia,2008,7.018729446,,,World_Bank
Low birth weight (=<2500 g),Czechia,2007,6.951108198,,,World_Bank
Low birth weight (=<2500 g),Czechia,2006,6.892070213,,,World_Bank
Low birth weight (=<2500 g),Czechia,2005,6.835627333,,,World_Bank
Low birth weight (=<2500 g),Czechia,2004,6.784879531,,,World_Bank
Low birth weight (=<2500 g),Czechia,2003,6.730505697,,,World_Bank
Low birth weight (=<2500 g),Czechia,2002,6.672260507,,,World_Bank
Low birth weight (=<2500 g),Czechia,2001,6.611217933,,,World_Bank
Low birth weight (=<2500 g),Czechia,2000,6.552095503,,,World_Bank
Low birth weight (=<2500 g),Denmark,2020,4.807598298,,,World_Bank
Low birth weight (=<2500 g),Denmark,2019,4.835726626,,,World_Bank
Low birth weight (=<2500 g),Denmark,2018,4.866481263,,,World_Bank
Low birth weight (=<2500 g),Denmark,2017,4.899735974,,,World_Bank
Low birth weight (=<2500 g),Denmark,2016,4.936607867,,,World_Bank
Low birth weight (=<2500 g),Denmark,2015,4.976105019,,,World_Bank
Low birth weight (=<2500 g),Denmark,2014,5.016360174,,,World_Bank
Low birth weight (=<2500 g),Denmark,2013,5.055095469,,,World_Bank
Low birth weight (=<2500 g),Denmark,2012,5.092952575,,,World_Bank
Low birth weight (=<2500 g),Denmark,2011,5.126328186,,,World_Bank
Low birth weight (=<2500 g),Denmark,2010,5.154666394,,,World_Bank
Low birth weight (=<2500 g),Denmark,2009,5.17984271,,,World_Bank
Low birth weight (=<2500 g),Denmark,2008,5.202848162,,,World_Bank
Low birth weight (=<2500 g),Denmark,2007,5.228792248,,,World_Bank
Low birth weight (=<2500 g),Denmark,2006,5.259923905,,,World_Bank
Low birth weight (=<2500 g),Denmark,2005,5.296314499,,,World_Bank
Low birth weight (=<2500 g),Denmark,2004,5.333655356,,,World_Bank
Low birth weight (=<2500 g),Denmark,2003,5.368760427,,,World_Bank
Low birth weight (=<2500 g),Denmark,2002,5.400620591,,,World_Bank
Low birth weight (=<2500 g),Denmark,2001,5.428747258,,,World_Bank
Low birth weight (=<2500 g),Denmark,2000,5.456979724,,,World_Bank
Low birth weight (=<2500 g),Dominican Republic,2020,13.43542101,,,World_Bank
Low birth weight (=<2500 g),Dominican Republic,2019,13.22340736,,,World_Bank
Low birth weight (=<2500 g),Dominican Republic,2018,13.0379606,,,World_Bank
Low birth weight (=<2500 g),Dominican Republic,2017,12.87194218,,,World_Bank
Low birth weight (=<2500 g),Dominican Republic,2016,12.71694792,,,World_Bank
Low birth weight (=<2500 g),Dominican Republic,2015,12.57121078,,,World_Bank
Low birth weight (=<2500 g),Dominican Republic,2014,12.42339357,,,World_Bank
Low birth weight (=<2500 g),Dominican Republic,2013,12.27131445,,,World_Bank
Low birth weight (=<2500 g),Dominican Republic,2012,12.11665609,,,World_Bank
Low birth weight (=<2500 g),Dominican Republic,2011,11.95411276,,,World_Bank
Low birth weight (=<2500 g),Dominican Republic,2010,11.7911856,,,World_Bank
Low birth weight (=<2500 g),Dominican Republic,2009,11.63040552,,,World_Bank
Low birth weight (=<2500 g),Dominican Republic,2008,11.46673113,,,World_Bank
Low birth weight (=<2500 g),Dominican Republic,2007,11.31570848,,,World_Bank
Low birth weight (=<2500 g),Dominican Republic,2006,11.17664848,,,World_Bank
Low birth weight (=<2500 g),Dominican Republic,2005,11.04033899,,,World_Bank
Low birth weight (=<2500 g),Dominican Republic,2004,10.90509125,,,World_Bank
Low birth weight (=<2500 g),Dominican Republic,2003,10.74902654,,,World_Bank
Low birth weight (=<2500 g),Dominican Republic,2002,10.56731407,,,World_Bank
Low birth weight (=<2500 g),Dominican Republic,2001,10.37570514,,,World_Bank
Low birth weight (=<2500 g),Dominican Republic,2000,10.18240602,,,World_Bank
Low birth weight (=<2500 g),Ecuador,2020,10.62690669,,,World_Bank
Low birth weight (=<2500 g),Ecuador,2019,10.66828309,,,World_Bank
Low birth weight (=<2500 g),Ecuador,2018,10.7034171,,,World_Bank
Low birth weight (=<2500 g),Ecuador,2017,10.72426635,,,World_Bank
Low birth weight (=<2500 g),Ecuador,2016,10.7454528,,,World_Bank
Low birth weight (=<2500 g),Ecuador,2015,10.76744666,,,World_Bank
Low birth weight (=<2500 g),Ecuador,2014,10.79730738,,,World_Bank
Low birth weight (=<2500 g),Ecuador,2013,10.85091765,,,World_Bank
Low birth weight (=<2500 g),Ecuador,2012,10.91604873,,,World_Bank
Low birth weight (=<2500 g),Ecuador,2011,10.98353368,,,World_Bank
Low birth weight (=<2500 g),Ecuador,2010,11.05145497,,,World_Bank
Low birth weight (=<2500 g),Ecuador,2009,11.1057562,,,World_Bank
Low birth weight (=<2500 g),Ecuador,2008,11.15113853,,,World_Bank
Low birth weight (=<2500 g),Ecuador,2007,11.19730751,,,World_Bank
Low birth weight (=<2500 g),Ecuador,2006,11.24036826,,,World_Bank
Low birth weight (=<2500 g),Ecuador,2005,11.28292856,,,World_Bank
Low birth weight (=<2500 g),Ecuador,2004,11.33469004,,,World_Bank
Low birth weight (=<2500 g),Ecuador,2003,11.38752642,,,World_Bank
Low birth weight (=<2500 g),Ecuador,2002,11.43494935,,,World_Bank
Low birth weight (=<2500 g),Ecuador,2001,11.47356578,,,World_Bank
Low birth weight (=<2500 g),Ecuador,2000,11.50089827,,,World_Bank
Low birth weight (=<2500 g),El Salvador,2020,10.22300061,,,World_Bank
Low birth weight (=<2500 g),El Salvador,2019,10.23140664,,,World_Bank
Low birth weight (=<2500 g),El Salvador,2018,10.24676455,,,World_Bank
Low birth weight (=<2500 g),El Salvador,2017,10.27043574,,,World_Bank
Low birth weight (=<2500 g),El Salvador,2016,10.29618225,,,World_Bank
Low birth weight (=<2500 g),El Salvador,2015,10.31889389,,,World_Bank
Low birth weight (=<2500 g),El Salvador,2014,10.34597004,,,World_Bank
Low birth weight (=<2500 g),El Salvador,2013,10.36883209,,,World_Bank
Low birth weight (=<2500 g),El Salvador,2012,10.38968705,,,World_Bank
Low birth weight (=<2500 g),El Salvador,2011,10.4079956,,,World_Bank
Low birth weight (=<2500 g),El Salvador,2010,10.42654891,,,World_Bank
Low birth weight (=<2500 g),El Salvador,2009,10.44359146,,,World_Bank
Low birth weight (=<2500 g),El Salvador,2008,10.45286839,,,World_Bank
Low birth weight (=<2500 g),El Salvador,2007,10.46185868,,,World_Bank
Low birth weight (=<2500 g),El Salvador,2006,10.47617744,,,World_Bank
Low birth weight (=<2500 g),El Salvador,2005,10.48785529,,,World_Bank
Low birth weight (=<2500 g),El Salvador,2004,10.4912647,,,World_Bank
Low birth weight (=<2500 g),El Salvador,2003,10.48760888,,,World_Bank
Low birth weight (=<2500 g),El Salvador,2002,10.46839839,,,World_Bank
Low birth weight (=<2500 g),El Salvador,2001,10.44417772,,,World_Bank
Low birth weight (=<2500 g),El Salvador,2000,10.41845658,,,World_Bank
Low birth weight (=<2500 g),Eritrea,2020,15.1601429,,,World_Bank
Low birth weight (=<2500 g),Eritrea,2019,15.18945806,,,World_Bank
Low birth weight (=<2500 g),Eritrea,2018,15.21473053,,,World_Bank
Low birth weight (=<2500 g),Eritrea,2017,15.2425663,,,World_Bank
Low birth weight (=<2500 g),Eritrea,2016,15.26990253,,,World_Bank
Low birth weight (=<2500 g),Eritrea,2015,15.29935908,,,World_Bank
Low birth weight (=<2500 g),Eritrea,2014,15.33014407,,,World_Bank
Low birth weight (=<2500 g),Eritrea,2013,15.36166448,,,World_Bank
Low birth weight (=<2500 g),Eritrea,2012,15.3834843,,,World_Bank
Low birth weight (=<2500 g),Eritrea,2011,15.41177174,,,World_Bank
Low birth weight (=<2500 g),Eritrea,2010,15.44108379,,,World_Bank
Low birth weight (=<2500 g),Eritrea,2009,15.47654176,,,World_Bank
Low birth weight (=<2500 g),Eritrea,2008,15.52164354,,,World_Bank
Low birth weight (=<2500 g),Eritrea,2007,15.57695445,,,World_Bank
Low birth weight (=<2500 g),Eritrea,2006,15.64503693,,,World_Bank
Low birth weight (=<2500 g),Eritrea,2005,15.71293856,,,World_Bank
Low birth weight (=<2500 g),Eritrea,2004,15.77934655,,,World_Bank
Low birth weight (=<2500 g),Eritrea,2003,15.83728671,,,World_Bank
Low birth weight (=<2500 g),Eritrea,2002,15.89643864,,,World_Bank
Low birth weight (=<2500 g),Eritrea,2001,15.94270369,,,World_Bank
Low birth weight (=<2500 g),Eritrea,2000,15.99325612,,,World_Bank
Low birth weight (=<2500 g),Estonia,2020,4.173697894,,,World_Bank
Low birth weight (=<2500 g),Estonia,2019,4.17134374,,,World_Bank
Low birth weight (=<2500 g),Estonia,2018,4.17479855,,,World_Bank
Low birth weight (=<2500 g),Estonia,2017,4.181996604,,,World_Bank
Low birth weight (=<2500 g),Estonia,2016,4.189333569,,,World_Bank
Low birth weight (=<2500 g),Estonia,2015,4.397852219,,,World_Bank
Low birth weight (=<2500 g),Estonia,2014,4.43861319,,,World_Bank
Low birth weight (=<2500 g),Estonia,2013,4.455062211,,,World_Bank
Low birth weight (=<2500 g),Estonia,2012,4.465961674,,,World_Bank
Low birth weight (=<2500 g),Estonia,2011,4.466908488,,,World_Bank
Low birth weight (=<2500 g),Estonia,2010,4.454812208,,,World_Bank
Low birth weight (=<2500 g),Estonia,2009,4.432350037,,,World_Bank
Low birth weight (=<2500 g),Estonia,2008,4.399568787,,,World_Bank
Low birth weight (=<2500 g),Estonia,2007,4.376275278,,,World_Bank
Low birth weight (=<2500 g),Estonia,2006,4.368817094,,,World_Bank
Low birth weight (=<2500 g),Estonia,2005,4.375496383,,,World_Bank
Low birth weight (=<2500 g),Estonia,2004,4.397267313,,,World_Bank
Low birth weight (=<2500 g),Estonia,2003,4.42124614,,,World_Bank
Low birth weight (=<2500 g),Estonia,2002,4.440403749,,,World_Bank
Low birth weight (=<2500 g),Estonia,2001,4.452005327,,,World_Bank
Low birth weight (=<2500 g),Estonia,2000,4.451582401,,,World_Bank
Low birth weight (=<2500 g),Eswatini,2020,10.20161162,,,World_Bank
Low birth weight (=<2500 g),Eswatini,2019,10.25599641,,,World_Bank
Low birth weight (=<2500 g),Eswatini,2018,10.3039581,,,World_Bank
Low birth weight (=<2500 g),Eswatini,2017,10.35680656,,,World_Bank
Low birth weight (=<2500 g),Eswatini,2016,10.40465022,,,World_Bank
Low birth weight (=<2500 g),Eswatini,2015,10.45249419,,,World_Bank
Low birth weight (=<2500 g),Eswatini,2014,10.50118013,,,World_Bank
Low birth weight (=<2500 g),Eswatini,2013,10.54971115,,,World_Bank
Low birth weight (=<2500 g),Eswatini,2012,10.59835671,,,World_Bank
Low birth weight (=<2500 g),Eswatini,2011,10.6433658,,,World_Bank
Low birth weight (=<2500 g),Eswatini,2010,10.67630572,,,World_Bank
Low birth weight (=<2500 g),Eswatini,2009,10.69762795,,,World_Bank
Low birth weight (=<2500 g),Eswatini,2008,10.70858713,,,World_Bank
Low birth weight (=<2500 g),Eswatini,2007,10.73124121,,,World_Bank
Low birth weight (=<2500 g),Eswatini,2006,10.76586601,,,World_Bank
Low birth weight (=<2500 g),Eswatini,2005,10.81658822,,,World_Bank
Low birth weight (=<2500 g),Eswatini,2004,10.87985538,,,World_Bank
Low birth weight (=<2500 g),Eswatini,2003,10.94439883,,,World_Bank
Low birth weight (=<2500 g),Eswatini,2002,10.99586162,,,World_Bank
Low birth weight (=<2500 g),Eswatini,2001,11.03757196,,,World_Bank
Low birth weight (=<2500 g),Eswatini,2000,11.06879497,,,World_Bank
Low birth weight (=<2500 g),Fiji,2020,7.401885145,,,World_Bank
Low birth weight (=<2500 g),Fiji,2019,7.403890933,,,World_Bank
Low birth weight (=<2500 g),Fiji,2018,7.409046691,,,World_Bank
Low birth weight (=<2500 g),Fiji,2017,7.41961432,,,World_Bank
Low birth weight (=<2500 g),Fiji,2016,7.42226867,,,World_Bank
Low birth weight (=<2500 g),Fiji,2015,7.418326395,,,World_Bank
Low birth weight (=<2500 g),Fiji,2014,7.417540645,,,World_Bank
Low birth weight (=<2500 g),Fiji,2013,7.416718751,,,World_Bank
Low birth weight (=<2500 g),Fiji,2012,7.414763923,,,World_Bank
Low birth weight (=<2500 g),Fiji,2011,7.404458899,,,World_Bank
Low birth weight (=<2500 g),Fiji,2010,7.402635683,,,World_Bank
Low birth weight (=<2500 g),Fiji,2009,7.395016998,,,World_Bank
Low birth weight (=<2500 g),Fiji,2008,7.390638594,,,World_Bank
Low birth weight (=<2500 g),Fiji,2007,7.387236969,,,World_Bank
Low birth weight (=<2500 g),Fiji,2006,7.379922405,,,World_Bank
Low birth weight (=<2500 g),Fiji,2005,7.366142355,,,World_Bank
Low birth weight (=<2500 g),Fiji,2004,7.347428119,,,World_Bank
Low birth weight (=<2500 g),Fiji,2003,7.327192715,,,World_Bank
Low birth weight (=<2500 g),Fiji,2002,7.308028624,,,World_Bank
Low birth weight (=<2500 g),Fiji,2001,7.287788215,,,World_Bank
Low birth weight (=<2500 g),Fiji,2000,7.270899609,,,World_Bank
Low birth weight (=<2500 g),Finland,2020,4.069185571,,,World_Bank
Low birth weight (=<2500 g),Finland,2019,4.08233691,,,World_Bank
Low birth weight (=<2500 g),Finland,2018,4.096895794,,,World_Bank
Low birth weight (=<2500 g),Finland,2017,4.111304654,,,World_Bank
Low birth weight (=<2500 g),Finland,2016,4.125584747,,,World_Bank
Low birth weight (=<2500 g),Finland,2015,4.134629687,,,World_Bank
Low birth weight (=<2500 g),Finland,2014,4.137091529,,,World_Bank
Low birth weight (=<2500 g),Finland,2013,4.134649572,,,World_Bank
Low birth weight (=<2500 g),Finland,2012,4.129864926,,,World_Bank
Low birth weight (=<2500 g),Finland,2011,4.126975866,,,World_Bank
Low birth weight (=<2500 g),Finland,2010,4.127479957,,,World_Bank
Low birth weight (=<2500 g),Finland,2009,4.13149882,,,World_Bank
Low birth weight (=<2500 g),Finland,2008,4.136331291,,,World_Bank
Low birth weight (=<2500 g),Finland,2007,4.146685222,,,World_Bank
Low birth weight (=<2500 g),Finland,2006,4.16445443,,,World_Bank
Low birth weight (=<2500 g),Finland,2005,4.187083108,,,World_Bank
Low birth weight (=<2500 g),Finland,2004,4.216040797,,,World_Bank
Low birth weight (=<2500 g),Finland,2003,4.247442176,,,World_Bank
Low birth weight (=<2500 g),Finland,2002,4.278806703,,,World_Bank
Low birth weight (=<2500 g),Finland,2001,4.310688341,,,World_Bank
Low birth weight (=<2500 g),Finland,2000,4.346571877,,,World_Bank
Low birth weight (=<2500 g),France,2020,7.428983167,,,World_Bank
Low birth weight (=<2500 g),France,2019,7.443856631,,,World_Bank
Low birth weight (=<2500 g),France,2018,7.461458416,,,World_Bank
Low birth weight (=<2500 g),France,2017,7.48119073,,,World_Bank
Low birth weight (=<2500 g),France,2016,7.500758273,,,World_Bank
Low birth weight (=<2500 g),France,2015,7.517684288,,,World_Bank
Low birth weight (=<2500 g),France,2014,7.528199681,,,World_Bank
Low birth weight (=<2500 g),France,2013,7.533491234,,,World_Bank
Low birth weight (=<2500 g),France,2012,7.539081324,,,World_Bank
Low birth weight (=<2500 g),France,2011,7.540350997,,,World_Bank
Low birth weight (=<2500 g),France,2010,7.54398463,,,World_Bank
Low birth weight (=<2500 g),France,2009,7.547681994,,,World_Bank
Low birth weight (=<2500 g),France,2008,7.550441259,,,World_Bank
Low birth weight (=<2500 g),France,2007,7.558506124,,,World_Bank
Low birth weight (=<2500 g),France,2006,7.568165564,,,World_Bank
Low birth weight (=<2500 g),France,2005,7.579974306,,,World_Bank
Low birth weight (=<2500 g),France,2004,7.58761,,,World_Bank
Low birth weight (=<2500 g),France,2003,7.588187952,,,World_Bank
Low birth weight (=<2500 g),France,2002,7.582651912,,,World_Bank
Low birth weight (=<2500 g),France,2001,7.572794096,,,World_Bank
Low birth weight (=<2500 g),France,2000,7.565159963,,,World_Bank
Low birth weight (=<2500 g),Gabon,2020,14.64981828,,,World_Bank
Low birth weight (=<2500 g),Gabon,2019,14.66220042,,,World_Bank
Low birth weight (=<2500 g),Gabon,2018,14.67291743,,,World_Bank
Low birth weight (=<2500 g),Gabon,2017,14.68044245,,,World_Bank
Low birth weight (=<2500 g),Gabon,2016,14.6912233,,,World_Bank
Low birth weight (=<2500 g),Gabon,2015,14.72117464,,,World_Bank
Low birth weight (=<2500 g),Gabon,2014,14.77487952,,,World_Bank
Low birth weight (=<2500 g),Gabon,2013,14.85138909,,,World_Bank
Low birth weight (=<2500 g),Gabon,2012,14.93255114,,,World_Bank
Low birth weight (=<2500 g),Gabon,2011,15.02143787,,,World_Bank
Low birth weight (=<2500 g),Gabon,2010,15.07773354,,,World_Bank
Low birth weight (=<2500 g),Gabon,2009,15.10938707,,,World_Bank
Low birth weight (=<2500 g),Gabon,2008,15.11683405,,,World_Bank
Low birth weight (=<2500 g),Gabon,2007,15.09905021,,,World_Bank
Low birth weight (=<2500 g),Gabon,2006,15.07582019,,,World_Bank
Low birth weight (=<2500 g),Gabon,2005,15.03962094,,,World_Bank
Low birth weight (=<2500 g),Gabon,2004,15.01611577,,,World_Bank
Low birth weight (=<2500 g),Gabon,2003,15.00824821,,,World_Bank
Low birth weight (=<2500 g),Gabon,2002,15.00423275,,,World_Bank
Low birth weight (=<2500 g),Gabon,2001,14.99107874,,,World_Bank
Low birth weight (=<2500 g),Gabon,2000,14.9628511,,,World_Bank
Low birth weight (=<2500 g),"Gambia, The",2020,13.24914954,,,World_Bank
Low birth weight (=<2500 g),"Gambia, The",2019,13.30886256,,,World_Bank
Low birth weight (=<2500 g),"Gambia, The",2018,13.37802884,,,World_Bank
Low birth weight (=<2500 g),"Gambia, The",2017,13.45422093,,,World_Bank
Low birth weight (=<2500 g),"Gambia, The",2016,13.52155484,,,World_Bank
Low birth weight (=<2500 g),"Gambia, The",2015,13.57906831,,,World_Bank
Low birth weight (=<2500 g),"Gambia, The",2014,13.63087925,,,World_Bank
Low birth weight (=<2500 g),"Gambia, The",2013,13.66557008,,,World_Bank
Low birth weight (=<2500 g),"Gambia, The",2012,13.70406,,,World_Bank
Low birth weight (=<2500 g),"Gambia, The",2011,13.74875109,,,World_Bank
Low birth weight (=<2500 g),"Gambia, The",2010,13.79343378,,,World_Bank
Low birth weight (=<2500 g),"Gambia, The",2009,13.86175602,,,World_Bank
Low birth weight (=<2500 g),"Gambia, The",2008,13.94318632,,,World_Bank
Low birth weight (=<2500 g),"Gambia, The",2007,14.02248581,,,World_Bank
Low birth weight (=<2500 g),"Gambia, The",2006,14.09829074,,,World_Bank
Low birth weight (=<2500 g),"Gambia, The",2005,14.1511128,,,World_Bank
Low birth weight (=<2500 g),"Gambia, The",2004,14.19550997,,,World_Bank
Low birth weight (=<2500 g),"Gambia, The",2003,14.24715717,,,World_Bank
Low birth weight (=<2500 g),"Gambia, The",2002,14.306661,,,World_Bank
Low birth weight (=<2500 g),"Gambia, The",2001,14.37600518,,,World_Bank
Low birth weight (=<2500 g),"Gambia, The",2000,14.45231174,,,World_Bank
Low birth weight (=<2500 g),Georgia,2020,7.420559377,,,World_Bank
Low birth weight (=<2500 g),Georgia,2019,7.347129187,,,World_Bank
Low birth weight (=<2500 g),Georgia,2018,7.280543658,,,World_Bank
Low birth weight (=<2500 g),Georgia,2017,7.221720662,,,World_Bank
Low birth weight (=<2500 g),Georgia,2016,7.160831096,,,World_Bank
Low birth weight (=<2500 g),Georgia,2015,7.09714123,,,World_Bank
Low birth weight (=<2500 g),Georgia,2014,7.035138967,,,World_Bank
Low birth weight (=<2500 g),Georgia,2013,6.975334536,,,World_Bank
Low birth weight (=<2500 g),Georgia,2012,6.92071672,,,World_Bank
Low birth weight (=<2500 g),Georgia,2011,6.871989596,,,World_Bank
Low birth weight (=<2500 g),Georgia,2010,6.818716078,,,World_Bank
Low birth weight (=<2500 g),Georgia,2009,6.75404174,,,World_Bank
Low birth weight (=<2500 g),Georgia,2008,6.67802415,,,World_Bank
Low birth weight (=<2500 g),Georgia,2007,6.595213073,,,World_Bank
Low birth weight (=<2500 g),Georgia,2006,6.509761324,,,World_Bank
Low birth weight (=<2500 g),Georgia,2005,6.427263334,,,World_Bank
Low birth weight (=<2500 g),Georgia,2004,6.348306789,,,World_Bank
Low birth weight (=<2500 g),Georgia,2003,6.2697776,,,World_Bank
Low birth weight (=<2500 g),Georgia,2002,6.188294295,,,World_Bank
Low birth weight (=<2500 g),Georgia,2001,6.106427132,,,World_Bank
Low birth weight (=<2500 g),Georgia,2000,6.021021374,,,World_Bank
Low birth weight (=<2500 g),Germany,2020,6.714126163,,,World_Bank
Low birth weight (=<2500 g),Germany,2019,6.720974361,,,World_Bank
Low birth weight (=<2500 g),Germany,2018,6.733451932,,,World_Bank
Low birth weight (=<2500 g),Germany,2017,6.752513437,,,World_Bank
Low birth weight (=<2500 g),Germany,2016,6.778817042,,,World_Bank
Low birth weight (=<2500 g),Germany,2015,6.809785974,,,World_Bank
Low birth weight (=<2500 g),Germany,2014,6.836604129,,,World_Bank
Low birth weight (=<2500 g),Germany,2013,6.857442975,,,World_Bank
Low birth weight (=<2500 g),Germany,2012,6.86849919,,,World_Bank
Low birth weight (=<2500 g),Germany,2011,6.865801662,,,World_Bank
Low birth weight (=<2500 g),Germany,2010,6.854290371,,,World_Bank
Low birth weight (=<2500 g),Germany,2009,6.832948002,,,World_Bank
Low birth weight (=<2500 g),Germany,2008,6.806350244,,,World_Bank
Low birth weight (=<2500 g),Germany,2007,6.781838378,,,World_Bank
Low birth weight (=<2500 g),Germany,2006,6.766343525,,,World_Bank
Low birth weight (=<2500 g),Germany,2005,6.760124093,,,World_Bank
Low birth weight (=<2500 g),Germany,2004,6.759012304,,,World_Bank
Low birth weight (=<2500 g),Germany,2003,6.761612353,,,World_Bank
Low birth weight (=<2500 g),Germany,2002,6.762319681,,,World_Bank
Low birth weight (=<2500 g),Germany,2001,6.759020752,,,World_Bank
Low birth weight (=<2500 g),Germany,2000,6.755821382,,,World_Bank
Low birth weight (=<2500 g),Ghana,2020,14.41585206,,,World_Bank
Low birth weight (=<2500 g),Ghana,2019,14.45498341,,,World_Bank
Low birth weight (=<2500 g),Ghana,2018,14.50085243,,,World_Bank
Low birth weight (=<2500 g),Ghana,2017,14.55987708,,,World_Bank
Low birth weight (=<2500 g),Ghana,2016,14.61791717,,,World_Bank
Low birth weight (=<2500 g),Ghana,2015,14.67139497,,,World_Bank
Low birth weight (=<2500 g),Ghana,2014,14.72653646,,,World_Bank
Low birth weight (=<2500 g),Ghana,2013,14.79265996,,,World_Bank
Low birth weight (=<2500 g),Ghana,2012,14.88470305,,,World_Bank
Low birth weight (=<2500 g),Ghana,2011,14.98559055,,,World_Bank
Low birth weight (=<2500 g),Ghana,2010,15.10839751,,,World_Bank
Low birth weight (=<2500 g),Ghana,2009,15.23091984,,,World_Bank
Low birth weight (=<2500 g),Ghana,2008,15.34748982,,,World_Bank
Low birth weight (=<2500 g),Ghana,2007,15.45486489,,,World_Bank
Low birth weight (=<2500 g),Ghana,2006,15.54435939,,,World_Bank
Low birth weight (=<2500 g),Ghana,2005,15.61324612,,,World_Bank
Low birth weight (=<2500 g),Ghana,2004,15.67465276,,,World_Bank
Low birth weight (=<2500 g),Ghana,2003,15.71697625,,,World_Bank
Low birth weight (=<2500 g),Ghana,2002,15.74756879,,,World_Bank
Low birth weight (=<2500 g),Ghana,2001,15.77820436,,,World_Bank
Low birth weight (=<2500 g),Ghana,2000,15.80318546,,,World_Bank
Low birth weight (=<2500 g),Greece,2020,11.40590068,,,World_Bank
Low birth weight (=<2500 g),Greece,2019,11.37349383,,,World_Bank
Low birth weight (=<2500 g),Greece,2018,11.34035752,,,World_Bank
Low birth weight (=<2500 g),Greece,2017,11.29846507,,,World_Bank
Low birth weight (=<2500 g),Greece,2016,11.24746606,,,World_Bank
Low birth weight (=<2500 g),Greece,2015,11.18049065,,,World_Bank
Low birth weight (=<2500 g),Greece,2014,11.10091889,,,World_Bank
Low birth weight (=<2500 g),Greece,2013,11.0133285,,,World_Bank
Low birth weight (=<2500 g),Greece,2012,10.91084307,,,World_Bank
Low birth weight (=<2500 g),Greece,2011,10.79642929,,,World_Bank
Low birth weight (=<2500 g),Greece,2010,10.66513356,,,World_Bank
Low birth weight (=<2500 g),Greece,2009,10.54127654,,,World_Bank
Low birth weight (=<2500 g),Greece,2008,10.43307373,,,World_Bank
Low birth weight (=<2500 g),Greece,2007,10.33564834,,,World_Bank
Low birth weight (=<2500 g),Greece,2006,10.26015143,,,World_Bank
Low birth weight (=<2500 g),Greece,2005,10.19102258,,,World_Bank
Low birth weight (=<2500 g),Greece,2004,10.11408809,,,World_Bank
Low birth weight (=<2500 g),Greece,2003,10.04165383,,,World_Bank
Low birth weight (=<2500 g),Greece,2002,9.957636482,,,World_Bank
Low birth weight (=<2500 g),Greece,2001,9.867054575,,,World_Bank
Low birth weight (=<2500 g),Greece,2000,9.78350724,,,World_Bank
Low birth weight (=<2500 g),Guatemala,2020,14.49437989,,,World_Bank
Low birth weight (=<2500 g),Guatemala,2019,14.4882396,,,World_Bank
Low birth weight (=<2500 g),Guatemala,2018,14.4862726,,,World_Bank
Low birth weight (=<2500 g),Guatemala,2017,14.48411592,,,World_Bank
Low birth weight (=<2500 g),Guatemala,2016,14.48234022,,,World_Bank
Low birth weight (=<2500 g),Guatemala,2015,14.47300238,,,World_Bank
Low birth weight (=<2500 g),Guatemala,2014,14.46404354,,,World_Bank
Low birth weight (=<2500 g),Guatemala,2013,14.44922222,,,World_Bank
Low birth weight (=<2500 g),Guatemala,2012,14.42601814,,,World_Bank
Low birth weight (=<2500 g),Guatemala,2011,14.39479493,,,World_Bank
Low birth weight (=<2500 g),Guatemala,2010,14.34808698,,,World_Bank
Low birth weight (=<2500 g),Guatemala,2009,14.30019539,,,World_Bank
Low birth weight (=<2500 g),Guatemala,2008,14.24937371,,,World_Bank
Low birth weight (=<2500 g),Guatemala,2007,14.20956648,,,World_Bank
Low birth weight (=<2500 g),Guatemala,2006,14.17263134,,,World_Bank
Low birth weight (=<2500 g),Guatemala,2005,14.13667568,,,World_Bank
Low birth weight (=<2500 g),Guatemala,2004,14.09746642,,,World_Bank
Low birth weight (=<2500 g),Guatemala,2003,14.05325432,,,World_Bank
Low birth weight (=<2500 g),Guatemala,2002,14.00720491,,,World_Bank
Low birth weight (=<2500 g),Guatemala,2001,13.96190245,,,World_Bank
Low birth weight (=<2500 g),Guatemala,2000,13.91703658,,,World_Bank
Low birth weight (=<2500 g),Guinea-Bissau,2020,19.54887142,,,World_Bank
Low birth weight (=<2500 g),Guinea-Bissau,2019,19.83192923,,,World_Bank
Low birth weight (=<2500 g),Guinea-Bissau,2018,20.12995446,,,World_Bank
Low birth weight (=<2500 g),Guinea-Bissau,2017,20.42892323,,,World_Bank
Low birth weight (=<2500 g),Guinea-Bissau,2016,20.72488384,,,World_Bank
Low birth weight (=<2500 g),Guinea-Bissau,2015,21.01391853,,,World_Bank
Low birth weight (=<2500 g),Guinea-Bissau,2014,21.27251736,,,World_Bank
Low birth weight (=<2500 g),Guinea-Bissau,2013,21.52644441,,,World_Bank
Low birth weight (=<2500 g),Guinea-Bissau,2012,21.76563928,,,World_Bank
Low birth weight (=<2500 g),Guinea-Bissau,2011,21.99522933,,,World_Bank
Low birth weight (=<2500 g),Guinea-Bissau,2010,22.24037951,,,World_Bank
Low birth weight (=<2500 g),Guinea-Bissau,2009,22.48518393,,,World_Bank
Low birth weight (=<2500 g),Guinea-Bissau,2008,22.72837606,,,World_Bank
Low birth weight (=<2500 g),Guinea-Bissau,2007,22.96639469,,,World_Bank
Low birth weight (=<2500 g),Guinea-Bissau,2006,23.19153176,,,World_Bank
Low birth weight (=<2500 g),Guinea-Bissau,2005,23.40545034,,,World_Bank
Low birth weight (=<2500 g),Guinea-Bissau,2004,23.62155308,,,World_Bank
Low birth weight (=<2500 g),Guinea-Bissau,2003,23.83002642,,,World_Bank
Low birth weight (=<2500 g),Guinea-Bissau,2002,24.02515422,,,World_Bank
Low birth weight (=<2500 g),Guinea-Bissau,2001,24.22013262,,,World_Bank
Low birth weight (=<2500 g),Guinea-Bissau,2000,24.4269642,,,World_Bank
Low birth weight (=<2500 g),Guyana,2020,17.16307383,,,World_Bank
Low birth weight (=<2500 g),Guyana,2019,17.16297161,,,World_Bank
Low birth weight (=<2500 g),Guyana,2018,17.16153995,,,World_Bank
Low birth weight (=<2500 g),Guyana,2017,17.14761647,,,World_Bank
Low birth weight (=<2500 g),Guyana,2016,17.12049079,,,World_Bank
Low birth weight (=<2500 g),Guyana,2015,17.09098883,,,World_Bank
Low birth weight (=<2500 g),Guyana,2014,17.05668055,,,World_Bank
Low birth weight (=<2500 g),Guyana,2013,17.01931817,,,World_Bank
Low birth weight (=<2500 g),Guyana,2012,16.98130337,,,World_Bank
Low birth weight (=<2500 g),Guyana,2011,16.93575961,,,World_Bank
Low birth weight (=<2500 g),Guyana,2010,16.88170107,,,World_Bank
Low birth weight (=<2500 g),Guyana,2009,16.82670521,,,World_Bank
Low birth weight (=<2500 g),Guyana,2008,16.7609459,,,World_Bank
Low birth weight (=<2500 g),Guyana,2007,16.68816639,,,World_Bank
Low birth weight (=<2500 g),Guyana,2006,16.62510774,,,World_Bank
Low birth weight (=<2500 g),Guyana,2005,16.56294083,,,World_Bank
Low birth weight (=<2500 g),Guyana,2004,16.50965925,,,World_Bank
Low birth weight (=<2500 g),Guyana,2003,16.46384813,,,World_Bank
Low birth weight (=<2500 g),Guyana,2002,16.42489117,,,World_Bank
Low birth weight (=<2500 g),Guyana,2001,16.37725833,,,World_Bank
Low birth weight (=<2500 g),Guyana,2000,16.33036082,,,World_Bank
Low birth weight (=<2500 g),Honduras,2020,13.09450185,,,World_Bank
Low birth weight (=<2500 g),Honduras,2019,13.0201067,,,World_Bank
Low birth weight (=<2500 g),Honduras,2018,12.95266852,,,World_Bank
Low birth weight (=<2500 g),Honduras,2017,12.89400252,,,World_Bank
Low birth weight (=<2500 g),Honduras,2016,12.84303341,,,World_Bank
Low birth weight (=<2500 g),Honduras,2015,12.78795207,,,World_Bank
Low birth weight (=<2500 g),Honduras,2014,12.71905614,,,World_Bank
Low birth weight (=<2500 g),Honduras,2013,12.63752396,,,World_Bank
Low birth weight (=<2500 g),Honduras,2012,12.54041719,,,World_Bank
Low birth weight (=<2500 g),Honduras,2011,12.42621794,,,World_Bank
Low birth weight (=<2500 g),Honduras,2010,12.30203279,,,World_Bank
Low birth weight (=<2500 g),Honduras,2009,12.17530766,,,World_Bank
Low birth weight (=<2500 g),Honduras,2008,12.05363719,,,World_Bank
Low birth weight (=<2500 g),Honduras,2007,11.95262145,,,World_Bank
Low birth weight (=<2500 g),Honduras,2006,11.87515649,,,World_Bank
Low birth weight (=<2500 g),Honduras,2005,11.81194158,,,World_Bank
Low birth weight (=<2500 g),Honduras,2004,11.75647321,,,World_Bank
Low birth weight (=<2500 g),Honduras,2003,11.6946608,,,World_Bank
Low birth weight (=<2500 g),Honduras,2002,11.62358159,,,World_Bank
Low birth weight (=<2500 g),Honduras,2001,11.54081409,,,World_Bank
Low birth weight (=<2500 g),Honduras,2000,11.45164078,,,World_Bank
Low birth weight (=<2500 g),Hungary,2020,8.316534957,,,World_Bank
Low birth weight (=<2500 g),Hungary,2019,8.326790354,,,World_Bank
Low birth weight (=<2500 g),Hungary,2018,8.347405414,,,World_Bank
Low birth weight (=<2500 g),Hungary,2017,8.376048073,,,World_Bank
Low birth weight (=<2500 g),Hungary,2016,8.403991287,,,World_Bank
Low birth weight (=<2500 g),Hungary,2015,8.42726806,,,World_Bank
Low birth weight (=<2500 g),Hungary,2014,8.440489145,,,World_Bank
Low birth weight (=<2500 g),Hungary,2013,8.446603633,,,World_Bank
Low birth weight (=<2500 g),Hungary,2012,8.446750536,,,World_Bank
Low birth weight (=<2500 g),Hungary,2011,8.438262658,,,World_Bank
Low birth weight (=<2500 g),Hungary,2010,8.426737528,,,World_Bank
Low birth weight (=<2500 g),Hungary,2009,8.411090576,,,World_Bank
Low birth weight (=<2500 g),Hungary,2008,8.394753075,,,World_Bank
Low birth weight (=<2500 g),Hungary,2007,8.388755521,,,World_Bank
Low birth weight (=<2500 g),Hungary,2006,8.390830266,,,World_Bank
Low birth weight (=<2500 g),Hungary,2005,8.40583992,,,World_Bank
Low birth weight (=<2500 g),Hungary,2004,8.430441588,,,World_Bank
Low birth weight (=<2500 g),Hungary,2003,8.460168778,,,World_Bank
Low birth weight (=<2500 g),Hungary,2002,8.491488789,,,World_Bank
Low birth weight (=<2500 g),Hungary,2001,8.520588689,,,World_Bank
Low birth weight (=<2500 g),Hungary,2000,8.546788993,,,World_Bank
Low birth weight (=<2500 g),Iceland,2020,3.992822369,,,World_Bank
Low birth weight (=<2500 g),Iceland,2019,3.971190176,,,World_Bank
Low birth weight (=<2500 g),Iceland,2018,3.948955418,,,World_Bank
Low birth weight (=<2500 g),Iceland,2017,3.926703672,,,World_Bank
Low birth weight (=<2500 g),Iceland,2016,3.904228844,,,World_Bank
Low birth weight (=<2500 g),Iceland,2015,3.880869074,,,World_Bank
Low birth weight (=<2500 g),Iceland,2014,3.857798179,,,World_Bank
Low birth weight (=<2500 g),Iceland,2013,3.834231533,,,World_Bank
Low birth weight (=<2500 g),Iceland,2012,3.810144674,,,World_Bank
Low birth weight (=<2500 g),Iceland,2011,3.788559636,,,World_Bank
Low birth weight (=<2500 g),Iceland,2010,3.770247191,,,World_Bank
Low birth weight (=<2500 g),Iceland,2009,3.754088247,,,World_Bank
Low birth weight (=<2500 g),Iceland,2008,3.73829638,,,World_Bank
Low birth weight (=<2500 g),Iceland,2007,3.72048082,,,World_Bank
Low birth weight (=<2500 g),Iceland,2006,3.701669157,,,World_Bank
Low birth weight (=<2500 g),Iceland,2005,3.681587602,,,World_Bank
Low birth weight (=<2500 g),Iceland,2004,3.662183468,,,World_Bank
Low birth weight (=<2500 g),Iceland,2003,3.643000059,,,World_Bank
Low birth weight (=<2500 g),Iceland,2002,3.623506766,,,World_Bank
Low birth weight (=<2500 g),Iceland,2001,3.602341382,,,World_Bank
Low birth weight (=<2500 g),Iceland,2000,3.581594293,,,World_Bank
Low birth weight (=<2500 g),India,2020,27.43525934,,,World_Bank
Low birth weight (=<2500 g),India,2019,27.62056764,,,World_Bank
Low birth weight (=<2500 g),India,2018,27.8332971,,,World_Bank
Low birth weight (=<2500 g),India,2017,28.08633456,,,World_Bank
Low birth weight (=<2500 g),India,2016,28.36879643,,,World_Bank
Low birth weight (=<2500 g),India,2015,28.66160295,,,World_Bank
Low birth weight (=<2500 g),India,2014,28.94782702,,,World_Bank
Low birth weight (=<2500 g),India,2013,29.22365433,,,World_Bank
Low birth weight (=<2500 g),India,2012,29.48871031,,,World_Bank
Low birth weight (=<2500 g),India,2011,29.74359191,,,World_Bank
Low birth weight (=<2500 g),India,2010,29.99877604,,,World_Bank
Low birth weight (=<2500 g),India,2009,30.25460284,,,World_Bank
Low birth weight (=<2500 g),India,2008,30.51721429,,,World_Bank
Low birth weight (=<2500 g),India,2007,30.77720795,,,World_Bank
Low birth weight (=<2500 g),India,2006,31.0482652,,,World_Bank
Low birth weight (=<2500 g),India,2005,31.31729525,,,World_Bank
Low birth weight (=<2500 g),India,2004,31.57611021,,,World_Bank
Low birth weight (=<2500 g),India,2003,31.82807167,,,World_Bank
Low birth weight (=<2500 g),India,2002,32.06267639,,,World_Bank
Low birth weight (=<2500 g),India,2001,32.27232519,,,World_Bank
Low birth weight (=<2500 g),India,2000,32.47047565,,,World_Bank
Low birth weight (=<2500 g),Indonesia,2020,9.934186169,,,World_Bank
Low birth weight (=<2500 g),Indonesia,2019,9.972789871,,,World_Bank
Low birth weight (=<2500 g),Indonesia,2018,10.03119285,,,World_Bank
Low birth weight (=<2500 g),Indonesia,2017,10.10702444,,,World_Bank
Low birth weight (=<2500 g),Indonesia,2016,10.19003898,,,World_Bank
Low birth weight (=<2500 g),Indonesia,2015,10.27705505,,,World_Bank
Low birth weight (=<2500 g),Indonesia,2014,10.3595064,,,World_Bank
Low birth weight (=<2500 g),Indonesia,2013,10.43363928,,,World_Bank
Low birth weight (=<2500 g),Indonesia,2012,10.49993643,,,World_Bank
Low birth weight (=<2500 g),Indonesia,2011,10.55663545,,,World_Bank
Low birth weight (=<2500 g),Indonesia,2010,10.59921025,,,World_Bank
Low birth weight (=<2500 g),Indonesia,2009,10.63064526,,,World_Bank
Low birth weight (=<2500 g),Indonesia,2008,10.65367343,,,World_Bank
Low birth weight (=<2500 g),Indonesia,2007,10.67643943,,,World_Bank
Low birth weight (=<2500 g),Indonesia,2006,10.70196467,,,World_Bank
Low birth weight (=<2500 g),Indonesia,2005,10.7276166,,,World_Bank
Low birth weight (=<2500 g),Indonesia,2004,10.75369162,,,World_Bank
Low birth weight (=<2500 g),Indonesia,2003,10.77380328,,,World_Bank
Low birth weight (=<2500 g),Indonesia,2002,10.79442699,,,World_Bank
Low birth weight (=<2500 g),Indonesia,2001,10.82126353,,,World_Bank
Low birth weight (=<2500 g),Indonesia,2000,10.85499715,,,World_Bank
Low birth weight (=<2500 g),Iraq,2020,10.8613574,,,World_Bank
Low birth weight (=<2500 g),Iraq,2019,10.85294022,,,World_Bank
Low birth weight (=<2500 g),Iraq,2018,10.85564137,,,World_Bank
Low birth weight (=<2500 g),Iraq,2017,10.8513425,,,World_Bank
Low birth weight (=<2500 g),Iraq,2016,10.84224392,,,World_Bank
Low birth weight (=<2500 g),Iraq,2015,10.8352615,,,World_Bank
Low birth weight (=<2500 g),Iraq,2014,10.81453889,,,World_Bank
Low birth weight (=<2500 g),Iraq,2013,10.79486029,,,World_Bank
Low birth weight (=<2500 g),Iraq,2012,10.77421363,,,World_Bank
Low birth weight (=<2500 g),Iraq,2011,10.74630934,,,World_Bank
Low birth weight (=<2500 g),Iraq,2010,10.70938502,,,World_Bank
Low birth weight (=<2500 g),Iraq,2009,10.67079033,,,World_Bank
Low birth weight (=<2500 g),Iraq,2008,10.63604886,,,World_Bank
Low birth weight (=<2500 g),Iraq,2007,10.60994891,,,World_Bank
Low birth weight (=<2500 g),Iraq,2006,10.57057292,,,World_Bank
Low birth weight (=<2500 g),Iraq,2005,10.53309723,,,World_Bank
Low birth weight (=<2500 g),Iraq,2004,10.49969643,,,World_Bank
Low birth weight (=<2500 g),Iraq,2003,10.45861757,,,World_Bank
Low birth weight (=<2500 g),Iraq,2002,10.41783718,,,World_Bank
Low birth weight (=<2500 g),Iraq,2001,10.38330126,,,World_Bank
Low birth weight (=<2500 g),Iraq,2000,10.34056278,,,World_Bank
Low birth weight (=<2500 g),Ireland,2020,5.645686692,,,World_Bank
Low birth weight (=<2500 g),Ireland,2019,5.600997959,,,World_Bank
Low birth weight (=<2500 g),Ireland,2018,5.563705121,,,World_Bank
Low birth weight (=<2500 g),Ireland,2017,5.539726011,,,World_Bank
Low birth weight (=<2500 g),Ireland,2016,5.524031313,,,World_Bank
Low birth weight (=<2500 g),Ireland,2015,5.517919123,,,World_Bank
Low birth weight (=<2500 g),Ireland,2014,5.515010415,,,World_Bank
Low birth weight (=<2500 g),Ireland,2013,5.498606031,,,World_Bank
Low birth weight (=<2500 g),Ireland,2012,5.471160228,,,World_Bank
Low birth weight (=<2500 g),Ireland,2011,5.419517609,,,World_Bank
Low birth weight (=<2500 g),Ireland,2010,5.34447071,,,World_Bank
Low birth weight (=<2500 g),Ireland,2009,5.259197387,,,World_Bank
Low birth weight (=<2500 g),Ireland,2008,5.166151801,,,World_Bank
Low birth weight (=<2500 g),Ireland,2007,5.080929901,,,World_Bank
Low birth weight (=<2500 g),Ireland,2006,5.012366184,,,World_Bank
Low birth weight (=<2500 g),Ireland,2005,4.958461004,,,World_Bank
Low birth weight (=<2500 g),Ireland,2004,4.917889532,,,World_Bank
Low birth weight (=<2500 g),Ireland,2003,4.884741883,,,World_Bank
Low birth weight (=<2500 g),Ireland,2002,4.853352959,,,World_Bank
Low birth weight (=<2500 g),Ireland,2001,4.823216486,,,World_Bank
Low birth weight (=<2500 g),Ireland,2000,4.792646666,,,World_Bank
Low birth weight (=<2500 g),Israel,2020,8.983944543,,,World_Bank
Low birth weight (=<2500 g),Israel,2019,9.027737322,,,World_Bank
Low birth weight (=<2500 g),Israel,2018,9.073655462,,,World_Bank
Low birth weight (=<2500 g),Israel,2017,9.123334171,,,World_Bank
Low birth weight (=<2500 g),Israel,2016,9.178632338,,,World_Bank
Low birth weight (=<2500 g),Israel,2015,9.237014257,,,World_Bank
Low birth weight (=<2500 g),Israel,2014,9.291109821,,,World_Bank
Low birth weight (=<2500 g),Israel,2013,9.345083432,,,World_Bank
Low birth weight (=<2500 g),Israel,2012,9.398334788,,,World_Bank
Low birth weight (=<2500 g),Israel,2011,9.446194102,,,World_Bank
Low birth weight (=<2500 g),Israel,2010,9.493746514,,,World_Bank
Low birth weight (=<2500 g),Israel,2009,9.537960258,,,World_Bank
Low birth weight (=<2500 g),Israel,2008,9.581831227,,,World_Bank
Low birth weight (=<2500 g),Israel,2007,9.630768512,,,World_Bank
Low birth weight (=<2500 g),Israel,2006,9.685562451,,,World_Bank
Low birth weight (=<2500 g),Israel,2005,9.746908222,,,World_Bank
Low birth weight (=<2500 g),Israel,2004,9.809733867,,,World_Bank
Low birth weight (=<2500 g),Israel,2003,9.861517342,,,World_Bank
Low birth weight (=<2500 g),Israel,2002,9.900402186,,,World_Bank
Low birth weight (=<2500 g),Israel,2001,9.933578787,,,World_Bank
Low birth weight (=<2500 g),Israel,2000,9.960203325,,,World_Bank
Low birth weight (=<2500 g),Italy,2020,7.21055095,,,World_Bank
Low birth weight (=<2500 g),Italy,2019,7.203277979,,,World_Bank
Low birth weight (=<2500 g),Italy,2018,7.198214937,,,World_Bank
Low birth weight (=<2500 g),Italy,2017,7.196261431,,,World_Bank
Low birth weight (=<2500 g),Italy,2016,7.196877603,,,World_Bank
Low birth weight (=<2500 g),Italy,2015,7.19187199,,,World_Bank
Low birth weight (=<2500 g),Italy,2014,7.177678835,,,World_Bank
Low birth weight (=<2500 g),Italy,2013,7.147348167,,,World_Bank
Low birth weight (=<2500 g),Italy,2012,7.102505484,,,World_Bank
Low birth weight (=<2500 g),Italy,2011,7.049044156,,,World_Bank
Low birth weight (=<2500 g),Italy,2010,6.990265067,,,World_Bank
Low birth weight (=<2500 g),Italy,2009,6.93211404,,,World_Bank
Low birth weight (=<2500 g),Italy,2008,6.874181449,,,World_Bank
Low birth weight (=<2500 g),Italy,2007,6.821479332,,,World_Bank
Low birth weight (=<2500 g),Italy,2006,6.77272628,,,World_Bank
Low birth weight (=<2500 g),Italy,2005,6.730725841,,,World_Bank
Low birth weight (=<2500 g),Italy,2004,6.69064261,,,World_Bank
Low birth weight (=<2500 g),Italy,2003,6.650590892,,,World_Bank
Low birth weight (=<2500 g),Italy,2002,6.615696182,,,World_Bank
Low birth weight (=<2500 g),Italy,2001,6.58144,,,World_Bank
Low birth weight (=<2500 g),Italy,2000,6.552119881,,,World_Bank
Low birth weight (=<2500 g),Jamaica,2020,13.68120587,,,World_Bank
Low birth weight (=<2500 g),Jamaica,2019,13.77480082,,,World_Bank
Low birth weight (=<2500 g),Jamaica,2018,13.86746675,,,World_Bank
Low birth weight (=<2500 g),Jamaica,2017,13.96408959,,,World_Bank
Low birth weight (=<2500 g),Jamaica,2016,14.0545864,,,World_Bank
Low birth weight (=<2500 g),Jamaica,2015,14.13415042,,,World_Bank
Low birth weight (=<2500 g),Jamaica,2014,14.21189347,,,World_Bank
Low birth weight (=<2500 g),Jamaica,2013,14.27882493,,,World_Bank
Low birth weight (=<2500 g),Jamaica,2012,14.34531714,,,World_Bank
Low birth weight (=<2500 g),Jamaica,2011,14.40898987,,,World_Bank
Low birth weight (=<2500 g),Jamaica,2010,14.46713546,,,World_Bank
Low birth weight (=<2500 g),Jamaica,2009,14.50608594,,,World_Bank
Low birth weight (=<2500 g),Jamaica,2008,14.53946026,,,World_Bank
Low birth weight (=<2500 g),Jamaica,2007,14.5723425,,,World_Bank
Low birth weight (=<2500 g),Jamaica,2006,14.61056258,,,World_Bank
Low birth weight (=<2500 g),Jamaica,2005,14.65438152,,,World_Bank
Low birth weight (=<2500 g),Jamaica,2004,14.69971993,,,World_Bank
Low birth weight (=<2500 g),Jamaica,2003,14.74256671,,,World_Bank
Low birth weight (=<2500 g),Jamaica,2002,14.7909264,,,World_Bank
Low birth weight (=<2500 g),Jamaica,2001,14.83255132,,,World_Bank
Low birth weight (=<2500 g),Jamaica,2000,14.8729771,,,World_Bank
Low birth weight (=<2500 g),Japan,2020,11.30468889,,,World_Bank
Low birth weight (=<2500 g),Japan,2019,11.25311713,,,World_Bank
Low birth weight (=<2500 g),Japan,2018,11.20264405,,,World_Bank
Low birth weight (=<2500 g),Japan,2017,11.15996354,,,World_Bank
Low birth weight (=<2500 g),Japan,2016,11.1235173,,,World_Bank
Low birth weight (=<2500 g),Japan,2015,11.09415059,,,World_Bank
Low birth weight (=<2500 g),Japan,2014,11.07342246,,,World_Bank
Low birth weight (=<2500 g),Japan,2013,11.05933117,,,World_Bank
Low birth weight (=<2500 g),Japan,2012,11.05014528,,,World_Bank
Low birth weight (=<2500 g),Japan,2011,11.04326403,,,World_Bank
Low birth weight (=<2500 g),Japan,2010,11.03300871,,,World_Bank
Low birth weight (=<2500 g),Japan,2009,11.02575189,,,World_Bank
Low birth weight (=<2500 g),Japan,2008,11.01588484,,,World_Bank
Low birth weight (=<2500 g),Japan,2007,11.01368313,,,World_Bank
Low birth weight (=<2500 g),Japan,2006,11.02635895,,,World_Bank
Low birth weight (=<2500 g),Japan,2005,11.048708,,,World_Bank
Low birth weight (=<2500 g),Japan,2004,11.08530254,,,World_Bank
Low birth weight (=<2500 g),Japan,2003,11.12443396,,,World_Bank
Low birth weight (=<2500 g),Japan,2002,11.16280557,,,World_Bank
Low birth weight (=<2500 g),Japan,2001,11.18606295,,,World_Bank
Low birth weight (=<2500 g),Japan,2000,11.19393706,,,World_Bank
Low birth weight (=<2500 g),Jordan,2020,18.93666383,,,World_Bank
Low birth weight (=<2500 g),Jordan,2019,18.662243,,,World_Bank
Low birth weight (=<2500 g),Jordan,2018,18.39669588,,,World_Bank
Low birth weight (=<2500 g),Jordan,2017,18.13439757,,,World_Bank
Low birth weight (=<2500 g),Jordan,2016,17.88621591,,,World_Bank
Low birth weight (=<2500 g),Jordan,2015,17.6393728,,,World_Bank
Low birth weight (=<2500 g),Jordan,2014,17.40605096,,,World_Bank
Low birth weight (=<2500 g),Jordan,2013,17.18377905,,,World_Bank
Low birth weight (=<2500 g),Jordan,2012,16.95844235,,,World_Bank
Low birth weight (=<2500 g),Jordan,2011,16.72814682,,,World_Bank
Low birth weight (=<2500 g),Jordan,2010,16.49191941,,,World_Bank
Low birth weight (=<2500 g),Jordan,2009,16.265495,,,World_Bank
Low birth weight (=<2500 g),Jordan,2008,16.06770117,,,World_Bank
Low birth weight (=<2500 g),Jordan,2007,15.89971448,,,World_Bank
Low birth weight (=<2500 g),Jordan,2006,15.75008706,,,World_Bank
Low birth weight (=<2500 g),Jordan,2005,15.61591027,,,World_Bank
Low birth weight (=<2500 g),Jordan,2004,15.4657214,,,World_Bank
Low birth weight (=<2500 g),Jordan,2003,15.28752171,,,World_Bank
Low birth weight (=<2500 g),Jordan,2002,15.08950527,,,World_Bank
Low birth weight (=<2500 g),Jordan,2001,14.86542325,,,World_Bank
Low birth weight (=<2500 g),Jordan,2000,14.63677152,,,World_Bank
Low birth weight (=<2500 g),Kazakhstan,2020,5.291126034,,,World_Bank
Low birth weight (=<2500 g),Kazakhstan,2019,5.335832328,,,World_Bank
Low birth weight (=<2500 g),Kazakhstan,2018,5.381284458,,,World_Bank
Low birth weight (=<2500 g),Kazakhstan,2017,5.426055083,,,World_Bank
Low birth weight (=<2500 g),Kazakhstan,2016,5.470928767,,,World_Bank
Low birth weight (=<2500 g),Kazakhstan,2015,5.516193472,,,World_Bank
Low birth weight (=<2500 g),Kazakhstan,2014,5.573309984,,,World_Bank
Low birth weight (=<2500 g),Kazakhstan,2013,5.633274271,,,World_Bank
Low birth weight (=<2500 g),Kazakhstan,2012,5.697285924,,,World_Bank
Low birth weight (=<2500 g),Kazakhstan,2011,5.761257987,,,World_Bank
Low birth weight (=<2500 g),Kazakhstan,2010,5.816395323,,,World_Bank
Low birth weight (=<2500 g),Kazakhstan,2009,5.872131156,,,World_Bank
Low birth weight (=<2500 g),Kazakhstan,2008,5.92620788,,,World_Bank
Low birth weight (=<2500 g),Kazakhstan,2007,5.985884554,,,World_Bank
Low birth weight (=<2500 g),Kazakhstan,2006,6.056484133,,,World_Bank
Low birth weight (=<2500 g),Kazakhstan,2005,6.134244024,,,World_Bank
Low birth weight (=<2500 g),Kazakhstan,2004,6.22259142,,,World_Bank
Low birth weight (=<2500 g),Kazakhstan,2003,6.320539487,,,World_Bank
Low birth weight (=<2500 g),Kazakhstan,2002,6.422605922,,,World_Bank
Low birth weight (=<2500 g),Kazakhstan,2001,6.532881787,,,World_Bank
Low birth weight (=<2500 g),Kazakhstan,2000,6.634898474,,,World_Bank
Low birth weight (=<2500 g),Kenya,2020,9.971119457,,,World_Bank
Low birth weight (=<2500 g),Kenya,2019,10.08017709,,,World_Bank
Low birth weight (=<2500 g),Kenya,2018,10.20389907,,,World_Bank
Low birth weight (=<2500 g),Kenya,2017,10.3358498,,,World_Bank
Low birth weight (=<2500 g),Kenya,2016,10.45863059,,,World_Bank
Low birth weight (=<2500 g),Kenya,2015,10.56286285,,,World_Bank
Low birth weight (=<2500 g),Kenya,2014,10.64573764,,,World_Bank
Low birth weight (=<2500 g),Kenya,2013,10.70768354,,,World_Bank
Low birth weight (=<2500 g),Kenya,2012,10.76097957,,,World_Bank
Low birth weight (=<2500 g),Kenya,2011,10.8148241,,,World_Bank
Low birth weight (=<2500 g),Kenya,2010,10.87111443,,,World_Bank
Low birth weight (=<2500 g),Kenya,2009,10.93727423,,,World_Bank
Low birth weight (=<2500 g),Kenya,2008,11.00395261,,,World_Bank
Low birth weight (=<2500 g),Kenya,2007,11.07832741,,,World_Bank
Low birth weight (=<2500 g),Kenya,2006,11.16042465,,,World_Bank
Low birth weight (=<2500 g),Kenya,2005,11.2547789,,,World_Bank
Low birth weight (=<2500 g),Kenya,2004,11.35248599,,,World_Bank
Low birth weight (=<2500 g),Kenya,2003,11.45262075,,,World_Bank
Low birth weight (=<2500 g),Kenya,2002,11.54382167,,,World_Bank
Low birth weight (=<2500 g),Kenya,2001,11.6290279,,,World_Bank
Low birth weight (=<2500 g),Kenya,2000,11.71417812,,,World_Bank
Low birth weight (=<2500 g),Kiribati,2020,9.031391662,,,World_Bank
Low birth weight (=<2500 g),Kiribati,2019,9.030477195,,,World_Bank
Low birth weight (=<2500 g),Kiribati,2018,9.028124113,,,World_Bank
Low birth weight (=<2500 g),Kiribati,2017,9.029976382,,,World_Bank
Low birth weight (=<2500 g),Kiribati,2016,9.046987256,,,World_Bank
Low birth weight (=<2500 g),Kiribati,2015,9.075581003,,,World_Bank
Low birth weight (=<2500 g),Kiribati,2014,9.143381286,,,World_Bank
Low birth weight (=<2500 g),Kiribati,2013,9.231772506,,,World_Bank
Low birth weight (=<2500 g),Kiribati,2012,9.312323438,,,World_Bank
Low birth weight (=<2500 g),Kiribati,2011,9.389967565,,,World_Bank
Low birth weight (=<2500 g),Kiribati,2010,9.417309919,,,World_Bank
Low birth weight (=<2500 g),Kiribati,2009,9.415711795,,,World_Bank
Low birth weight (=<2500 g),Kiribati,2008,9.397113969,,,World_Bank
Low birth weight (=<2500 g),Kiribati,2007,9.374442197,,,World_Bank
Low birth weight (=<2500 g),Kiribati,2006,9.358661609,,,World_Bank
Low birth weight (=<2500 g),Kiribati,2005,9.337900626,,,World_Bank
Low birth weight (=<2500 g),Kiribati,2004,9.314924585,,,World_Bank
Low birth weight (=<2500 g),Kiribati,2003,9.293931005,,,World_Bank
Low birth weight (=<2500 g),Kiribati,2002,9.272732544,,,World_Bank
Low birth weight (=<2500 g),Kiribati,2001,9.251117038,,,World_Bank
Low birth weight (=<2500 g),Kiribati,2000,9.2387302,,,World_Bank
Low birth weight (=<2500 g),"Korea, Rep.",2020,7.463083879,,,World_Bank
Low birth weight (=<2500 g),"Korea, Rep.",2019,7.294277796,,,World_Bank
Low birth weight (=<2500 g),"Korea, Rep.",2018,7.130586667,,,World_Bank
Low birth weight (=<2500 g),"Korea, Rep.",2017,6.973237953,,,World_Bank
Low birth weight (=<2500 g),"Korea, Rep.",2016,6.820691494,,,World_Bank
Low birth weight (=<2500 g),"Korea, Rep.",2015,6.671883474,,,World_Bank
Low birth weight (=<2500 g),"Korea, Rep.",2014,6.528629538,,,World_Bank
Low birth weight (=<2500 g),"Korea, Rep.",2013,6.388225073,,,World_Bank
Low birth weight (=<2500 g),"Korea, Rep.",2012,6.251875492,,,World_Bank
Low birth weight (=<2500 g),"Korea, Rep.",2011,6.121086279,,,World_Bank
Low birth weight (=<2500 g),"Korea, Rep.",2010,5.995376883,,,World_Bank
Low birth weight (=<2500 g),"Korea, Rep.",2009,5.875754426,,,World_Bank
Low birth weight (=<2500 g),"Korea, Rep.",2008,5.75893118,,,World_Bank
Low birth weight (=<2500 g),"Korea, Rep.",2007,5.647937531,,,World_Bank
Low birth weight (=<2500 g),"Korea, Rep.",2006,5.541746188,,,World_Bank
Low birth weight (=<2500 g),"Korea, Rep.",2005,5.439232948,,,World_Bank
Low birth weight (=<2500 g),"Korea, Rep.",2004,5.340286989,,,World_Bank
Low birth weight (=<2500 g),"Korea, Rep.",2003,5.245163434,,,World_Bank
Low birth weight (=<2500 g),"Korea, Rep.",2002,5.150834402,,,World_Bank
Low birth weight (=<2500 g),"Korea, Rep.",2001,5.061023876,,,World_Bank
Low birth weight (=<2500 g),"Korea, Rep.",2000,4.972932671,,,World_Bank
Low birth weight (=<2500 g),Kuwait,2020,14.36604616,,,World_Bank
Low birth weight (=<2500 g),Kuwait,2019,14.14040683,,,World_Bank
Low birth weight (=<2500 g),Kuwait,2018,13.90467077,,,World_Bank
Low birth weight (=<2500 g),Kuwait,2017,13.65983699,,,World_Bank
Low birth weight (=<2500 g),Kuwait,2016,13.41014498,,,World_Bank
Low birth weight (=<2500 g),Kuwait,2015,13.15477069,,,World_Bank
Low birth weight (=<2500 g),Kuwait,2014,12.89355159,,,World_Bank
Low birth weight (=<2500 g),Kuwait,2013,12.64467935,,,World_Bank
Low birth weight (=<2500 g),Kuwait,2012,12.40294162,,,World_Bank
Low birth weight (=<2500 g),Kuwait,2011,12.1781327,,,World_Bank
Low birth weight (=<2500 g),Kuwait,2010,11.96992311,,,World_Bank
Low birth weight (=<2500 g),Kuwait,2009,11.7643844,,,World_Bank
Low birth weight (=<2500 g),Kuwait,2008,11.57259944,,,World_Bank
Low birth weight (=<2500 g),Kuwait,2007,11.37859137,,,World_Bank
Low birth weight (=<2500 g),Kuwait,2006,11.18676139,,,World_Bank
Low birth weight (=<2500 g),Kuwait,2005,10.99773904,,,World_Bank
Low birth weight (=<2500 g),Kuwait,2004,10.81071674,,,World_Bank
Low birth weight (=<2500 g),Kuwait,2003,10.62935266,,,World_Bank
Low birth weight (=<2500 g),Kuwait,2002,10.45654357,,,World_Bank
Low birth weight (=<2500 g),Kuwait,2001,10.29028467,,,World_Bank
Low birth weight (=<2500 g),Kuwait,2000,10.12615595,,,World_Bank
Low birth weight (=<2500 g),Kyrgyz Republic,2020,6.037714249,,,World_Bank
Low birth weight (=<2500 g),Kyrgyz Republic,2019,6.07542567,,,World_Bank
Low birth weight (=<2500 g),Kyrgyz Republic,2018,6.115296254,,,World_Bank
Low birth weight (=<2500 g),Kyrgyz Republic,2017,6.159752681,,,World_Bank
Low birth weight (=<2500 g),Kyrgyz Republic,2016,6.205334957,,,World_Bank
Low birth weight (=<2500 g),Kyrgyz Republic,2015,6.251667395,,,World_Bank
Low birth weight (=<2500 g),Kyrgyz Republic,2014,6.302031881,,,World_Bank
Low birth weight (=<2500 g),Kyrgyz Republic,2013,6.352799686,,,World_Bank
Low birth weight (=<2500 g),Kyrgyz Republic,2012,6.404764007,,,World_Bank
Low birth weight (=<2500 g),Kyrgyz Republic,2011,6.458435476,,,World_Bank
Low birth weight (=<2500 g),Kyrgyz Republic,2010,6.508482292,,,World_Bank
Low birth weight (=<2500 g),Kyrgyz Republic,2009,6.560482363,,,World_Bank
Low birth weight (=<2500 g),Kyrgyz Republic,2008,6.622024534,,,World_Bank
Low birth weight (=<2500 g),Kyrgyz Republic,2007,6.693356126,,,World_Bank
Low birth weight (=<2500 g),Kyrgyz Republic,2006,6.772969846,,,World_Bank
Low birth weight (=<2500 g),Kyrgyz Republic,2005,6.853811877,,,World_Bank
Low birth weight (=<2500 g),Kyrgyz Republic,2004,6.928173587,,,World_Bank
Low birth weight (=<2500 g),Kyrgyz Republic,2003,7.000438141,,,World_Bank
Low birth weight (=<2500 g),Kyrgyz Republic,2002,7.071170834,,,World_Bank
Low birth weight (=<2500 g),Kyrgyz Republic,2001,7.138446843,,,World_Bank
Low birth weight (=<2500 g),Kyrgyz Republic,2000,7.204725446,,,World_Bank
Low birth weight (=<2500 g),Lao PDR,2020,16.73231578,,,World_Bank
Low birth weight (=<2500 g),Lao PDR,2019,16.80277564,,,World_Bank
Low birth weight (=<2500 g),Lao PDR,2018,16.87672812,,,World_Bank
Low birth weight (=<2500 g),Lao PDR,2017,16.94095072,,,World_Bank
Low birth weight (=<2500 g),Lao PDR,2016,17.00826589,,,World_Bank
Low birth weight (=<2500 g),Lao PDR,2015,17.06606241,,,World_Bank
Low birth weight (=<2500 g),Lao PDR,2014,17.11854077,,,World_Bank
Low birth weight (=<2500 g),Lao PDR,2013,17.16369705,,,World_Bank
Low birth weight (=<2500 g),Lao PDR,2012,17.20385987,,,World_Bank
Low birth weight (=<2500 g),Lao PDR,2011,17.23893373,,,World_Bank
Low birth weight (=<2500 g),Lao PDR,2010,17.26169182,,,World_Bank
Low birth weight (=<2500 g),Lao PDR,2009,17.29014357,,,World_Bank
Low birth weight (=<2500 g),Lao PDR,2008,17.30546122,,,World_Bank
Low birth weight (=<2500 g),Lao PDR,2007,17.33141117,,,World_Bank
Low birth weight (=<2500 g),Lao PDR,2006,17.35241675,,,World_Bank
Low birth weight (=<2500 g),Lao PDR,2005,17.38871284,,,World_Bank
Low birth weight (=<2500 g),Lao PDR,2004,17.43523442,,,World_Bank
Low birth weight (=<2500 g),Lao PDR,2003,17.48650224,,,World_Bank
Low birth weight (=<2500 g),Lao PDR,2002,17.5499515,,,World_Bank
Low birth weight (=<2500 g),Lao PDR,2001,17.61443525,,,World_Bank
Low birth weight (=<2500 g),Lao PDR,2000,17.6825582,,,World_Bank
Low birth weight (=<2500 g),Latvia,2020,4.232556976,,,World_Bank
Low birth weight (=<2500 g),Latvia,2019,4.267590952,,,World_Bank
Low birth weight (=<2500 g),Latvia,2018,4.305626409,,,World_Bank
Low birth weight (=<2500 g),Latvia,2017,4.347701174,,,World_Bank
Low birth weight (=<2500 g),Latvia,2016,4.389605909,,,World_Bank
Low birth weight (=<2500 g),Latvia,2015,4.430638,,,World_Bank
Low birth weight (=<2500 g),Latvia,2014,4.47079163,,,World_Bank
Low birth weight (=<2500 g),Latvia,2013,4.510863751,,,World_Bank
Low birth weight (=<2500 g),Latvia,2012,4.549462741,,,World_Bank
Low birth weight (=<2500 g),Latvia,2011,4.583780786,,,World_Bank
Low birth weight (=<2500 g),Latvia,2010,4.610108684,,,World_Bank
Low birth weight (=<2500 g),Latvia,2009,4.628523797,,,World_Bank
Low birth weight (=<2500 g),Latvia,2008,4.648712773,,,World_Bank
Low birth weight (=<2500 g),Latvia,2007,4.681155029,,,World_Bank
Low birth weight (=<2500 g),Latvia,2006,4.731790721,,,World_Bank
Low birth weight (=<2500 g),Latvia,2005,4.800770883,,,World_Bank
Low birth weight (=<2500 g),Latvia,2004,4.882983895,,,World_Bank
Low birth weight (=<2500 g),Latvia,2003,4.969743204,,,World_Bank
Low birth weight (=<2500 g),Latvia,2002,5.052635961,,,World_Bank
Low birth weight (=<2500 g),Latvia,2001,5.129714268,,,World_Bank
Low birth weight (=<2500 g),Latvia,2000,5.199079972,,,World_Bank
Low birth weight (=<2500 g),Lebanon,2020,12.59960101,,,World_Bank
Low birth weight (=<2500 g),Lebanon,2019,12.56637114,,,World_Bank
Low birth weight (=<2500 g),Lebanon,2018,12.52125339,,,World_Bank
Low birth weight (=<2500 g),Lebanon,2017,12.47426823,,,World_Bank
Low birth weight (=<2500 g),Lebanon,2016,12.42105601,,,World_Bank
Low birth weight (=<2500 g),Lebanon,2015,12.36658776,,,World_Bank
Low birth weight (=<2500 g),Lebanon,2014,12.31392363,,,World_Bank
Low birth weight (=<2500 g),Lebanon,2013,12.25772043,,,World_Bank
Low birth weight (=<2500 g),Lebanon,2012,12.1979978,,,World_Bank
Low birth weight (=<2500 g),Lebanon,2011,12.15501238,,,World_Bank
Low birth weight (=<2500 g),Lebanon,2010,12.14097531,,,World_Bank
Low birth weight (=<2500 g),Lebanon,2009,12.15606485,,,World_Bank
Low birth weight (=<2500 g),Lebanon,2008,12.20032781,,,World_Bank
Low birth weight (=<2500 g),Lebanon,2007,12.2544522,,,World_Bank
Low birth weight (=<2500 g),Lebanon,2006,12.3366703,,,World_Bank
Low birth weight (=<2500 g),Lebanon,2005,12.38740003,,,World_Bank
Low birth weight (=<2500 g),Lebanon,2004,12.42526261,,,World_Bank
Low birth weight (=<2500 g),Lebanon,2003,12.45562051,,,World_Bank
Low birth weight (=<2500 g),Lebanon,2002,12.42922224,,,World_Bank
Low birth weight (=<2500 g),Lebanon,2001,12.37863379,,,World_Bank
Low birth weight (=<2500 g),Lebanon,2000,12.33587887,,,World_Bank
Low birth weight (=<2500 g),Lesotho,2020,14.44742354,,,World_Bank
Low birth weight (=<2500 g),Lesotho,2019,14.51406776,,,World_Bank
Low birth weight (=<2500 g),Lesotho,2018,14.57876038,,,World_Bank
Low birth weight (=<2500 g),Lesotho,2017,14.63635439,,,World_Bank
Low birth weight (=<2500 g),Lesotho,2016,14.68443831,,,World_Bank
Low birth weight (=<2500 g),Lesotho,2015,14.72420946,,,World_Bank
Low birth weight (=<2500 g),Lesotho,2014,14.74830525,,,World_Bank
Low birth weight (=<2500 g),Lesotho,2013,14.76289974,,,World_Bank
Low birth weight (=<2500 g),Lesotho,2012,14.77232303,,,World_Bank
Low birth weight (=<2500 g),Lesotho,2011,14.7700246,,,World_Bank
Low birth weight (=<2500 g),Lesotho,2010,14.76803273,,,World_Bank
Low birth weight (=<2500 g),Lesotho,2009,14.76863985,,,World_Bank
Low birth weight (=<2500 g),Lesotho,2008,14.77836172,,,World_Bank
Low birth weight (=<2500 g),Lesotho,2007,14.79102388,,,World_Bank
Low birth weight (=<2500 g),Lesotho,2006,14.80876748,,,World_Bank
Low birth weight (=<2500 g),Lesotho,2005,14.83127098,,,World_Bank
Low birth weight (=<2500 g),Lesotho,2004,14.8617598,,,World_Bank
Low birth weight (=<2500 g),Lesotho,2003,14.89933697,,,World_Bank
Low birth weight (=<2500 g),Lesotho,2002,14.942076,,,World_Bank
Low birth weight (=<2500 g),Lesotho,2001,14.99172486,,,World_Bank
Low birth weight (=<2500 g),Lesotho,2000,15.04919644,,,World_Bank
Low birth weight (=<2500 g),Liberia,2020,19.8812653,,,World_Bank
Low birth weight (=<2500 g),Liberia,2019,19.86875088,,,World_Bank
Low birth weight (=<2500 g),Liberia,2018,19.84910526,,,World_Bank
Low birth weight (=<2500 g),Liberia,2017,19.80835968,,,World_Bank
Low birth weight (=<2500 g),Liberia,2016,19.76232962,,,World_Bank
Low birth weight (=<2500 g),Liberia,2015,19.71641265,,,World_Bank
Low birth weight (=<2500 g),Liberia,2014,19.68867393,,,World_Bank
Low birth weight (=<2500 g),Liberia,2013,19.67182339,,,World_Bank
Low birth weight (=<2500 g),Liberia,2012,19.6799741,,,World_Bank
Low birth weight (=<2500 g),Liberia,2011,19.69694018,,,World_Bank
Low birth weight (=<2500 g),Liberia,2010,19.71773782,,,World_Bank
Low birth weight (=<2500 g),Liberia,2009,19.73623955,,,World_Bank
Low birth weight (=<2500 g),Liberia,2008,19.75455148,,,World_Bank
Low birth weight (=<2500 g),Liberia,2007,19.78796505,,,World_Bank
Low birth weight (=<2500 g),Liberia,2006,19.84136883,,,World_Bank
Low birth weight (=<2500 g),Liberia,2005,19.86576016,,,World_Bank
Low birth weight (=<2500 g),Liberia,2004,19.83169923,,,World_Bank
Low birth weight (=<2500 g),Liberia,2003,19.73078931,,,World_Bank
Low birth weight (=<2500 g),Liberia,2002,19.56087066,,,World_Bank
Low birth weight (=<2500 g),Liberia,2001,19.42925939,,,World_Bank
Low birth weight (=<2500 g),Liberia,2000,19.33044961,,,World_Bank
Low birth weight (=<2500 g),Lithuania,2020,4.397884914,,,World_Bank
Low birth weight (=<2500 g),Lithuania,2019,4.597418672,,,World_Bank
Low birth weight (=<2500 g),Lithuania,2018,4.636183586,,,World_Bank
Low birth weight (=<2500 g),Lithuania,2017,4.65993888,,,World_Bank
Low birth weight (=<2500 g),Lithuania,2016,4.675182662,,,World_Bank
Low birth weight (=<2500 g),Lithuania,2015,4.684066156,,,World_Bank
Low birth weight (=<2500 g),Lithuania,2014,4.687001908,,,World_Bank
Low birth weight (=<2500 g),Lithuania,2013,4.691746918,,,World_Bank
Low birth weight (=<2500 g),Lithuania,2012,4.696139754,,,World_Bank
Low birth weight (=<2500 g),Lithuania,2011,4.694712397,,,World_Bank
Low birth weight (=<2500 g),Lithuania,2010,4.686132833,,,World_Bank
Low birth weight (=<2500 g),Lithuania,2009,4.672588103,,,World_Bank
Low birth weight (=<2500 g),Lithuania,2008,4.658818435,,,World_Bank
Low birth weight (=<2500 g),Lithuania,2007,4.658696822,,,World_Bank
Low birth weight (=<2500 g),Lithuania,2006,4.67101843,,,World_Bank
Low birth weight (=<2500 g),Lithuania,2005,4.688728525,,,World_Bank
Low birth weight (=<2500 g),Lithuania,2004,4.705353215,,,World_Bank
Low birth weight (=<2500 g),Lithuania,2003,4.709349068,,,World_Bank
Low birth weight (=<2500 g),Lithuania,2002,4.702877507,,,World_Bank
Low birth weight (=<2500 g),Lithuania,2001,4.687720126,,,World_Bank
Low birth weight (=<2500 g),Lithuania,2000,4.667882321,,,World_Bank
Low birth weight (=<2500 g),Luxembourg,2020,7.74989029,,,World_Bank
Low birth weight (=<2500 g),Luxembourg,2019,7.723324515,,,World_Bank
Low birth weight (=<2500 g),Luxembourg,2018,7.693525372,,,World_Bank
Low birth weight (=<2500 g),Luxembourg,2017,7.665716498,,,World_Bank
Low birth weight (=<2500 g),Luxembourg,2016,7.640425897,,,World_Bank
Low birth weight (=<2500 g),Luxembourg,2015,7.616108938,,,World_Bank
Low birth weight (=<2500 g),Luxembourg,2014,7.592566922,,,World_Bank
Low birth weight (=<2500 g),Luxembourg,2013,7.561165453,,,World_Bank
Low birth weight (=<2500 g),Luxembourg,2012,7.526157244,,,World_Bank
Low birth weight (=<2500 g),Luxembourg,2011,7.471175764,,,World_Bank
Low birth weight (=<2500 g),Luxembourg,2010,7.392271314,,,World_Bank
Low birth weight (=<2500 g),Luxembourg,2009,7.317261703,,,World_Bank
Low birth weight (=<2500 g),Luxembourg,2008,7.229933623,,,World_Bank
Low birth weight (=<2500 g),Luxembourg,2007,7.164974042,,,World_Bank
Low birth weight (=<2500 g),Luxembourg,2006,7.132025724,,,World_Bank
Low birth weight (=<2500 g),Luxembourg,2005,7.100145331,,,World_Bank
Low birth weight (=<2500 g),Luxembourg,2004,7.083687137,,,World_Bank
Low birth weight (=<2500 g),Luxembourg,2003,7.065800954,,,World_Bank
Low birth weight (=<2500 g),Luxembourg,2002,7.032447232,,,World_Bank
Low birth weight (=<2500 g),Luxembourg,2001,7.004387829,,,World_Bank
Low birth weight (=<2500 g),Luxembourg,2000,6.984541201,,,World_Bank
Low birth weight (=<2500 g),Madagascar,2020,18.71212047,,,World_Bank
Low birth weight (=<2500 g),Madagascar,2019,18.81887394,,,World_Bank
Low birth weight (=<2500 g),Madagascar,2018,18.92827309,,,World_Bank
Low birth weight (=<2500 g),Madagascar,2017,19.04332611,,,World_Bank
Low birth weight (=<2500 g),Madagascar,2016,19.15460803,,,World_Bank
Low birth weight (=<2500 g),Madagascar,2015,19.25947245,,,World_Bank
Low birth weight (=<2500 g),Madagascar,2014,19.35283154,,,World_Bank
Low birth weight (=<2500 g),Madagascar,2013,19.43649089,,,World_Bank
Low birth weight (=<2500 g),Madagascar,2012,19.49897996,,,World_Bank
Low birth weight (=<2500 g),Madagascar,2011,19.54340185,,,World_Bank
Low birth weight (=<2500 g),Madagascar,2010,19.57581736,,,World_Bank
Low birth weight (=<2500 g),Madagascar,2009,19.60388726,,,World_Bank
Low birth weight (=<2500 g),Madagascar,2008,19.63163842,,,World_Bank
Low birth weight (=<2500 g),Madagascar,2007,19.69024134,,,World_Bank
Low birth weight (=<2500 g),Madagascar,2006,19.7688229,,,World_Bank
Low birth weight (=<2500 g),Madagascar,2005,19.85947711,,,World_Bank
Low birth weight (=<2500 g),Madagascar,2004,19.93470746,,,World_Bank
Low birth weight (=<2500 g),Madagascar,2003,19.98362292,,,World_Bank
Low birth weight (=<2500 g),Madagascar,2002,20.00851132,,,World_Bank
Low birth weight (=<2500 g),Madagascar,2001,20.00854009,,,World_Bank
Low birth weight (=<2500 g),Madagascar,2000,20.02741798,,,World_Bank
Low birth weight (=<2500 g),Malawi,2020,15.57640226,,,World_Bank
Low birth weight (=<2500 g),Malawi,2019,15.64313496,,,World_Bank
Low birth weight (=<2500 g),Malawi,2018,15.70602917,,,World_Bank
Low birth weight (=<2500 g),Malawi,2017,15.75454101,,,World_Bank
Low birth weight (=<2500 g),Malawi,2016,15.79061511,,,World_Bank
Low birth weight (=<2500 g),Malawi,2015,15.81858387,,,World_Bank
Low birth weight (=<2500 g),Malawi,2014,15.82486683,,,World_Bank
Low birth weight (=<2500 g),Malawi,2013,15.82263733,,,World_Bank
Low birth weight (=<2500 g),Malawi,2012,15.81643031,,,World_Bank
Low birth weight (=<2500 g),Malawi,2011,15.81446077,,,World_Bank
Low birth weight (=<2500 g),Malawi,2010,15.82933914,,,World_Bank
Low birth weight (=<2500 g),Malawi,2009,15.87034354,,,World_Bank
Low birth weight (=<2500 g),Malawi,2008,15.93038775,,,World_Bank
Low birth weight (=<2500 g),Malawi,2007,16.00518664,,,World_Bank
Low birth weight (=<2500 g),Malawi,2006,16.08973706,,,World_Bank
Low birth weight (=<2500 g),Malawi,2005,16.17242955,,,World_Bank
Low birth weight (=<2500 g),Malawi,2004,16.24644739,,,World_Bank
Low birth weight (=<2500 g),Malawi,2003,16.32141123,,,World_Bank
Low birth weight (=<2500 g),Malawi,2002,16.39365043,,,World_Bank
Low birth weight (=<2500 g),Malawi,2001,16.44847382,,,World_Bank
Low birth weight (=<2500 g),Malawi,2000,16.48843931,,,World_Bank
Low birth weight (=<2500 g),Malaysia,2020,13.81137628,,,World_Bank
Low birth weight (=<2500 g),Malaysia,2019,13.68390973,,,World_Bank
Low birth weight (=<2500 g),Malaysia,2018,13.56911773,,,World_Bank
Low birth weight (=<2500 g),Malaysia,2017,13.4694999,,,World_Bank
Low birth weight (=<2500 g),Malaysia,2016,13.37683687,,,World_Bank
Low birth weight (=<2500 g),Malaysia,2015,13.28584757,,,World_Bank
Low birth weight (=<2500 g),Malaysia,2014,13.19707662,,,World_Bank
Low birth weight (=<2500 g),Malaysia,2013,13.10750813,,,World_Bank
Low birth weight (=<2500 g),Malaysia,2012,13.01825922,,,World_Bank
Low birth weight (=<2500 g),Malaysia,2011,12.92585114,,,World_Bank
Low birth weight (=<2500 g),Malaysia,2010,12.83015901,,,World_Bank
Low birth weight (=<2500 g),Malaysia,2009,12.73586837,,,World_Bank
Low birth weight (=<2500 g),Malaysia,2008,12.63846616,,,World_Bank
Low birth weight (=<2500 g),Malaysia,2007,12.5479593,,,World_Bank
Low birth weight (=<2500 g),Malaysia,2006,12.47066432,,,World_Bank
Low birth weight (=<2500 g),Malaysia,2005,12.39937414,,,World_Bank
Low birth weight (=<2500 g),Malaysia,2004,12.3417279,,,World_Bank
Low birth weight (=<2500 g),Malaysia,2003,12.28399329,,,World_Bank
Low birth weight (=<2500 g),Malaysia,2002,12.22222394,,,World_Bank
Low birth weight (=<2500 g),Malaysia,2001,12.15594522,,,World_Bank
Low birth weight (=<2500 g),Malaysia,2000,12.07471447,,,World_Bank
Low birth weight (=<2500 g),Maldives,2020,13.71833802,,,World_Bank
Low birth weight (=<2500 g),Maldives,2019,13.72304818,,,World_Bank
Low birth weight (=<2500 g),Maldives,2018,13.74843688,,,World_Bank
Low birth weight (=<2500 g),Maldives,2017,13.77859159,,,World_Bank
Low birth weight (=<2500 g),Maldives,2016,13.81293445,,,World_Bank
Low birth weight (=<2500 g),Maldives,2015,13.83504629,,,World_Bank
Low birth weight (=<2500 g),Maldives,2014,13.84208702,,,World_Bank
Low birth weight (=<2500 g),Maldives,2013,13.83321286,,,World_Bank
Low birth weight (=<2500 g),Maldives,2012,13.82320593,,,World_Bank
Low birth weight (=<2500 g),Maldives,2011,13.81452753,,,World_Bank
Low birth weight (=<2500 g),Maldives,2010,13.80429939,,,World_Bank
Low birth weight (=<2500 g),Maldives,2009,13.79874251,,,World_Bank
Low birth weight (=<2500 g),Maldives,2008,13.79687222,,,World_Bank
Low birth weight (=<2500 g),Maldives,2007,13.79484233,,,World_Bank
Low birth weight (=<2500 g),Maldives,2006,13.80827641,,,World_Bank
Low birth weight (=<2500 g),Maldives,2005,13.83678542,,,World_Bank
Low birth weight (=<2500 g),Maldives,2004,13.87594524,,,World_Bank
Low birth weight (=<2500 g),Maldives,2003,13.91752774,,,World_Bank
Low birth weight (=<2500 g),Maldives,2002,13.95556959,,,World_Bank
Low birth weight (=<2500 g),Maldives,2001,13.98391478,,,World_Bank
Low birth weight (=<2500 g),Maldives,2000,13.99303166,,,World_Bank
Low birth weight (=<2500 g),Malta,2020,7.184098646,,,World_Bank
Low birth weight (=<2500 g),Malta,2019,7.150098387,,,World_Bank
Low birth weight (=<2500 g),Malta,2018,7.117934101,,,World_Bank
Low birth weight (=<2500 g),Malta,2017,7.091023408,,,World_Bank
Low birth weight (=<2500 g),Malta,2016,7.069191646,,,World_Bank
Low birth weight (=<2500 g),Malta,2015,7.044675019,,,World_Bank
Low birth weight (=<2500 g),Malta,2014,7.022031316,,,World_Bank
Low birth weight (=<2500 g),Malta,2013,6.99671144,,,World_Bank
Low birth weight (=<2500 g),Malta,2012,6.968503157,,,World_Bank
Low birth weight (=<2500 g),Malta,2011,6.939598709,,,World_Bank
Low birth weight (=<2500 g),Malta,2010,6.907226126,,,World_Bank
Low birth weight (=<2500 g),Malta,2009,6.873280426,,,World_Bank
Low birth weight (=<2500 g),Malta,2008,6.835699646,,,World_Bank
Low birth weight (=<2500 g),Malta,2007,6.799603671,,,World_Bank
Low birth weight (=<2500 g),Malta,2006,6.763042707,,,World_Bank
Low birth weight (=<2500 g),Malta,2005,6.725341869,,,World_Bank
Low birth weight (=<2500 g),Malta,2004,6.688930101,,,World_Bank
Low birth weight (=<2500 g),Malta,2003,6.652239876,,,World_Bank
Low birth weight (=<2500 g),Malta,2002,6.61698089,,,World_Bank
Low birth weight (=<2500 g),Malta,2001,6.583688276,,,World_Bank
Low birth weight (=<2500 g),Malta,2000,6.550268778,,,World_Bank
Low birth weight (=<2500 g),Mauritius,2020,18.69435005,,,World_Bank
Low birth weight (=<2500 g),Mauritius,2019,18.71573023,,,World_Bank
Low birth weight (=<2500 g),Mauritius,2018,18.74402725,,,World_Bank
Low birth weight (=<2500 g),Mauritius,2017,18.79144117,,,World_Bank
Low birth weight (=<2500 g),Mauritius,2016,18.82843168,,,World_Bank
Low birth weight (=<2500 g),Mauritius,2015,18.89011222,,,World_Bank
Low birth weight (=<2500 g),Mauritius,2014,18.96024327,,,World_Bank
Low birth weight (=<2500 g),Mauritius,2013,19.04062954,,,World_Bank
Low birth weight (=<2500 g),Mauritius,2012,19.13070053,,,World_Bank
Low birth weight (=<2500 g),Mauritius,2011,19.22769447,,,World_Bank
Low birth weight (=<2500 g),Mauritius,2010,19.31122561,,,World_Bank
Low birth weight (=<2500 g),Mauritius,2009,19.38632134,,,World_Bank
Low birth weight (=<2500 g),Mauritius,2008,19.45307598,,,World_Bank
Low birth weight (=<2500 g),Mauritius,2007,19.50675692,,,World_Bank
Low birth weight (=<2500 g),Mauritius,2006,19.5449446,,,World_Bank
Low birth weight (=<2500 g),Mauritius,2005,19.56474264,,,World_Bank
Low birth weight (=<2500 g),Mauritius,2004,19.55790795,,,World_Bank
Low birth weight (=<2500 g),Mauritius,2003,19.53504611,,,World_Bank
Low birth weight (=<2500 g),Mauritius,2002,19.50322608,,,World_Bank
Low birth weight (=<2500 g),Mauritius,2001,19.46593367,,,World_Bank
Low birth weight (=<2500 g),Mauritius,2000,19.42225827,,,World_Bank
Low birth weight (=<2500 g),Mexico,2020,10.15384708,,,World_Bank
Low birth weight (=<2500 g),Mexico,2019,10.15518242,,,World_Bank
Low birth weight (=<2500 g),Mexico,2018,10.15536283,,,World_Bank
Low birth weight (=<2500 g),Mexico,2017,10.15418834,,,World_Bank
Low birth weight (=<2500 g),Mexico,2016,10.15388755,,,World_Bank
Low birth weight (=<2500 g),Mexico,2015,10.15642334,,,World_Bank
Low birth weight (=<2500 g),Mexico,2014,10.15754732,,,World_Bank
Low birth weight (=<2500 g),Mexico,2013,10.15887919,,,World_Bank
Low birth weight (=<2500 g),Mexico,2012,10.16045428,,,World_Bank
Low birth weight (=<2500 g),Mexico,2011,10.16167781,,,World_Bank
Low birth weight (=<2500 g),Mexico,2010,10.150942,,,World_Bank
Low birth weight (=<2500 g),Mexico,2009,10.13901136,,,World_Bank
Low birth weight (=<2500 g),Mexico,2008,10.1197239,,,World_Bank
Low birth weight (=<2500 g),Mexico,2007,10.09547773,,,World_Bank
Low birth weight (=<2500 g),Mexico,2006,10.0838185,,,World_Bank
Low birth weight (=<2500 g),Mexico,2005,10.06873696,,,World_Bank
Low birth weight (=<2500 g),Mexico,2004,10.06221292,,,World_Bank
Low birth weight (=<2500 g),Mexico,2003,10.04815752,,,World_Bank
Low birth weight (=<2500 g),Mexico,2002,10.02256256,,,World_Bank
Low birth weight (=<2500 g),Mexico,2001,9.987899529,,,World_Bank
Low birth weight (=<2500 g),Mexico,2000,9.950923768,,,World_Bank
Low birth weight (=<2500 g),Moldova,2020,6.470493286,,,World_Bank
Low birth weight (=<2500 g),Moldova,2019,6.469694169,,,World_Bank
Low birth weight (=<2500 g),Moldova,2018,6.479530121,,,World_Bank
Low birth weight (=<2500 g),Moldova,2017,6.493739323,,,World_Bank
Low birth weight (=<2500 g),Moldova,2016,6.505177138,,,World_Bank
Low birth weight (=<2500 g),Moldova,2015,6.51545523,,,World_Bank
Low birth weight (=<2500 g),Moldova,2014,6.511181611,,,World_Bank
Low birth weight (=<2500 g),Moldova,2013,6.512073659,,,World_Bank
Low birth weight (=<2500 g),Moldova,2012,6.511632477,,,World_Bank
Low birth weight (=<2500 g),Moldova,2011,6.505890802,,,World_Bank
Low birth weight (=<2500 g),Moldova,2010,6.506306316,,,World_Bank
Low birth weight (=<2500 g),Moldova,2009,6.500509694,,,World_Bank
Low birth weight (=<2500 g),Moldova,2008,6.489867757,,,World_Bank
Low birth weight (=<2500 g),Moldova,2007,6.485146691,,,World_Bank
Low birth weight (=<2500 g),Moldova,2006,6.488460967,,,World_Bank
Low birth weight (=<2500 g),Moldova,2005,6.498439722,,,World_Bank
Low birth weight (=<2500 g),Moldova,2004,6.525328744,,,World_Bank
Low birth weight (=<2500 g),Moldova,2003,6.560350967,,,World_Bank
Low birth weight (=<2500 g),Moldova,2002,6.602115088,,,World_Bank
Low birth weight (=<2500 g),Moldova,2001,6.637154485,,,World_Bank
Low birth weight (=<2500 g),Moldova,2000,6.655143683,,,World_Bank
Low birth weight (=<2500 g),Monaco,2020,6.824647135,,,World_Bank
Low birth weight (=<2500 g),Monaco,2019,6.819570358,,,World_Bank
Low birth weight (=<2500 g),Monaco,2018,6.800964552,,,World_Bank
Low birth weight (=<2500 g),Monaco,2017,6.821468757,,,World_Bank
Low birth weight (=<2500 g),Monaco,2016,6.870726648,,,World_Bank
Low birth weight (=<2500 g),Monaco,2015,6.915155537,,,World_Bank
Low birth weight (=<2500 g),Monaco,2014,6.961183761,,,World_Bank
Low birth weight (=<2500 g),Monaco,2013,7.014874455,,,World_Bank
Low birth weight (=<2500 g),Monaco,2012,7.068371369,,,World_Bank
Low birth weight (=<2500 g),Monaco,2011,7.1132176,,,World_Bank
Low birth weight (=<2500 g),Monaco,2010,7.13612364,,,World_Bank
Low birth weight (=<2500 g),Monaco,2009,7.164742757,,,World_Bank
Low birth weight (=<2500 g),Monaco,2008,7.199043558,,,World_Bank
Low birth weight (=<2500 g),Monaco,2007,7.207428777,,,World_Bank
Low birth weight (=<2500 g),Monaco,2006,7.221544341,,,World_Bank
Low birth weight (=<2500 g),Monaco,2005,7.265345684,,,World_Bank
Low birth weight (=<2500 g),Monaco,2004,7.313170165,,,World_Bank
Low birth weight (=<2500 g),Monaco,2003,7.339996482,,,World_Bank
Low birth weight (=<2500 g),Monaco,2002,7.359303462,,,World_Bank
Low birth weight (=<2500 g),Monaco,2001,7.363257506,,,World_Bank
Low birth weight (=<2500 g),Monaco,2000,7.36030608,,,World_Bank
Low birth weight (=<2500 g),Mongolia,2020,4.896474513,,,World_Bank
Low birth weight (=<2500 g),Mongolia,2019,4.987121831,,,World_Bank
Low birth weight (=<2500 g),Mongolia,2018,5.082400286,,,World_Bank
Low birth weight (=<2500 g),Mongolia,2017,5.178801158,,,World_Bank
Low birth weight (=<2500 g),Mongolia,2016,5.272697385,,,World_Bank
Low birth weight (=<2500 g),Mongolia,2015,5.367841234,,,World_Bank
Low birth weight (=<2500 g),Mongolia,2014,5.470537456,,,World_Bank
Low birth weight (=<2500 g),Mongolia,2013,5.586908058,,,World_Bank
Low birth weight (=<2500 g),Mongolia,2012,5.724414525,,,World_Bank
Low birth weight (=<2500 g),Mongolia,2011,5.875785149,,,World_Bank
Low birth weight (=<2500 g),Mongolia,2010,6.037621608,,,World_Bank
Low birth weight (=<2500 g),Mongolia,2009,6.197940677,,,World_Bank
Low birth weight (=<2500 g),Mongolia,2008,6.354060396,,,World_Bank
Low birth weight (=<2500 g),Mongolia,2007,6.506823679,,,World_Bank
Low birth weight (=<2500 g),Mongolia,2006,6.661907757,,,World_Bank
Low birth weight (=<2500 g),Mongolia,2005,6.818014711,,,World_Bank
Low birth weight (=<2500 g),Mongolia,2004,6.972379592,,,World_Bank
Low birth weight (=<2500 g),Mongolia,2003,7.122732624,,,World_Bank
Low birth weight (=<2500 g),Mongolia,2002,7.265612582,,,World_Bank
Low birth weight (=<2500 g),Mongolia,2001,7.397294429,,,World_Bank
Low birth weight (=<2500 g),Mongolia,2000,7.519853948,,,World_Bank
Low birth weight (=<2500 g),Montenegro,2020,6.231987721,,,World_Bank
Low birth weight (=<2500 g),Montenegro,2019,6.238891974,,,World_Bank
Low birth weight (=<2500 g),Montenegro,2018,6.255248396,,,World_Bank
Low birth weight (=<2500 g),Montenegro,2017,6.275656908,,,World_Bank
Low birth weight (=<2500 g),Montenegro,2016,6.297845788,,,World_Bank
Low birth weight (=<2500 g),Montenegro,2015,6.324151558,,,World_Bank
Low birth weight (=<2500 g),Montenegro,2014,6.346063851,,,World_Bank
Low birth weight (=<2500 g),Montenegro,2013,6.365604268,,,World_Bank
Low birth weight (=<2500 g),Montenegro,2012,6.376490047,,,World_Bank
Low birth weight (=<2500 g),Montenegro,2011,6.379650238,,,World_Bank
Low birth weight (=<2500 g),Montenegro,2010,6.384272319,,,World_Bank
Low birth weight (=<2500 g),Montenegro,2009,6.383606182,,,World_Bank
Low birth weight (=<2500 g),Montenegro,2008,6.382484603,,,World_Bank
Low birth weight (=<2500 g),Montenegro,2007,6.388492599,,,World_Bank
Low birth weight (=<2500 g),Montenegro,2006,6.397625636,,,World_Bank
Low birth weight (=<2500 g),Montenegro,2005,6.401112015,,,World_Bank
Low birth weight (=<2500 g),Montenegro,2004,6.406649384,,,World_Bank
Low birth weight (=<2500 g),Montenegro,2003,6.412550195,,,World_Bank
Low birth weight (=<2500 g),Montenegro,2002,6.418515079,,,World_Bank
Low birth weight (=<2500 g),Montenegro,2001,6.422126463,,,World_Bank
Low birth weight (=<2500 g),Montenegro,2000,6.428613085,,,World_Bank
Low birth weight (=<2500 g),Morocco,2020,14.76651824,,,World_Bank
Low birth weight (=<2500 g),Morocco,2019,14.92063382,,,World_Bank
Low birth weight (=<2500 g),Morocco,2018,15.07694033,,,World_Bank
Low birth weight (=<2500 g),Morocco,2017,15.2525994,,,World_Bank
Low birth weight (=<2500 g),Morocco,2016,15.43034817,,,World_Bank
Low birth weight (=<2500 g),Morocco,2015,15.60177759,,,World_Bank
Low birth weight (=<2500 g),Morocco,2014,15.7773536,,,World_Bank
Low birth weight (=<2500 g),Morocco,2013,15.94713046,,,World_Bank
Low birth weight (=<2500 g),Morocco,2012,16.12308919,,,World_Bank
Low birth weight (=<2500 g),Morocco,2011,16.3052143,,,World_Bank
Low birth weight (=<2500 g),Morocco,2010,16.49318401,,,World_Bank
Low birth weight (=<2500 g),Morocco,2009,16.68051288,,,World_Bank
Low birth weight (=<2500 g),Morocco,2008,16.86886605,,,World_Bank
Low birth weight (=<2500 g),Morocco,2007,17.07065012,,,World_Bank
Low birth weight (=<2500 g),Morocco,2006,17.27392339,,,World_Bank
Low birth weight (=<2500 g),Morocco,2005,17.48333749,,,World_Bank
Low birth weight (=<2500 g),Morocco,2004,17.6780848,,,World_Bank
Low birth weight (=<2500 g),Morocco,2003,17.85731981,,,World_Bank
Low birth weight (=<2500 g),Morocco,2002,18.0336154,,,World_Bank
Low birth weight (=<2500 g),Morocco,2001,18.18802139,,,World_Bank
Low birth weight (=<2500 g),Morocco,2000,18.34448654,,,World_Bank
Low birth weight (=<2500 g),Mozambique,2020,17.76020276,,,World_Bank
Low birth weight (=<2500 g),Mozambique,2019,17.78873826,,,World_Bank
Low birth weight (=<2500 g),Mozambique,2018,17.81782934,,,World_Bank
Low birth weight (=<2500 g),Mozambique,2017,17.84725443,,,World_Bank
Low birth weight (=<2500 g),Mozambique,2016,17.88144373,,,World_Bank
Low birth weight (=<2500 g),Mozambique,2015,17.91827111,,,World_Bank
Low birth weight (=<2500 g),Mozambique,2014,17.96641801,,,World_Bank
Low birth weight (=<2500 g),Mozambique,2013,18.0298546,,,World_Bank
Low birth weight (=<2500 g),Mozambique,2012,18.11548988,,,World_Bank
Low birth weight (=<2500 g),Mozambique,2011,18.22383997,,,World_Bank
Low birth weight (=<2500 g),Mozambique,2010,18.3514668,,,World_Bank
Low birth weight (=<2500 g),Mozambique,2009,18.48927837,,,World_Bank
Low birth weight (=<2500 g),Mozambique,2008,18.63613592,,,World_Bank
Low birth weight (=<2500 g),Mozambique,2007,18.76911193,,,World_Bank
Low birth weight (=<2500 g),Mozambique,2006,18.89085126,,,World_Bank
Low birth weight (=<2500 g),Mozambique,2005,18.99732484,,,World_Bank
Low birth weight (=<2500 g),Mozambique,2004,19.08844413,,,World_Bank
Low birth weight (=<2500 g),Mozambique,2003,19.1739552,,,World_Bank
Low birth weight (=<2500 g),Mozambique,2002,19.24181469,,,World_Bank
Low birth weight (=<2500 g),Mozambique,2001,19.29317311,,,World_Bank
Low birth weight (=<2500 g),Mozambique,2000,19.34426761,,,World_Bank
Low birth weight (=<2500 g),Myanmar,2020,12.48430117,,,World_Bank
Low birth weight (=<2500 g),Myanmar,2019,12.48726617,,,World_Bank
Low birth weight (=<2500 g),Myanmar,2018,12.489164,,,World_Bank
Low birth weight (=<2500 g),Myanmar,2017,12.51185616,,,World_Bank
Low birth weight (=<2500 g),Myanmar,2016,12.55108571,,,World_Bank
Low birth weight (=<2500 g),Myanmar,2015,12.58650122,,,World_Bank
Low birth weight (=<2500 g),Myanmar,2014,12.6274076,,,World_Bank
Low birth weight (=<2500 g),Myanmar,2013,12.6609595,,,World_Bank
Low birth weight (=<2500 g),Myanmar,2012,12.68062217,,,World_Bank
Low birth weight (=<2500 g),Myanmar,2011,12.68203887,,,World_Bank
Low birth weight (=<2500 g),Myanmar,2010,12.6650357,,,World_Bank
Low birth weight (=<2500 g),Myanmar,2009,12.62316785,,,World_Bank
Low birth weight (=<2500 g),Myanmar,2008,12.57404213,,,World_Bank
Low birth weight (=<2500 g),Myanmar,2007,12.52074581,,,World_Bank
Low birth weight (=<2500 g),Myanmar,2006,12.46310584,,,World_Bank
Low birth weight (=<2500 g),Myanmar,2005,12.40141544,,,World_Bank
Low birth weight (=<2500 g),Myanmar,2004,12.34526268,,,World_Bank
Low birth weight (=<2500 g),Myanmar,2003,12.29360867,,,World_Bank
Low birth weight (=<2500 g),Myanmar,2002,12.2443377,,,World_Bank
Low birth weight (=<2500 g),Myanmar,2001,12.19766468,,,World_Bank
Low birth weight (=<2500 g),Myanmar,2000,12.15330025,,,World_Bank
Low birth weight (=<2500 g),Namibia,2020,15.58151943,,,World_Bank
Low birth weight (=<2500 g),Namibia,2019,15.60039986,,,World_Bank
Low birth weight (=<2500 g),Namibia,2018,15.6132767,,,World_Bank
Low birth weight (=<2500 g),Namibia,2017,15.62707749,,,World_Bank
Low birth weight (=<2500 g),Namibia,2016,15.64213986,,,World_Bank
Low birth weight (=<2500 g),Namibia,2015,15.67459946,,,World_Bank
Low birth weight (=<2500 g),Namibia,2014,15.7315225,,,World_Bank
Low birth weight (=<2500 g),Namibia,2013,15.80797267,,,World_Bank
Low birth weight (=<2500 g),Namibia,2012,15.90399395,,,World_Bank
Low birth weight (=<2500 g),Namibia,2011,15.99578444,,,World_Bank
Low birth weight (=<2500 g),Namibia,2010,16.07762187,,,World_Bank
Low birth weight (=<2500 g),Namibia,2009,16.13674966,,,World_Bank
Low birth weight (=<2500 g),Namibia,2008,16.17653405,,,World_Bank
Low birth weight (=<2500 g),Namibia,2007,16.20396645,,,World_Bank
Low birth weight (=<2500 g),Namibia,2006,16.22717012,,,World_Bank
Low birth weight (=<2500 g),Namibia,2005,16.26049837,,,World_Bank
Low birth weight (=<2500 g),Namibia,2004,16.2999004,,,World_Bank
Low birth weight (=<2500 g),Namibia,2003,16.34675337,,,World_Bank
Low birth weight (=<2500 g),Namibia,2002,16.39375991,,,World_Bank
Low birth weight (=<2500 g),Namibia,2001,16.4230868,,,World_Bank
Low birth weight (=<2500 g),Namibia,2000,16.43884271,,,World_Bank
Low birth weight (=<2500 g),Nepal,2020,19.73151245,,,World_Bank
Low birth weight (=<2500 g),Nepal,2019,19.84439471,,,World_Bank
Low birth weight (=<2500 g),Nepal,2018,19.97590074,,,World_Bank
Low birth weight (=<2500 g),Nepal,2017,20.12531925,,,World_Bank
Low birth weight (=<2500 g),Nepal,2016,20.28635815,,,World_Bank
Low birth weight (=<2500 g),Nepal,2015,20.43821369,,,World_Bank
Low birth weight (=<2500 g),Nepal,2014,20.58931321,,,World_Bank
Low birth weight (=<2500 g),Nepal,2013,20.74933283,,,World_Bank
Low birth weight (=<2500 g),Nepal,2012,20.9141979,,,World_Bank
Low birth weight (=<2500 g),Nepal,2011,21.08037926,,,World_Bank
Low birth weight (=<2500 g),Nepal,2010,21.25556929,,,World_Bank
Low birth weight (=<2500 g),Nepal,2009,21.43893347,,,World_Bank
Low birth weight (=<2500 g),Nepal,2008,21.61073929,,,World_Bank
Low birth weight (=<2500 g),Nepal,2007,21.78120567,,,World_Bank
Low birth weight (=<2500 g),Nepal,2006,21.9326064,,,World_Bank
Low birth weight (=<2500 g),Nepal,2005,22.0527686,,,World_Bank
Low birth weight (=<2500 g),Nepal,2004,22.14330937,,,World_Bank
Low birth weight (=<2500 g),Nepal,2003,22.21149944,,,World_Bank
Low birth weight (=<2500 g),Nepal,2002,22.2636083,,,World_Bank
Low birth weight (=<2500 g),Nepal,2001,22.29598544,,,World_Bank
Low birth weight (=<2500 g),Nepal,2000,22.3190668,,,World_Bank
Low birth weight (=<2500 g),Netherlands,2020,5.651838859,,,World_Bank
Low birth weight (=<2500 g),Netherlands,2019,5.697088328,,,World_Bank
Low birth weight (=<2500 g),Netherlands,2018,5.746063631,,,World_Bank
Low birth weight (=<2500 g),Netherlands,2017,5.800695196,,,World_Bank
Low birth weight (=<2500 g),Netherlands,2016,5.85704602,,,World_Bank
Low birth weight (=<2500 g),Netherlands,2015,5.911340302,,,World_Bank
Low birth weight (=<2500 g),Netherlands,2014,5.964078995,,,World_Bank
Low birth weight (=<2500 g),Netherlands,2013,6.01045192,,,World_Bank
Low birth weight (=<2500 g),Netherlands,2012,6.059654385,,,World_Bank
Low birth weight (=<2500 g),Netherlands,2011,6.112982092,,,World_Bank
Low birth weight (=<2500 g),Netherlands,2010,6.167042707,,,World_Bank
Low birth weight (=<2500 g),Netherlands,2009,6.226674547,,,World_Bank
Low birth weight (=<2500 g),Netherlands,2008,6.286150985,,,World_Bank
Low birth weight (=<2500 g),Netherlands,2007,6.344682066,,,World_Bank
Low birth weight (=<2500 g),Netherlands,2006,6.410081491,,,World_Bank
Low birth weight (=<2500 g),Netherlands,2005,6.476137812,,,World_Bank
Low birth weight (=<2500 g),Netherlands,2004,6.542288693,,,World_Bank
Low birth weight (=<2500 g),Netherlands,2003,6.611637271,,,World_Bank
Low birth weight (=<2500 g),Netherlands,2002,6.677528438,,,World_Bank
Low birth weight (=<2500 g),Netherlands,2001,6.744377089,,,World_Bank
Low birth weight (=<2500 g),Netherlands,2000,6.814503191,,,World_Bank
Low birth weight (=<2500 g),New Zealand,2020,5.857246489,,,World_Bank
Low birth weight (=<2500 g),New Zealand,2019,5.874117887,,,World_Bank
Low birth weight (=<2500 g),New Zealand,2018,5.891739677,,,World_Bank
Low birth weight (=<2500 g),New Zealand,2017,5.911944884,,,World_Bank
Low birth weight (=<2500 g),New Zealand,2016,5.934413065,,,World_Bank
Low birth weight (=<2500 g),New Zealand,2015,5.957203925,,,World_Bank
Low birth weight (=<2500 g),New Zealand,2014,5.98082582,,,World_Bank
Low birth weight (=<2500 g),New Zealand,2013,6.003182118,,,World_Bank
Low birth weight (=<2500 g),New Zealand,2012,6.022658367,,,World_Bank
Low birth weight (=<2500 g),New Zealand,2011,6.040406924,,,World_Bank
Low birth weight (=<2500 g),New Zealand,2010,6.054370355,,,World_Bank
Low birth weight (=<2500 g),New Zealand,2009,6.063868066,,,World_Bank
Low birth weight (=<2500 g),New Zealand,2008,6.069167991,,,World_Bank
Low birth weight (=<2500 g),New Zealand,2007,6.073732159,,,World_Bank
Low birth weight (=<2500 g),New Zealand,2006,6.078865002,,,World_Bank
Low birth weight (=<2500 g),New Zealand,2005,6.085150383,,,World_Bank
Low birth weight (=<2500 g),New Zealand,2004,6.097894316,,,World_Bank
Low birth weight (=<2500 g),New Zealand,2003,6.113327722,,,World_Bank
Low birth weight (=<2500 g),New Zealand,2002,6.132928296,,,World_Bank
Low birth weight (=<2500 g),New Zealand,2001,6.156193574,,,World_Bank
Low birth weight (=<2500 g),New Zealand,2000,6.177121258,,,World_Bank
Low birth weight (=<2500 g),Nicaragua,2020,10.09621863,,,World_Bank
Low birth weight (=<2500 g),Nicaragua,2019,10.16411817,,,World_Bank
Low birth weight (=<2500 g),Nicaragua,2018,10.2305305,,,World_Bank
Low birth weight (=<2500 g),Nicaragua,2017,10.29358888,,,World_Bank
Low birth weight (=<2500 g),Nicaragua,2016,10.36927181,,,World_Bank
Low birth weight (=<2500 g),Nicaragua,2015,10.45571533,,,World_Bank
Low birth weight (=<2500 g),Nicaragua,2014,10.55095962,,,World_Bank
Low birth weight (=<2500 g),Nicaragua,2013,10.65087462,,,World_Bank
Low birth weight (=<2500 g),Nicaragua,2012,10.74944818,,,World_Bank
Low birth weight (=<2500 g),Nicaragua,2011,10.83457374,,,World_Bank
Low birth weight (=<2500 g),Nicaragua,2010,10.90412552,,,World_Bank
Low birth weight (=<2500 g),Nicaragua,2009,10.95970063,,,World_Bank
Low birth weight (=<2500 g),Nicaragua,2008,11.00024499,,,World_Bank
Low birth weight (=<2500 g),Nicaragua,2007,11.0478324,,,World_Bank
Low birth weight (=<2500 g),Nicaragua,2006,11.10118111,,,World_Bank
Low birth weight (=<2500 g),Nicaragua,2005,11.16464644,,,World_Bank
Low birth weight (=<2500 g),Nicaragua,2004,11.23381622,,,World_Bank
Low birth weight (=<2500 g),Nicaragua,2003,11.295794,,,World_Bank
Low birth weight (=<2500 g),Nicaragua,2002,11.34534336,,,World_Bank
Low birth weight (=<2500 g),Nicaragua,2001,11.38815956,,,World_Bank
Low birth weight (=<2500 g),Nicaragua,2000,11.43111982,,,World_Bank
Low birth weight (=<2500 g),North Macedonia,2020,8.29205809,,,World_Bank
Low birth weight (=<2500 g),North Macedonia,2019,8.272586402,,,World_Bank
Low birth weight (=<2500 g),North Macedonia,2018,8.269391908,,,World_Bank
Low birth weight (=<2500 g),North Macedonia,2017,8.253169742,,,World_Bank
Low birth weight (=<2500 g),North Macedonia,2016,8.239845041,,,World_Bank
Low birth weight (=<2500 g),North Macedonia,2015,8.228133654,,,World_Bank
Low birth weight (=<2500 g),North Macedonia,2014,8.212583225,,,World_Bank
Low birth weight (=<2500 g),North Macedonia,2013,8.197517181,,,World_Bank
Low birth weight (=<2500 g),North Macedonia,2012,8.179621923,,,World_Bank
Low birth weight (=<2500 g),North Macedonia,2011,8.156610929,,,World_Bank
Low birth weight (=<2500 g),North Macedonia,2010,8.143017402,,,World_Bank
Low birth weight (=<2500 g),North Macedonia,2009,8.129096047,,,World_Bank
Low birth weight (=<2500 g),North Macedonia,2008,8.121229166,,,World_Bank
Low birth weight (=<2500 g),North Macedonia,2007,8.122684728,,,World_Bank
Low birth weight (=<2500 g),North Macedonia,2006,8.118698602,,,World_Bank
Low birth weight (=<2500 g),North Macedonia,2005,8.112230443,,,World_Bank
Low birth weight (=<2500 g),North Macedonia,2004,8.098263322,,,World_Bank
Low birth weight (=<2500 g),North Macedonia,2003,8.079344297,,,World_Bank
Low birth weight (=<2500 g),North Macedonia,2002,8.057210909,,,World_Bank
Low birth weight (=<2500 g),North Macedonia,2001,8.035909298,,,World_Bank
Low birth weight (=<2500 g),North Macedonia,2000,8.014446116,,,World_Bank
Low birth weight (=<2500 g),Norway,2020,4.44297773,,,World_Bank
Low birth weight (=<2500 g),Norway,2019,4.472226233,,,World_Bank
Low birth weight (=<2500 g),Norway,2018,4.503025306,,,World_Bank
Low birth weight (=<2500 g),Norway,2017,4.53623765,,,World_Bank
Low birth weight (=<2500 g),Norway,2016,4.572822894,,,World_Bank
Low birth weight (=<2500 g),Norway,2015,4.612763231,,,World_Bank
Low birth weight (=<2500 g),Norway,2014,4.654435519,,,World_Bank
Low birth weight (=<2500 g),Norway,2013,4.695861579,,,World_Bank
Low birth weight (=<2500 g),Norway,2012,4.734288554,,,World_Bank
Low birth weight (=<2500 g),Norway,2011,4.766067306,,,World_Bank
Low birth weight (=<2500 g),Norway,2010,4.793570752,,,World_Bank
Low birth weight (=<2500 g),Norway,2009,4.818065158,,,World_Bank
Low birth weight (=<2500 g),Norway,2008,4.838908706,,,World_Bank
Low birth weight (=<2500 g),Norway,2007,4.864036588,,,World_Bank
Low birth weight (=<2500 g),Norway,2006,4.890954899,,,World_Bank
Low birth weight (=<2500 g),Norway,2005,4.918842586,,,World_Bank
Low birth weight (=<2500 g),Norway,2004,4.949841512,,,World_Bank
Low birth weight (=<2500 g),Norway,2003,4.980382125,,,World_Bank
Low birth weight (=<2500 g),Norway,2002,5.011207148,,,World_Bank
Low birth weight (=<2500 g),Norway,2001,5.041835116,,,World_Bank
Low birth weight (=<2500 g),Norway,2000,5.075244709,,,World_Bank
Low birth weight (=<2500 g),Oman,2020,13.23588907,,,World_Bank
Low birth weight (=<2500 g),Oman,2019,13.23865952,,,World_Bank
Low birth weight (=<2500 g),Oman,2018,13.23680017,,,World_Bank
Low birth weight (=<2500 g),Oman,2017,13.23782297,,,World_Bank
Low birth weight (=<2500 g),Oman,2016,13.24461261,,,World_Bank
Low birth weight (=<2500 g),Oman,2015,13.26225354,,,World_Bank
Low birth weight (=<2500 g),Oman,2014,13.29776847,,,World_Bank
Low birth weight (=<2500 g),Oman,2013,13.31590394,,,World_Bank
Low birth weight (=<2500 g),Oman,2012,13.33874567,,,World_Bank
Low birth weight (=<2500 g),Oman,2011,13.33950189,,,World_Bank
Low birth weight (=<2500 g),Oman,2010,13.33155315,,,World_Bank
Low birth weight (=<2500 g),Oman,2009,13.33128326,,,World_Bank
Low birth weight (=<2500 g),Oman,2008,13.34419533,,,World_Bank
Low birth weight (=<2500 g),Oman,2007,13.36250826,,,World_Bank
Low birth weight (=<2500 g),Oman,2006,13.40754645,,,World_Bank
Low birth weight (=<2500 g),Oman,2005,13.44871078,,,World_Bank
Low birth weight (=<2500 g),Oman,2004,13.47181931,,,World_Bank
Low birth weight (=<2500 g),Oman,2003,13.47841661,,,World_Bank
Low birth weight (=<2500 g),Oman,2002,13.48252403,,,World_Bank
Low birth weight (=<2500 g),Oman,2001,13.47813712,,,World_Bank
Low birth weight (=<2500 g),Oman,2000,13.48756184,,,World_Bank
Low birth weight (=<2500 g),Palau,2020,13.52511019,,,World_Bank
Low birth weight (=<2500 g),Palau,2019,13.52843155,,,World_Bank
Low birth weight (=<2500 g),Palau,2018,13.52385539,,,World_Bank
Low birth weight (=<2500 g),Palau,2017,13.5466434,,,World_Bank
Low birth weight (=<2500 g),Palau,2016,13.55913054,,,World_Bank
Low birth weight (=<2500 g),Palau,2015,13.58763753,,,World_Bank
Low birth weight (=<2500 g),Palau,2014,13.62705175,,,World_Bank
Low birth weight (=<2500 g),Palau,2013,13.66197584,,,World_Bank
Low birth weight (=<2500 g),Palau,2012,13.67966157,,,World_Bank
Low birth weight (=<2500 g),Palau,2011,13.6877931,,,World_Bank
Low birth weight (=<2500 g),Palau,2010,13.6980107,,,World_Bank
Low birth weight (=<2500 g),Palau,2009,13.68783337,,,World_Bank
Low birth weight (=<2500 g),Palau,2008,13.66890976,,,World_Bank
Low birth weight (=<2500 g),Palau,2007,13.65567276,,,World_Bank
Low birth weight (=<2500 g),Palau,2006,13.62300878,,,World_Bank
Low birth weight (=<2500 g),Palau,2005,13.59994338,,,World_Bank
Low birth weight (=<2500 g),Palau,2004,13.56896108,,,World_Bank
Low birth weight (=<2500 g),Palau,2003,13.52676068,,,World_Bank
Low birth weight (=<2500 g),Palau,2002,13.47218521,,,World_Bank
Low birth weight (=<2500 g),Palau,2001,13.39761699,,,World_Bank
Low birth weight (=<2500 g),Palau,2000,13.31707698,,,World_Bank
Low birth weight (=<2500 g),Panama,2020,10.2837361,,,World_Bank
Low birth weight (=<2500 g),Panama,2019,10.3118152,,,World_Bank
Low birth weight (=<2500 g),Panama,2018,10.34737984,,,World_Bank
Low birth weight (=<2500 g),Panama,2017,10.39145822,,,World_Bank
Low birth weight (=<2500 g),Panama,2016,10.44636802,,,World_Bank
Low birth weight (=<2500 g),Panama,2015,10.50880557,,,World_Bank
Low birth weight (=<2500 g),Panama,2014,10.57778361,,,World_Bank
Low birth weight (=<2500 g),Panama,2013,10.65593159,,,World_Bank
Low birth weight (=<2500 g),Panama,2012,10.74408588,,,World_Bank
Low birth weight (=<2500 g),Panama,2011,10.83354951,,,World_Bank
Low birth weight (=<2500 g),Panama,2010,10.92638263,,,World_Bank
Low birth weight (=<2500 g),Panama,2009,11.01093834,,,World_Bank
Low birth weight (=<2500 g),Panama,2008,11.09426578,,,World_Bank
Low birth weight (=<2500 g),Panama,2007,11.18375013,,,World_Bank
Low birth weight (=<2500 g),Panama,2006,11.27395911,,,World_Bank
Low birth weight (=<2500 g),Panama,2005,11.35829996,,,World_Bank
Low birth weight (=<2500 g),Panama,2004,11.4236979,,,World_Bank
Low birth weight (=<2500 g),Panama,2003,11.46607322,,,World_Bank
Low birth weight (=<2500 g),Panama,2002,11.48739392,,,World_Bank
Low birth weight (=<2500 g),Panama,2001,11.50478462,,,World_Bank
Low birth weight (=<2500 g),Panama,2000,11.52317045,,,World_Bank
Low birth weight (=<2500 g),Papua New Guinea,2020,19.38028308,,,World_Bank
Low birth weight (=<2500 g),Papua New Guinea,2019,19.35636573,,,World_Bank
Low birth weight (=<2500 g),Papua New Guinea,2018,19.33038843,,,World_Bank
Low birth weight (=<2500 g),Papua New Guinea,2017,19.29522955,,,World_Bank
Low birth weight (=<2500 g),Papua New Guinea,2016,19.2547046,,,World_Bank
Low birth weight (=<2500 g),Papua New Guinea,2015,19.20144966,,,World_Bank
Low birth weight (=<2500 g),Papua New Guinea,2014,19.1372328,,,World_Bank
Low birth weight (=<2500 g),Papua New Guinea,2013,19.07830001,,,World_Bank
Low birth weight (=<2500 g),Papua New Guinea,2012,19.00109996,,,World_Bank
Low birth weight (=<2500 g),Papua New Guinea,2011,18.92596145,,,World_Bank
Low birth weight (=<2500 g),Papua New Guinea,2010,18.84464852,,,World_Bank
Low birth weight (=<2500 g),Papua New Guinea,2009,18.75783595,,,World_Bank
Low birth weight (=<2500 g),Papua New Guinea,2008,18.6659032,,,World_Bank
Low birth weight (=<2500 g),Papua New Guinea,2007,18.58213583,,,World_Bank
Low birth weight (=<2500 g),Papua New Guinea,2006,18.49732243,,,World_Bank
Low birth weight (=<2500 g),Papua New Guinea,2005,18.42107147,,,World_Bank
Low birth weight (=<2500 g),Papua New Guinea,2004,18.33771357,,,World_Bank
Low birth weight (=<2500 g),Papua New Guinea,2003,18.248548,,,World_Bank
Low birth weight (=<2500 g),Papua New Guinea,2002,18.16987335,,,World_Bank
Low birth weight (=<2500 g),Papua New Guinea,2001,18.0943556,,,World_Bank
Low birth weight (=<2500 g),Papua New Guinea,2000,18.00840516,,,World_Bank
Low birth weight (=<2500 g),Paraguay,2020,9.960016952,,,World_Bank
Low birth weight (=<2500 g),Paraguay,2019,9.953991107,,,World_Bank
Low birth weight (=<2500 g),Paraguay,2018,9.953922169,,,World_Bank
Low birth weight (=<2500 g),Paraguay,2017,9.953377471,,,World_Bank
Low birth weight (=<2500 g),Paraguay,2016,9.960897749,,,World_Bank
Low birth weight (=<2500 g),Paraguay,2015,9.98113445,,,World_Bank
Low birth weight (=<2500 g),Paraguay,2014,9.997188809,,,World_Bank
Low birth weight (=<2500 g),Paraguay,2013,10.01045315,,,World_Bank
Low birth weight (=<2500 g),Paraguay,2012,10.02087996,,,World_Bank
Low birth weight (=<2500 g),Paraguay,2011,10.02544122,,,World_Bank
Low birth weight (=<2500 g),Paraguay,2010,10.03554373,,,World_Bank
Low birth weight (=<2500 g),Paraguay,2009,10.04499904,,,World_Bank
Low birth weight (=<2500 g),Paraguay,2008,10.04627694,,,World_Bank
Low birth weight (=<2500 g),Paraguay,2007,10.05856584,,,World_Bank
Low birth weight (=<2500 g),Paraguay,2006,10.06799655,,,World_Bank
Low birth weight (=<2500 g),Paraguay,2005,10.0687351,,,World_Bank
Low birth weight (=<2500 g),Paraguay,2004,10.05012332,,,World_Bank
Low birth weight (=<2500 g),Paraguay,2003,10.01719885,,,World_Bank
Low birth weight (=<2500 g),Paraguay,2002,9.961433898,,,World_Bank
Low birth weight (=<2500 g),Paraguay,2001,9.891873256,,,World_Bank
Low birth weight (=<2500 g),Paraguay,2000,9.806355429,,,World_Bank
Low birth weight (=<2500 g),Peru,2020,7.471594891,,,World_Bank
Low birth weight (=<2500 g),Peru,2019,7.567892674,,,World_Bank
Low birth weight (=<2500 g),Peru,2018,7.665254469,,,World_Bank
Low birth weight (=<2500 g),Peru,2017,7.763688352,,,World_Bank
Low birth weight (=<2500 g),Peru,2016,7.860822405,,,World_Bank
Low birth weight (=<2500 g),Peru,2015,7.964644949,,,World_Bank
Low birth weight (=<2500 g),Peru,2014,8.076040984,,,World_Bank
Low birth weight (=<2500 g),Peru,2013,8.194178139,,,World_Bank
Low birth weight (=<2500 g),Peru,2012,8.330721389,,,World_Bank
Low birth weight (=<2500 g),Peru,2011,8.477687127,,,World_Bank
Low birth weight (=<2500 g),Peru,2010,8.626894788,,,World_Bank
Low birth weight (=<2500 g),Peru,2009,8.785003482,,,World_Bank
Low birth weight (=<2500 g),Peru,2008,8.942760393,,,World_Bank
Low birth weight (=<2500 g),Peru,2007,9.108290588,,,World_Bank
Low birth weight (=<2500 g),Peru,2006,9.282567557,,,World_Bank
Low birth weight (=<2500 g),Peru,2005,9.453710273,,,World_Bank
Low birth weight (=<2500 g),Peru,2004,9.623162418,,,World_Bank
Low birth weight (=<2500 g),Peru,2003,9.785157565,,,World_Bank
Low birth weight (=<2500 g),Peru,2002,9.938691369,,,World_Bank
Low birth weight (=<2500 g),Peru,2001,10.08137078,,,World_Bank
Low birth weight (=<2500 g),Peru,2000,10.21003679,,,World_Bank
Low birth weight (=<2500 g),Philippines,2020,21.14414662,,,World_Bank
Low birth weight (=<2500 g),Philippines,2019,21.10259009,,,World_Bank
Low birth weight (=<2500 g),Philippines,2018,21.08273142,,,World_Bank
Low birth weight (=<2500 g),Philippines,2017,21.08948,,,World_Bank
Low birth weight (=<2500 g),Philippines,2016,21.10506632,,,World_Bank
Low birth weight (=<2500 g),Philippines,2015,21.13553573,,,World_Bank
Low birth weight (=<2500 g),Philippines,2014,21.15982127,,,World_Bank
Low birth weight (=<2500 g),Philippines,2013,21.17539742,,,World_Bank
Low birth weight (=<2500 g),Philippines,2012,21.18314082,,,World_Bank
Low birth weight (=<2500 g),Philippines,2011,21.16590244,,,World_Bank
Low birth weight (=<2500 g),Philippines,2010,21.12655672,,,World_Bank
Low birth weight (=<2500 g),Philippines,2009,21.08972332,,,World_Bank
Low birth weight (=<2500 g),Philippines,2008,21.05233296,,,World_Bank
Low birth weight (=<2500 g),Philippines,2007,21.01884766,,,World_Bank
Low birth weight (=<2500 g),Philippines,2006,20.98660419,,,World_Bank
Low birth weight (=<2500 g),Philippines,2005,20.94857896,,,World_Bank
Low birth weight (=<2500 g),Philippines,2004,20.89889597,,,World_Bank
Low birth weight (=<2500 g),Philippines,2003,20.83968522,,,World_Bank
Low birth weight (=<2500 g),Philippines,2002,20.76705635,,,World_Bank
Low birth weight (=<2500 g),Philippines,2001,20.66479944,,,World_Bank
Low birth weight (=<2500 g),Philippines,2000,20.54806026,,,World_Bank
Low birth weight (=<2500 g),Poland,2020,5.606949229,,,World_Bank
Low birth weight (=<2500 g),Poland,2019,5.631483919,,,World_Bank
Low birth weight (=<2500 g),Poland,2018,5.660754353,,,World_Bank
Low birth weight (=<2500 g),Poland,2017,5.693849831,,,World_Bank
Low birth weight (=<2500 g),Poland,2016,5.726247491,,,World_Bank
Low birth weight (=<2500 g),Poland,2015,5.752750852,,,World_Bank
Low birth weight (=<2500 g),Poland,2014,5.771561804,,,World_Bank
Low birth weight (=<2500 g),Poland,2013,5.781247034,,,World_Bank
Low birth weight (=<2500 g),Poland,2012,5.785142584,,,World_Bank
Low birth weight (=<2500 g),Poland,2011,5.790007324,,,World_Bank
Low birth weight (=<2500 g),Poland,2010,5.796002365,,,World_Bank
Low birth weight (=<2500 g),Poland,2009,5.807423833,,,World_Bank
Low birth weight (=<2500 g),Poland,2008,5.825281783,,,World_Bank
Low birth weight (=<2500 g),Poland,2007,5.84629505,,,World_Bank
Low birth weight (=<2500 g),Poland,2006,5.872134204,,,World_Bank
Low birth weight (=<2500 g),Poland,2005,5.899147478,,,World_Bank
Low birth weight (=<2500 g),Poland,2004,5.924926534,,,World_Bank
Low birth weight (=<2500 g),Poland,2003,5.948935423,,,World_Bank
Low birth weight (=<2500 g),Poland,2002,5.972017635,,,World_Bank
Low birth weight (=<2500 g),Poland,2001,5.995331889,,,World_Bank
Low birth weight (=<2500 g),Poland,2000,6.022965377,,,World_Bank
Low birth weight (=<2500 g),Portugal,2020,8.922583683,,,World_Bank
Low birth weight (=<2500 g),Portugal,2019,8.849741592,,,World_Bank
Low birth weight (=<2500 g),Portugal,2018,8.785457602,,,World_Bank
Low birth weight (=<2500 g),Portugal,2017,8.728965761,,,World_Bank
Low birth weight (=<2500 g),Portugal,2016,8.673245014,,,World_Bank
Low birth weight (=<2500 g),Portugal,2015,8.61399957,,,World_Bank
Low birth weight (=<2500 g),Portugal,2014,8.540564132,,,World_Bank
Low birth weight (=<2500 g),Portugal,2013,8.452418829,,,World_Bank
Low birth weight (=<2500 g),Portugal,2012,8.35706966,,,World_Bank
Low birth weight (=<2500 g),Portugal,2011,8.252980135,,,World_Bank
Low birth weight (=<2500 g),Portugal,2010,8.15200745,,,World_Bank
Low birth weight (=<2500 g),Portugal,2009,8.050748736,,,World_Bank
Low birth weight (=<2500 g),Portugal,2008,7.948374647,,,World_Bank
Low birth weight (=<2500 g),Portugal,2007,7.84949573,,,World_Bank
Low birth weight (=<2500 g),Portugal,2006,7.752429034,,,World_Bank
Low birth weight (=<2500 g),Portugal,2005,7.657184458,,,World_Bank
Low birth weight (=<2500 g),Portugal,2004,7.564761656,,,World_Bank
Low birth weight (=<2500 g),Portugal,2003,7.470574583,,,World_Bank
Low birth weight (=<2500 g),Portugal,2002,7.37464794,,,World_Bank
Low birth weight (=<2500 g),Portugal,2001,7.281661946,,,World_Bank
Low birth weight (=<2500 g),Portugal,2000,7.196110248,,,World_Bank
Low birth weight (=<2500 g),Qatar,2020,9.955851859,,,World_Bank
Low birth weight (=<2500 g),Qatar,2019,9.954087045,,,World_Bank
Low birth weight (=<2500 g),Qatar,2018,9.951318103,,,World_Bank
Low birth weight (=<2500 g),Qatar,2017,9.946407992,,,World_Bank
Low birth weight (=<2500 g),Qatar,2016,9.94159657,,,World_Bank
Low birth weight (=<2500 g),Qatar,2015,9.935581344,,,World_Bank
Low birth weight (=<2500 g),Qatar,2014,9.925294383,,,World_Bank
Low birth weight (=<2500 g),Qatar,2013,9.911184666,,,World_Bank
Low birth weight (=<2500 g),Qatar,2012,9.899369533,,,World_Bank
Low birth weight (=<2500 g),Qatar,2011,9.883582906,,,World_Bank
Low birth weight (=<2500 g),Qatar,2010,9.871692447,,,World_Bank
Low birth weight (=<2500 g),Qatar,2009,9.864701189,,,World_Bank
Low birth weight (=<2500 g),Qatar,2008,9.859270397,,,World_Bank
Low birth weight (=<2500 g),Qatar,2007,9.862172055,,,World_Bank
Low birth weight (=<2500 g),Qatar,2006,9.867519125,,,World_Bank
Low birth weight (=<2500 g),Qatar,2005,9.873701544,,,World_Bank
Low birth weight (=<2500 g),Qatar,2004,9.877985917,,,World_Bank
Low birth weight (=<2500 g),Qatar,2003,9.875348616,,,World_Bank
Low birth weight (=<2500 g),Qatar,2002,9.870977956,,,World_Bank
Low birth weight (=<2500 g),Qatar,2001,9.863724503,,,World_Bank
Low birth weight (=<2500 g),Qatar,2000,9.859614657,,,World_Bank
Low birth weight (=<2500 g),Romania,2020,8.817817845,,,World_Bank
Low birth weight (=<2500 g),Romania,2019,8.900631785,,,World_Bank
Low birth weight (=<2500 g),Romania,2018,8.992211459,,,World_Bank
Low birth weight (=<2500 g),Romania,2017,9.087540465,,,World_Bank
Low birth weight (=<2500 g),Romania,2016,9.186356813,,,World_Bank
Low birth weight (=<2500 g),Romania,2015,9.281470533,,,World_Bank
Low birth weight (=<2500 g),Romania,2014,9.361255841,,,World_Bank
Low birth weight (=<2500 g),Romania,2013,9.435365298,,,World_Bank
Low birth weight (=<2500 g),Romania,2012,9.497489994,,,World_Bank
Low birth weight (=<2500 g),Romania,2011,9.548238912,,,World_Bank
Low birth weight (=<2500 g),Romania,2010,9.601785659,,,World_Bank
Low birth weight (=<2500 g),Romania,2009,9.654494758,,,World_Bank
Low birth weight (=<2500 g),Romania,2008,9.725364471,,,World_Bank
Low birth weight (=<2500 g),Romania,2007,9.825074078,,,World_Bank
Low birth weight (=<2500 g),Romania,2006,9.940087298,,,World_Bank
Low birth weight (=<2500 g),Romania,2005,10.06515239,,,World_Bank
Low birth weight (=<2500 g),Romania,2004,10.18921101,,,World_Bank
Low birth weight (=<2500 g),Romania,2003,10.29997802,,,World_Bank
Low birth weight (=<2500 g),Romania,2002,10.40309393,,,World_Bank
Low birth weight (=<2500 g),Romania,2001,10.49754342,,,World_Bank
Low birth weight (=<2500 g),Romania,2000,10.57832467,,,World_Bank
Low birth weight (=<2500 g),Russian Federation,2020,7.268242008,,,World_Bank
Low birth weight (=<2500 g),Russian Federation,2019,7.273722584,,,World_Bank
Low birth weight (=<2500 g),Russian Federation,2018,7.282616491,,,World_Bank
Low birth weight (=<2500 g),Russian Federation,2017,7.292132171,,,World_Bank
Low birth weight (=<2500 g),Russian Federation,2016,7.296226825,,,World_Bank
Low birth weight (=<2500 g),Russian Federation,2015,7.290719806,,,World_Bank
Low birth weight (=<2500 g),Russian Federation,2014,7.279436466,,,World_Bank
Low birth weight (=<2500 g),Russian Federation,2013,7.261608932,,,World_Bank
Low birth weight (=<2500 g),Russian Federation,2012,7.250793033,,,World_Bank
Low birth weight (=<2500 g),Russian Federation,2011,7.239482562,,,World_Bank
Low birth weight (=<2500 g),Russian Federation,2010,7.234898,,,World_Bank
Low birth weight (=<2500 g),Russian Federation,2009,7.230993073,,,World_Bank
Low birth weight (=<2500 g),Russian Federation,2008,7.228014263,,,World_Bank
Low birth weight (=<2500 g),Russian Federation,2007,7.241109979,,,World_Bank
Low birth weight (=<2500 g),Russian Federation,2006,7.268726357,,,World_Bank
Low birth weight (=<2500 g),Russian Federation,2005,7.312567815,,,World_Bank
Low birth weight (=<2500 g),Russian Federation,2004,7.368228418,,,World_Bank
Low birth weight (=<2500 g),Russian Federation,2003,7.42667114,,,World_Bank
Low birth weight (=<2500 g),Russian Federation,2002,7.486243543,,,World_Bank
Low birth weight (=<2500 g),Russian Federation,2001,7.549021272,,,World_Bank
Low birth weight (=<2500 g),Russian Federation,2000,7.608861753,,,World_Bank
Low birth weight (=<2500 g),Rwanda,2020,9.398525709,,,World_Bank
Low birth weight (=<2500 g),Rwanda,2019,9.385071661,,,World_Bank
Low birth weight (=<2500 g),Rwanda,2018,9.374252375,,,World_Bank
Low birth weight (=<2500 g),Rwanda,2017,9.368543435,,,World_Bank
Low birth weight (=<2500 g),Rwanda,2016,9.361540859,,,World_Bank
Low birth weight (=<2500 g),Rwanda,2015,9.355109026,,,World_Bank
Low birth weight (=<2500 g),Rwanda,2014,9.345300782,,,World_Bank
Low birth weight (=<2500 g),Rwanda,2013,9.325018835,,,World_Bank
Low birth weight (=<2500 g),Rwanda,2012,9.295094399,,,World_Bank
Low birth weight (=<2500 g),Rwanda,2011,9.252822585,,,World_Bank
Low birth weight (=<2500 g),Rwanda,2010,9.18918941,,,World_Bank
Low birth weight (=<2500 g),Rwanda,2009,9.115219851,,,World_Bank
Low birth weight (=<2500 g),Rwanda,2008,9.045876896,,,World_Bank
Low birth weight (=<2500 g),Rwanda,2007,8.991261109,,,World_Bank
Low birth weight (=<2500 g),Rwanda,2006,8.952379887,,,World_Bank
Low birth weight (=<2500 g),Rwanda,2005,8.935637167,,,World_Bank
Low birth weight (=<2500 g),Rwanda,2004,8.940331933,,,World_Bank
Low birth weight (=<2500 g),Rwanda,2003,8.960598598,,,World_Bank
Low birth weight (=<2500 g),Rwanda,2002,8.990941689,,,World_Bank
Low birth weight (=<2500 g),Rwanda,2001,9.035622752,,,World_Bank
Low birth weight (=<2500 g),Rwanda,2000,9.081314931,,,World_Bank
Low birth weight (=<2500 g),San Marino,2020,4.244335446,,,World_Bank
Low birth weight (=<2500 g),San Marino,2019,4.236057579,,,World_Bank
Low birth weight (=<2500 g),San Marino,2018,4.222350803,,,World_Bank
Low birth weight (=<2500 g),San Marino,2017,4.207353737,,,World_Bank
Low birth weight (=<2500 g),San Marino,2016,4.191265745,,,World_Bank
Low birth weight (=<2500 g),San Marino,2015,4.169465141,,,World_Bank
Low birth weight (=<2500 g),San Marino,2014,4.142541095,,,World_Bank
Low birth weight (=<2500 g),San Marino,2013,4.108155308,,,World_Bank
Low birth weight (=<2500 g),San Marino,2012,4.070407984,,,World_Bank
Low birth weight (=<2500 g),San Marino,2011,4.035659601,,,World_Bank
Low birth weight (=<2500 g),San Marino,2010,4.001226284,,,World_Bank
Low birth weight (=<2500 g),San Marino,2009,3.972008817,,,World_Bank
Low birth weight (=<2500 g),San Marino,2008,3.952537903,,,World_Bank
Low birth weight (=<2500 g),San Marino,2007,3.936622794,,,World_Bank
Low birth weight (=<2500 g),San Marino,2006,3.924902226,,,World_Bank
Low birth weight (=<2500 g),San Marino,2005,3.921697612,,,World_Bank
Low birth weight (=<2500 g),San Marino,2004,3.920795032,,,World_Bank
Low birth weight (=<2500 g),San Marino,2003,3.91832066,,,World_Bank
Low birth weight (=<2500 g),San Marino,2002,3.918379743,,,World_Bank
Low birth weight (=<2500 g),San Marino,2001,3.922723605,,,World_Bank
Low birth weight (=<2500 g),San Marino,2000,3.927159124,,,World_Bank
Low birth weight (=<2500 g),Sao Tome and Principe,2020,11.11475279,,,World_Bank
Low birth weight (=<2500 g),Sao Tome and Principe,2019,11.0481055,,,World_Bank
Low birth weight (=<2500 g),Sao Tome and Principe,2018,10.98288224,,,World_Bank
Low birth weight (=<2500 g),Sao Tome and Principe,2017,10.92367851,,,World_Bank
Low birth weight (=<2500 g),Sao Tome and Principe,2016,10.866621,,,World_Bank
Low birth weight (=<2500 g),Sao Tome and Principe,2015,10.81021614,,,World_Bank
Low birth weight (=<2500 g),Sao Tome and Principe,2014,10.75200548,,,World_Bank
Low birth weight (=<2500 g),Sao Tome and Principe,2013,10.69974921,,,World_Bank
Low birth weight (=<2500 g),Sao Tome and Principe,2012,10.64964141,,,World_Bank
Low birth weight (=<2500 g),Sao Tome and Principe,2011,10.60327022,,,World_Bank
Low birth weight (=<2500 g),Sao Tome and Principe,2010,10.56188777,,,World_Bank
Low birth weight (=<2500 g),Sao Tome and Principe,2009,10.51688996,,,World_Bank
Low birth weight (=<2500 g),Sao Tome and Principe,2008,10.47385828,,,World_Bank
Low birth weight (=<2500 g),Sao Tome and Principe,2007,10.4256763,,,World_Bank
Low birth weight (=<2500 g),Sao Tome and Principe,2006,10.3727569,,,World_Bank
Low birth weight (=<2500 g),Sao Tome and Principe,2005,10.32385525,,,World_Bank
Low birth weight (=<2500 g),Sao Tome and Principe,2004,10.27658466,,,World_Bank
Low birth weight (=<2500 g),Sao Tome and Principe,2003,10.22929184,,,World_Bank
Low birth weight (=<2500 g),Sao Tome and Principe,2002,10.18631383,,,World_Bank
Low birth weight (=<2500 g),Sao Tome and Principe,2001,10.13950613,,,World_Bank
Low birth weight (=<2500 g),Sao Tome and Principe,2000,10.09362875,,,World_Bank
Low birth weight (=<2500 g),Senegal,2020,17.24938655,,,World_Bank
Low birth weight (=<2500 g),Senegal,2019,17.48795942,,,World_Bank
Low birth weight (=<2500 g),Senegal,2018,17.73607427,,,World_Bank
Low birth weight (=<2500 g),Senegal,2017,17.98718309,,,World_Bank
Low birth weight (=<2500 g),Senegal,2016,18.24002476,,,World_Bank
Low birth weight (=<2500 g),Senegal,2015,18.47101705,,,World_Bank
Low birth weight (=<2500 g),Senegal,2014,18.68843451,,,World_Bank
Low birth weight (=<2500 g),Senegal,2013,18.89800429,,,World_Bank
Low birth weight (=<2500 g),Senegal,2012,19.09619716,,,World_Bank
Low birth weight (=<2500 g),Senegal,2011,19.28586426,,,World_Bank
Low birth weight (=<2500 g),Senegal,2010,19.4865014,,,World_Bank
Low birth weight (=<2500 g),Senegal,2009,19.70010248,,,World_Bank
Low birth weight (=<2500 g),Senegal,2008,19.93457473,,,World_Bank
Low birth weight (=<2500 g),Senegal,2007,20.18190346,,,World_Bank
Low birth weight (=<2500 g),Senegal,2006,20.44736067,,,World_Bank
Low birth weight (=<2500 g),Senegal,2005,20.72399486,,,World_Bank
Low birth weight (=<2500 g),Senegal,2004,21.01540268,,,World_Bank
Low birth weight (=<2500 g),Senegal,2003,21.30221861,,,World_Bank
Low birth weight (=<2500 g),Senegal,2002,21.58536196,,,World_Bank
Low birth weight (=<2500 g),Senegal,2001,21.85659212,,,World_Bank
Low birth weight (=<2500 g),Senegal,2000,22.12214006,,,World_Bank
Low birth weight (=<2500 g),Serbia,2020,6.202315972,,,World_Bank
Low birth weight (=<2500 g),Serbia,2019,6.180073473,,,World_Bank
Low birth weight (=<2500 g),Serbia,2018,6.165445296,,,World_Bank
Low birth weight (=<2500 g),Serbia,2017,6.154575694,,,World_Bank
Low birth weight (=<2500 g),Serbia,2016,6.141948238,,,World_Bank
Low birth weight (=<2500 g),Serbia,2015,6.125623799,,,World_Bank
Low birth weight (=<2500 g),Serbia,2014,6.102248227,,,World_Bank
Low birth weight (=<2500 g),Serbia,2013,6.075602929,,,World_Bank
Low birth weight (=<2500 g),Serbia,2012,6.049027901,,,World_Bank
Low birth weight (=<2500 g),Serbia,2011,6.019931497,,,World_Bank
Low birth weight (=<2500 g),Serbia,2010,5.990631111,,,World_Bank
Low birth weight (=<2500 g),Serbia,2009,5.961939919,,,World_Bank
Low birth weight (=<2500 g),Serbia,2008,5.934048665,,,World_Bank
Low birth weight (=<2500 g),Serbia,2007,5.915379914,,,World_Bank
Low birth weight (=<2500 g),Serbia,2006,5.90700582,,,World_Bank
Low birth weight (=<2500 g),Serbia,2005,5.906106897,,,World_Bank
Low birth weight (=<2500 g),Serbia,2004,5.914765476,,,World_Bank
Low birth weight (=<2500 g),Serbia,2003,5.925989341,,,World_Bank
Low birth weight (=<2500 g),Serbia,2002,5.937713133,,,World_Bank
Low birth weight (=<2500 g),Serbia,2001,5.942965078,,,World_Bank
Low birth weight (=<2500 g),Serbia,2000,5.93712594,,,World_Bank
Low birth weight (=<2500 g),Seychelles,2020,12.4838294,,,World_Bank
Low birth weight (=<2500 g),Seychelles,2019,12.4511091,,,World_Bank
Low birth weight (=<2500 g),Seychelles,2018,12.42694239,,,World_Bank
Low birth weight (=<2500 g),Seychelles,2017,12.40619168,,,World_Bank
Low birth weight (=<2500 g),Seychelles,2016,12.39358348,,,World_Bank
Low birth weight (=<2500 g),Seychelles,2015,12.38159518,,,World_Bank
Low birth weight (=<2500 g),Seychelles,2014,12.37451774,,,World_Bank
Low birth weight (=<2500 g),Seychelles,2013,12.35868177,,,World_Bank
Low birth weight (=<2500 g),Seychelles,2012,12.34308056,,,World_Bank
Low birth weight (=<2500 g),Seychelles,2011,12.32159196,,,World_Bank
Low birth weight (=<2500 g),Seychelles,2010,12.29540854,,,World_Bank
Low birth weight (=<2500 g),Seychelles,2009,12.2695689,,,World_Bank
Low birth weight (=<2500 g),Seychelles,2008,12.24769898,,,World_Bank
Low birth weight (=<2500 g),Seychelles,2007,12.23284509,,,World_Bank
Low birth weight (=<2500 g),Seychelles,2006,12.23058221,,,World_Bank
Low birth weight (=<2500 g),Seychelles,2005,12.23764435,,,World_Bank
Low birth weight (=<2500 g),Seychelles,2004,12.24036073,,,World_Bank
Low birth weight (=<2500 g),Seychelles,2003,12.22453714,,,World_Bank
Low birth weight (=<2500 g),Seychelles,2002,12.18003205,,,World_Bank
Low birth weight (=<2500 g),Seychelles,2001,12.10707524,,,World_Bank
Low birth weight (=<2500 g),Seychelles,2000,12.03522408,,,World_Bank
Low birth weight (=<2500 g),Sierra Leone,2020,10.3436843,,,World_Bank
Low birth weight (=<2500 g),Sierra Leone,2019,10.49709091,,,World_Bank
Low birth weight (=<2500 g),Sierra Leone,2018,10.65458485,,,World_Bank
Low birth weight (=<2500 g),Sierra Leone,2017,10.79180421,,,World_Bank
Low birth weight (=<2500 g),Sierra Leone,2016,10.91303428,,,World_Bank
Low birth weight (=<2500 g),Sierra Leone,2015,11.00729654,,,World_Bank
Low birth weight (=<2500 g),Sierra Leone,2014,11.09172065,,,World_Bank
Low birth weight (=<2500 g),Sierra Leone,2013,11.21181459,,,World_Bank
Low birth weight (=<2500 g),Sierra Leone,2012,11.36359924,,,World_Bank
Low birth weight (=<2500 g),Sierra Leone,2011,11.54420266,,,World_Bank
Low birth weight (=<2500 g),Sierra Leone,2010,11.72837087,,,World_Bank
Low birth weight (=<2500 g),Sierra Leone,2009,11.90369318,,,World_Bank
Low birth weight (=<2500 g),Sierra Leone,2008,12.08584619,,,World_Bank
Low birth weight (=<2500 g),Sierra Leone,2007,12.28067251,,,World_Bank
Low birth weight (=<2500 g),Sierra Leone,2006,12.49892854,,,World_Bank
Low birth weight (=<2500 g),Sierra Leone,2005,12.72146982,,,World_Bank
Low birth weight (=<2500 g),Sierra Leone,2004,12.94982578,,,World_Bank
Low birth weight (=<2500 g),Sierra Leone,2003,13.18734017,,,World_Bank
Low birth weight (=<2500 g),Sierra Leone,2002,13.43591071,,,World_Bank
Low birth weight (=<2500 g),Sierra Leone,2001,13.69862721,,,World_Bank
Low birth weight (=<2500 g),Sierra Leone,2000,13.94291289,,,World_Bank
Low birth weight (=<2500 g),Singapore,2020,10.95095201,,,World_Bank
Low birth weight (=<2500 g),Singapore,2019,10.89663714,,,World_Bank
Low birth weight (=<2500 g),Singapore,2018,10.84582911,,,World_Bank
Low birth weight (=<2500 g),Singapore,2017,10.79536441,,,World_Bank
Low birth weight (=<2500 g),Singapore,2016,10.7541092,,,World_Bank
Low birth weight (=<2500 g),Singapore,2015,10.71920665,,,World_Bank
Low birth weight (=<2500 g),Singapore,2014,10.68476605,,,World_Bank
Low birth weight (=<2500 g),Singapore,2013,10.65629419,,,World_Bank
Low birth weight (=<2500 g),Singapore,2012,10.6379131,,,World_Bank
Low birth weight (=<2500 g),Singapore,2011,10.62622363,,,World_Bank
Low birth weight (=<2500 g),Singapore,2010,10.61755977,,,World_Bank
Low birth weight (=<2500 g),Singapore,2009,10.60996278,,,World_Bank
Low birth weight (=<2500 g),Singapore,2008,10.58621799,,,World_Bank
Low birth weight (=<2500 g),Singapore,2007,10.56116493,,,World_Bank
Low birth weight (=<2500 g),Singapore,2006,10.54739891,,,World_Bank
Low birth weight (=<2500 g),Singapore,2005,10.53986752,,,World_Bank
Low birth weight (=<2500 g),Singapore,2004,10.54187012,,,World_Bank
Low birth weight (=<2500 g),Singapore,2003,10.54009202,,,World_Bank
Low birth weight (=<2500 g),Singapore,2002,10.52554576,,,World_Bank
Low birth weight (=<2500 g),Singapore,2001,10.49669021,,,World_Bank
Low birth weight (=<2500 g),Singapore,2000,10.45311457,,,World_Bank
Low birth weight (=<2500 g),Slovak Republic,2020,7.822980555,,,World_Bank
Low birth weight (=<2500 g),Slovak Republic,2019,7.783088468,,,World_Bank
Low birth weight (=<2500 g),Slovak Republic,2018,7.742866305,,,World_Bank
Low birth weight (=<2500 g),Slovak Republic,2017,7.703550212,,,World_Bank
Low birth weight (=<2500 g),Slovak Republic,2016,7.667298352,,,World_Bank
Low birth weight (=<2500 g),Slovak Republic,2015,7.630495052,,,World_Bank
Low birth weight (=<2500 g),Slovak Republic,2014,7.59250121,,,World_Bank
Low birth weight (=<2500 g),Slovak Republic,2013,7.547559839,,,World_Bank
Low birth weight (=<2500 g),Slovak Republic,2012,7.500063242,,,World_Bank
Low birth weight (=<2500 g),Slovak Republic,2011,7.449277952,,,World_Bank
Low birth weight (=<2500 g),Slovak Republic,2010,7.395789867,,,World_Bank
Low birth weight (=<2500 g),Slovak Republic,2009,7.349230467,,,World_Bank
Low birth weight (=<2500 g),Slovak Republic,2008,7.308514983,,,World_Bank
Low birth weight (=<2500 g),Slovak Republic,2007,7.284836708,,,World_Bank
Low birth weight (=<2500 g),Slovak Republic,2006,7.277251278,,,World_Bank
Low birth weight (=<2500 g),Slovak Republic,2005,7.275018732,,,World_Bank
Low birth weight (=<2500 g),Slovak Republic,2004,7.274233633,,,World_Bank
Low birth weight (=<2500 g),Slovak Republic,2003,7.265130264,,,World_Bank
Low birth weight (=<2500 g),Slovak Republic,2002,7.242381415,,,World_Bank
Low birth weight (=<2500 g),Slovak Republic,2001,7.214054025,,,World_Bank
Low birth weight (=<2500 g),Slovak Republic,2000,7.182367809,,,World_Bank
Low birth weight (=<2500 g),Slovenia,2020,6.290086,,,World_Bank
Low birth weight (=<2500 g),Slovenia,2019,6.28163797,,,World_Bank
Low birth weight (=<2500 g),Slovenia,2018,6.278919477,,,World_Bank
Low birth weight (=<2500 g),Slovenia,2017,6.279559883,,,World_Bank
Low birth weight (=<2500 g),Slovenia,2016,6.280674661,,,World_Bank
Low birth weight (=<2500 g),Slovenia,2015,6.274819498,,,World_Bank
Low birth weight (=<2500 g),Slovenia,2014,6.256034152,,,World_Bank
Low birth weight (=<2500 g),Slovenia,2013,6.22843708,,,World_Bank
Low birth weight (=<2500 g),Slovenia,2012,6.192495923,,,World_Bank
Low birth weight (=<2500 g),Slovenia,2011,6.150560151,,,World_Bank
Low birth weight (=<2500 g),Slovenia,2010,6.107812137,,,World_Bank
Low birth weight (=<2500 g),Slovenia,2009,6.067310038,,,World_Bank
Low birth weight (=<2500 g),Slovenia,2008,6.030687239,,,World_Bank
Low birth weight (=<2500 g),Slovenia,2007,6.006866816,,,World_Bank
Low birth weight (=<2500 g),Slovenia,2006,5.990350068,,,World_Bank
Low birth weight (=<2500 g),Slovenia,2005,5.9789018,,,World_Bank
Low birth weight (=<2500 g),Slovenia,2004,5.966129212,,,World_Bank
Low birth weight (=<2500 g),Slovenia,2003,5.944997919,,,World_Bank
Low birth weight (=<2500 g),Slovenia,2002,5.917606359,,,World_Bank
Low birth weight (=<2500 g),Slovenia,2001,5.883966662,,,World_Bank
Low birth weight (=<2500 g),Slovenia,2000,5.85024998,,,World_Bank
Low birth weight (=<2500 g),Solomon Islands,2020,13.23393119,,,World_Bank
Low birth weight (=<2500 g),Solomon Islands,2019,13.23473631,,,World_Bank
Low birth weight (=<2500 g),Solomon Islands,2018,13.22969709,,,World_Bank
Low birth weight (=<2500 g),Solomon Islands,2017,13.23003378,,,World_Bank
Low birth weight (=<2500 g),Solomon Islands,2016,13.2268563,,,World_Bank
Low birth weight (=<2500 g),Solomon Islands,2015,13.23504907,,,World_Bank
Low birth weight (=<2500 g),Solomon Islands,2014,13.23553758,,,World_Bank
Low birth weight (=<2500 g),Solomon Islands,2013,13.23547007,,,World_Bank
Low birth weight (=<2500 g),Solomon Islands,2012,13.23251964,,,World_Bank
Low birth weight (=<2500 g),Solomon Islands,2011,13.22871038,,,World_Bank
Low birth weight (=<2500 g),Solomon Islands,2010,13.21361298,,,World_Bank
Low birth weight (=<2500 g),Solomon Islands,2009,13.20043595,,,World_Bank
Low birth weight (=<2500 g),Solomon Islands,2008,13.17433429,,,World_Bank
Low birth weight (=<2500 g),Solomon Islands,2007,13.15037982,,,World_Bank
Low birth weight (=<2500 g),Solomon Islands,2006,13.12024015,,,World_Bank
Low birth weight (=<2500 g),Solomon Islands,2005,13.08480512,,,World_Bank
Low birth weight (=<2500 g),Solomon Islands,2004,13.04565046,,,World_Bank
Low birth weight (=<2500 g),Solomon Islands,2003,13.00497368,,,World_Bank
Low birth weight (=<2500 g),Solomon Islands,2002,12.96669847,,,World_Bank
Low birth weight (=<2500 g),Solomon Islands,2001,12.91808654,,,World_Bank
Low birth weight (=<2500 g),Solomon Islands,2000,12.86407151,,,World_Bank
Low birth weight (=<2500 g),South Africa,2020,16.63838895,,,World_Bank
Low birth weight (=<2500 g),South Africa,2019,16.63758315,,,World_Bank
Low birth weight (=<2500 g),South Africa,2018,16.63319905,,,World_Bank
Low birth weight (=<2500 g),South Africa,2017,16.62769864,,,World_Bank
Low birth weight (=<2500 g),South Africa,2016,16.61643655,,,World_Bank
Low birth weight (=<2500 g),South Africa,2015,16.60022472,,,World_Bank
Low birth weight (=<2500 g),South Africa,2014,16.60283462,,,World_Bank
Low birth weight (=<2500 g),South Africa,2013,16.6097749,,,World_Bank
Low birth weight (=<2500 g),South Africa,2012,16.63272864,,,World_Bank
Low birth weight (=<2500 g),South Africa,2011,16.6618405,,,World_Bank
Low birth weight (=<2500 g),South Africa,2010,16.70265985,,,World_Bank
Low birth weight (=<2500 g),South Africa,2009,16.75032076,,,World_Bank
Low birth weight (=<2500 g),South Africa,2008,16.78825359,,,World_Bank
Low birth weight (=<2500 g),South Africa,2007,16.8488708,,,World_Bank
Low birth weight (=<2500 g),South Africa,2006,16.91046577,,,World_Bank
Low birth weight (=<2500 g),South Africa,2005,16.97958025,,,World_Bank
Low birth weight (=<2500 g),South Africa,2004,17.05776765,,,World_Bank
Low birth weight (=<2500 g),South Africa,2003,17.11680143,,,World_Bank
Low birth weight (=<2500 g),South Africa,2002,17.15690053,,,World_Bank
Low birth weight (=<2500 g),South Africa,2001,17.17616245,,,World_Bank
Low birth weight (=<2500 g),South Africa,2000,17.17677181,,,World_Bank
Low birth weight (=<2500 g),Spain,2020,9.638991015,,,World_Bank
Low birth weight (=<2500 g),Spain,2019,9.61954087,,,World_Bank
Low birth weight (=<2500 g),Spain,2018,9.607924719,,,World_Bank
Low birth weight (=<2500 g),Spain,2017,9.603111409,,,World_Bank
Low birth weight (=<2500 g),Spain,2016,9.606990968,,,World_Bank
Low birth weight (=<2500 g),Spain,2015,9.608602183,,,World_Bank
Low birth weight (=<2500 g),Spain,2014,9.59858425,,,World_Bank
Low birth weight (=<2500 g),Spain,2013,9.568928294,,,World_Bank
Low birth weight (=<2500 g),Spain,2012,9.512484303,,,World_Bank
Low birth weight (=<2500 g),Spain,2011,9.446791619,,,World_Bank
Low birth weight (=<2500 g),Spain,2010,9.36988407,,,World_Bank
Low birth weight (=<2500 g),Spain,2009,9.287046826,,,World_Bank
Low birth weight (=<2500 g),Spain,2008,9.213274033,,,World_Bank
Low birth weight (=<2500 g),Spain,2007,9.148109585,,,World_Bank
Low birth weight (=<2500 g),Spain,2006,9.09254557,,,World_Bank
Low birth weight (=<2500 g),Spain,2005,9.050402288,,,World_Bank
Low birth weight (=<2500 g),Spain,2004,9.016122327,,,World_Bank
Low birth weight (=<2500 g),Spain,2003,8.978011375,,,World_Bank
Low birth weight (=<2500 g),Spain,2002,8.94571082,,,World_Bank
Low birth weight (=<2500 g),Spain,2001,8.914687212,,,World_Bank
Low birth weight (=<2500 g),Spain,2000,8.877629461,,,World_Bank
Low birth weight (=<2500 g),Sri Lanka,2020,17.97828986,,,World_Bank
Low birth weight (=<2500 g),Sri Lanka,2019,18.0234842,,,World_Bank
Low birth weight (=<2500 g),Sri Lanka,2018,18.07342555,,,World_Bank
Low birth weight (=<2500 g),Sri Lanka,2017,18.12885959,,,World_Bank
Low birth weight (=<2500 g),Sri Lanka,2016,18.19000432,,,World_Bank
Low birth weight (=<2500 g),Sri Lanka,2015,18.25196998,,,World_Bank
Low birth weight (=<2500 g),Sri Lanka,2014,18.31693078,,,World_Bank
Low birth weight (=<2500 g),Sri Lanka,2013,18.38325949,,,World_Bank
Low birth weight (=<2500 g),Sri Lanka,2012,18.46056464,,,World_Bank
Low birth weight (=<2500 g),Sri Lanka,2011,18.55062013,,,World_Bank
Low birth weight (=<2500 g),Sri Lanka,2010,18.65556226,,,World_Bank
Low birth weight (=<2500 g),Sri Lanka,2009,18.76075331,,,World_Bank
Low birth weight (=<2500 g),Sri Lanka,2008,18.8519547,,,World_Bank
Low birth weight (=<2500 g),Sri Lanka,2007,18.94336657,,,World_Bank
Low birth weight (=<2500 g),Sri Lanka,2006,19.0186356,,,World_Bank
Low birth weight (=<2500 g),Sri Lanka,2005,19.08526484,,,World_Bank
Low birth weight (=<2500 g),Sri Lanka,2004,19.15910402,,,World_Bank
Low birth weight (=<2500 g),Sri Lanka,2003,19.22459966,,,World_Bank
Low birth weight (=<2500 g),Sri Lanka,2002,19.28046005,,,World_Bank
Low birth weight (=<2500 g),Sri Lanka,2001,19.32151718,,,World_Bank
Low birth weight (=<2500 g),Sri Lanka,2000,19.3490766,,,World_Bank
Low birth weight (=<2500 g),St. Lucia,2020,16.25114353,,,World_Bank
Low birth weight (=<2500 g),St. Lucia,2019,16.24411633,,,World_Bank
Low birth weight (=<2500 g),St. Lucia,2018,16.22387481,,,World_Bank
Low birth weight (=<2500 g),St. Lucia,2017,16.18958117,,,World_Bank
Low birth weight (=<2500 g),St. Lucia,2016,16.15551238,,,World_Bank
Low birth weight (=<2500 g),St. Lucia,2015,16.10653888,,,World_Bank
Low birth weight (=<2500 g),St. Lucia,2014,16.05209531,,,World_Bank
Low birth weight (=<2500 g),St. Lucia,2013,15.98353889,,,World_Bank
Low birth weight (=<2500 g),St. Lucia,2012,15.90572962,,,World_Bank
Low birth weight (=<2500 g),St. Lucia,2011,15.82293586,,,World_Bank
Low birth weight (=<2500 g),St. Lucia,2010,15.73042939,,,World_Bank
Low birth weight (=<2500 g),St. Lucia,2009,15.6142154,,,World_Bank
Low birth weight (=<2500 g),St. Lucia,2008,15.479538,,,World_Bank
Low birth weight (=<2500 g),St. Lucia,2007,15.32778372,,,World_Bank
Low birth weight (=<2500 g),St. Lucia,2006,15.17817823,,,World_Bank
Low birth weight (=<2500 g),St. Lucia,2005,15.02372056,,,World_Bank
Low birth weight (=<2500 g),St. Lucia,2004,14.87932792,,,World_Bank
Low birth weight (=<2500 g),St. Lucia,2003,14.74560603,,,World_Bank
Low birth weight (=<2500 g),St. Lucia,2002,14.61645038,,,World_Bank
Low birth weight (=<2500 g),St. Lucia,2001,14.50143338,,,World_Bank
Low birth weight (=<2500 g),St. Lucia,2000,14.40768012,,,World_Bank
Low birth weight (=<2500 g),Suriname,2020,16.46447838,,,World_Bank
Low birth weight (=<2500 g),Suriname,2019,16.3729454,,,World_Bank
Low birth weight (=<2500 g),Suriname,2018,16.28368866,,,World_Bank
Low birth weight (=<2500 g),Suriname,2017,16.19178268,,,World_Bank
Low birth weight (=<2500 g),Suriname,2016,16.09553199,,,World_Bank
Low birth weight (=<2500 g),Suriname,2015,15.99784517,,,World_Bank
Low birth weight (=<2500 g),Suriname,2014,15.89477013,,,World_Bank
Low birth weight (=<2500 g),Suriname,2013,15.78404707,,,World_Bank
Low birth weight (=<2500 g),Suriname,2012,15.66909774,,,World_Bank
Low birth weight (=<2500 g),Suriname,2011,15.55156276,,,World_Bank
Low birth weight (=<2500 g),Suriname,2010,15.42644449,,,World_Bank
Low birth weight (=<2500 g),Suriname,2009,15.29889308,,,World_Bank
Low birth weight (=<2500 g),Suriname,2008,15.17395085,,,World_Bank
Low birth weight (=<2500 g),Suriname,2007,15.05009675,,,World_Bank
Low birth weight (=<2500 g),Suriname,2006,14.93008801,,,World_Bank
Low birth weight (=<2500 g),Suriname,2005,14.80603753,,,World_Bank
Low birth weight (=<2500 g),Suriname,2004,14.68781208,,,World_Bank
Low birth weight (=<2500 g),Suriname,2003,14.5624851,,,World_Bank
Low birth weight (=<2500 g),Suriname,2002,14.43713169,,,World_Bank
Low birth weight (=<2500 g),Suriname,2001,14.31436781,,,World_Bank
Low birth weight (=<2500 g),Suriname,2000,14.19608985,,,World_Bank
Low birth weight (=<2500 g),Sweden,2020,4.121824119,,,World_Bank
Low birth weight (=<2500 g),Sweden,2019,4.131498432,,,World_Bank
Low birth weight (=<2500 g),Sweden,2018,4.14286371,,,World_Bank
Low birth weight (=<2500 g),Sweden,2017,4.156784266,,,World_Bank
Low birth weight (=<2500 g),Sweden,2016,4.173036062,,,World_Bank
Low birth weight (=<2500 g),Sweden,2015,4.188619052,,,World_Bank
Low birth weight (=<2500 g),Sweden,2014,4.202911837,,,World_Bank
Low birth weight (=<2500 g),Sweden,2013,4.214331796,,,World_Bank
Low birth weight (=<2500 g),Sweden,2012,4.222163781,,,World_Bank
Low birth weight (=<2500 g),Sweden,2011,4.227821136,,,World_Bank
Low birth weight (=<2500 g),Sweden,2010,4.231145404,,,World_Bank
Low birth weight (=<2500 g),Sweden,2009,4.23283547,,,World_Bank
Low birth weight (=<2500 g),Sweden,2008,4.233496753,,,World_Bank
Low birth weight (=<2500 g),Sweden,2007,4.23733182,,,World_Bank
Low birth weight (=<2500 g),Sweden,2006,4.245729199,,,World_Bank
Low birth weight (=<2500 g),Sweden,2005,4.256644918,,,World_Bank
Low birth weight (=<2500 g),Sweden,2004,4.271117854,,,World_Bank
Low birth weight (=<2500 g),Sweden,2003,4.28387068,,,World_Bank
Low birth weight (=<2500 g),Sweden,2002,4.293635506,,,World_Bank
Low birth weight (=<2500 g),Sweden,2001,4.303052735,,,World_Bank
Low birth weight (=<2500 g),Sweden,2000,4.311264802,,,World_Bank
Low birth weight (=<2500 g),Switzerland,2020,6.416099261,,,World_Bank
Low birth weight (=<2500 g),Switzerland,2019,6.413439113,,,World_Bank
Low birth weight (=<2500 g),Switzerland,2018,6.410194673,,,World_Bank
Low birth weight (=<2500 g),Switzerland,2017,6.404098875,,,World_Bank
Low birth weight (=<2500 g),Switzerland,2016,6.398602449,,,World_Bank
Low birth weight (=<2500 g),Switzerland,2015,6.393752693,,,World_Bank
Low birth weight (=<2500 g),Switzerland,2014,6.388221471,,,World_Bank
Low birth weight (=<2500 g),Switzerland,2013,6.383488265,,,World_Bank
Low birth weight (=<2500 g),Switzerland,2012,6.378513936,,,World_Bank
Low birth weight (=<2500 g),Switzerland,2011,6.370498962,,,World_Bank
Low birth weight (=<2500 g),Switzerland,2010,6.36312911,,,World_Bank
Low birth weight (=<2500 g),Switzerland,2009,6.353049374,,,World_Bank
Low birth weight (=<2500 g),Switzerland,2008,6.34151425,,,World_Bank
Low birth weight (=<2500 g),Switzerland,2007,6.330113573,,,World_Bank
Low birth weight (=<2500 g),Switzerland,2006,6.317141708,,,World_Bank
Low birth weight (=<2500 g),Switzerland,2005,6.303978933,,,World_Bank
Low birth weight (=<2500 g),Switzerland,2004,6.291178861,,,World_Bank
Low birth weight (=<2500 g),Switzerland,2003,6.27832578,,,World_Bank
Low birth weight (=<2500 g),Switzerland,2002,6.264172639,,,World_Bank
Low birth weight (=<2500 g),Switzerland,2001,6.249958445,,,World_Bank
Low birth weight (=<2500 g),Switzerland,2000,6.233831045,,,World_Bank
Low birth weight (=<2500 g),Tajikistan,2020,8.716076098,,,World_Bank
Low birth weight (=<2500 g),Tajikistan,2019,8.792605975,,,World_Bank
Low birth weight (=<2500 g),Tajikistan,2018,8.86975824,,,World_Bank
Low birth weight (=<2500 g),Tajikistan,2017,8.943557314,,,World_Bank
Low birth weight (=<2500 g),Tajikistan,2016,9.016974642,,,World_Bank
Low birth weight (=<2500 g),Tajikistan,2015,9.089452953,,,World_Bank
Low birth weight (=<2500 g),Tajikistan,2014,9.155071,,,World_Bank
Low birth weight (=<2500 g),Tajikistan,2013,9.216642566,,,World_Bank
Low birth weight (=<2500 g),Tajikistan,2012,9.279080804,,,World_Bank
Low birth weight (=<2500 g),Tajikistan,2011,9.34421619,,,World_Bank
Low birth weight (=<2500 g),Tajikistan,2010,9.41365626,,,World_Bank
Low birth weight (=<2500 g),Tajikistan,2009,9.486491691,,,World_Bank
Low birth weight (=<2500 g),Tajikistan,2008,9.559279386,,,World_Bank
Low birth weight (=<2500 g),Tajikistan,2007,9.634048558,,,World_Bank
Low birth weight (=<2500 g),Tajikistan,2006,9.711531032,,,World_Bank
Low birth weight (=<2500 g),Tajikistan,2005,9.783156565,,,World_Bank
Low birth weight (=<2500 g),Tajikistan,2004,9.849055993,,,World_Bank
Low birth weight (=<2500 g),Tajikistan,2003,9.916884411,,,World_Bank
Low birth weight (=<2500 g),Tajikistan,2002,9.985715009,,,World_Bank
Low birth weight (=<2500 g),Tajikistan,2001,10.04893977,,,World_Bank
Low birth weight (=<2500 g),Tajikistan,2000,10.11193363,,,World_Bank
Low birth weight (=<2500 g),Tanzania,2020,9.703563588,,,World_Bank
Low birth weight (=<2500 g),Tanzania,2019,9.776668133,,,World_Bank
Low birth weight (=<2500 g),Tanzania,2018,9.858198631,,,World_Bank
Low birth weight (=<2500 g),Tanzania,2017,9.949520744,,,World_Bank
Low birth weight (=<2500 g),Tanzania,2016,10.05034165,,,World_Bank
Low birth weight (=<2500 g),Tanzania,2015,10.1609009,,,World_Bank
Low birth weight (=<2500 g),Tanzania,2014,10.27349318,,,World_Bank
Low birth weight (=<2500 g),Tanzania,2013,10.38917655,,,World_Bank
Low birth weight (=<2500 g),Tanzania,2012,10.50647386,,,World_Bank
Low birth weight (=<2500 g),Tanzania,2011,10.62609584,,,World_Bank
Low birth weight (=<2500 g),Tanzania,2010,10.74361056,,,World_Bank
Low birth weight (=<2500 g),Tanzania,2009,10.85722255,,,World_Bank
Low birth weight (=<2500 g),Tanzania,2008,10.96960216,,,World_Bank
Low birth weight (=<2500 g),Tanzania,2007,11.08579428,,,World_Bank
Low birth weight (=<2500 g),Tanzania,2006,11.20424938,,,World_Bank
Low birth weight (=<2500 g),Tanzania,2005,11.33656089,,,World_Bank
Low birth weight (=<2500 g),Tanzania,2004,11.47726701,,,World_Bank
Low birth weight (=<2500 g),Tanzania,2003,11.61785752,,,World_Bank
Low birth weight (=<2500 g),Tanzania,2002,11.75597182,,,World_Bank
Low birth weight (=<2500 g),Tanzania,2001,11.88865641,,,World_Bank
Low birth weight (=<2500 g),Tanzania,2000,12.00619063,,,World_Bank
Low birth weight (=<2500 g),Thailand,2020,10.30292405,,,World_Bank
Low birth weight (=<2500 g),Thailand,2019,10.3107564,,,World_Bank
Low birth weight (=<2500 g),Thailand,2018,10.33942769,,,World_Bank
Low birth weight (=<2500 g),Thailand,2017,10.38250578,,,World_Bank
Low birth weight (=<2500 g),Thailand,2016,10.43084221,,,World_Bank
Low birth weight (=<2500 g),Thailand,2015,10.46998728,,,World_Bank
Low birth weight (=<2500 g),Thailand,2014,10.49462772,,,World_Bank
Low birth weight (=<2500 g),Thailand,2013,10.51053595,,,World_Bank
Low birth weight (=<2500 g),Thailand,2012,10.51980438,,,World_Bank
Low birth weight (=<2500 g),Thailand,2011,10.53479798,,,World_Bank
Low birth weight (=<2500 g),Thailand,2010,10.55137689,,,World_Bank
Low birth weight (=<2500 g),Thailand,2009,10.5900697,,,World_Bank
Low birth weight (=<2500 g),Thailand,2008,10.63092265,,,World_Bank
Low birth weight (=<2500 g),Thailand,2007,10.67432657,,,World_Bank
Low birth weight (=<2500 g),Thailand,2006,10.72284228,,,World_Bank
Low birth weight (=<2500 g),Thailand,2005,10.77818698,,,World_Bank
Low birth weight (=<2500 g),Thailand,2004,10.83946899,,,World_Bank
Low birth weight (=<2500 g),Thailand,2003,10.9059407,,,World_Bank
Low birth weight (=<2500 g),Thailand,2002,10.96764981,,,World_Bank
Low birth weight (=<2500 g),Thailand,2001,11.01406464,,,World_Bank
Low birth weight (=<2500 g),Thailand,2000,11.03099265,,,World_Bank
Low birth weight (=<2500 g),Timor-Leste,2020,18.21201819,,,World_Bank
Low birth weight (=<2500 g),Timor-Leste,2019,18.23934098,,,World_Bank
Low birth weight (=<2500 g),Timor-Leste,2018,18.24868963,,,World_Bank
Low birth weight (=<2500 g),Timor-Leste,2017,18.16875712,,,World_Bank
Low birth weight (=<2500 g),Timor-Leste,2016,17.97977869,,,World_Bank
Low birth weight (=<2500 g),Timor-Leste,2015,17.67608466,,,World_Bank
Low birth weight (=<2500 g),Timor-Leste,2014,17.32257806,,,World_Bank
Low birth weight (=<2500 g),Timor-Leste,2013,17.03017558,,,World_Bank
Low birth weight (=<2500 g),Timor-Leste,2012,16.83707608,,,World_Bank
Low birth weight (=<2500 g),Timor-Leste,2011,16.72359463,,,World_Bank
Low birth weight (=<2500 g),Timor-Leste,2010,16.73304054,,,World_Bank
Low birth weight (=<2500 g),Timor-Leste,2009,16.83365679,,,World_Bank
Low birth weight (=<2500 g),Timor-Leste,2008,16.99179943,,,World_Bank
Low birth weight (=<2500 g),Timor-Leste,2007,17.29715427,,,World_Bank
Low birth weight (=<2500 g),Timor-Leste,2006,17.66773251,,,World_Bank
Low birth weight (=<2500 g),Timor-Leste,2005,18.06301799,,,World_Bank
Low birth weight (=<2500 g),Timor-Leste,2004,18.46695244,,,World_Bank
Low birth weight (=<2500 g),Timor-Leste,2003,18.7250702,,,World_Bank
Low birth weight (=<2500 g),Timor-Leste,2002,18.86989319,,,World_Bank
Low birth weight (=<2500 g),Timor-Leste,2001,18.99349989,,,World_Bank
Low birth weight (=<2500 g),Timor-Leste,2000,19.14346291,,,World_Bank
Low birth weight (=<2500 g),Togo,2020,14.28142408,,,World_Bank
Low birth weight (=<2500 g),Togo,2019,14.36008657,,,World_Bank
Low birth weight (=<2500 g),Togo,2018,14.44261735,,,World_Bank
Low birth weight (=<2500 g),Togo,2017,14.535055,,,World_Bank
Low birth weight (=<2500 g),Togo,2016,14.62924956,,,World_Bank
Low birth weight (=<2500 g),Togo,2015,14.73069746,,,World_Bank
Low birth weight (=<2500 g),Togo,2014,14.83767773,,,World_Bank
Low birth weight (=<2500 g),Togo,2013,14.94786357,,,World_Bank
Low birth weight (=<2500 g),Togo,2012,15.05871235,,,World_Bank
Low birth weight (=<2500 g),Togo,2011,15.17220148,,,World_Bank
Low birth weight (=<2500 g),Togo,2010,15.29974144,,,World_Bank
Low birth weight (=<2500 g),Togo,2009,15.41247509,,,World_Bank
Low birth weight (=<2500 g),Togo,2008,15.50887151,,,World_Bank
Low birth weight (=<2500 g),Togo,2007,15.58211867,,,World_Bank
Low birth weight (=<2500 g),Togo,2006,15.61294138,,,World_Bank
Low birth weight (=<2500 g),Togo,2005,15.63128735,,,World_Bank
Low birth weight (=<2500 g),Togo,2004,15.64040432,,,World_Bank
Low birth weight (=<2500 g),Togo,2003,15.66054821,,,World_Bank
Low birth weight (=<2500 g),Togo,2002,15.69486107,,,World_Bank
Low birth weight (=<2500 g),Togo,2001,15.73126844,,,World_Bank
Low birth weight (=<2500 g),Togo,2000,15.75604345,,,World_Bank
Low birth weight (=<2500 g),Trinidad and Tobago,2020,16.27413873,,,World_Bank
Low birth weight (=<2500 g),Trinidad and Tobago,2019,16.27488605,,,World_Bank
Low birth weight (=<2500 g),Trinidad and Tobago,2018,16.26289757,,,World_Bank
Low birth weight (=<2500 g),Trinidad and Tobago,2017,16.23189839,,,World_Bank
Low birth weight (=<2500 g),Trinidad and Tobago,2016,16.19818313,,,World_Bank
Low birth weight (=<2500 g),Trinidad and Tobago,2015,16.15060345,,,World_Bank
Low birth weight (=<2500 g),Trinidad and Tobago,2014,16.07927396,,,World_Bank
Low birth weight (=<2500 g),Trinidad and Tobago,2013,15.99633327,,,World_Bank
Low birth weight (=<2500 g),Trinidad and Tobago,2012,15.91238874,,,World_Bank
Low birth weight (=<2500 g),Trinidad and Tobago,2011,15.82641078,,,World_Bank
Low birth weight (=<2500 g),Trinidad and Tobago,2010,15.7488079,,,World_Bank
Low birth weight (=<2500 g),Trinidad and Tobago,2009,15.65506065,,,World_Bank
Low birth weight (=<2500 g),Trinidad and Tobago,2008,15.57947199,,,World_Bank
Low birth weight (=<2500 g),Trinidad and Tobago,2007,15.49895151,,,World_Bank
Low birth weight (=<2500 g),Trinidad and Tobago,2006,15.43026686,,,World_Bank
Low birth weight (=<2500 g),Trinidad and Tobago,2005,15.36604798,,,World_Bank
Low birth weight (=<2500 g),Trinidad and Tobago,2004,15.29387318,,,World_Bank
Low birth weight (=<2500 g),Trinidad and Tobago,2003,15.23215247,,,World_Bank
Low birth weight (=<2500 g),Trinidad and Tobago,2002,15.16748582,,,World_Bank
Low birth weight (=<2500 g),Trinidad and Tobago,2001,15.11335124,,,World_Bank
Low birth weight (=<2500 g),Trinidad and Tobago,2000,15.06884037,,,World_Bank
Low birth weight (=<2500 g),Tunisia,2020,8.237122382,,,World_Bank
Low birth weight (=<2500 g),Tunisia,2019,8.217011829,,,World_Bank
Low birth weight (=<2500 g),Tunisia,2018,8.200554356,,,World_Bank
Low birth weight (=<2500 g),Tunisia,2017,8.187892516,,,World_Bank
Low birth weight (=<2500 g),Tunisia,2016,8.174236987,,,World_Bank
Low birth weight (=<2500 g),Tunisia,2015,8.158900083,,,World_Bank
Low birth weight (=<2500 g),Tunisia,2014,8.139766284,,,World_Bank
Low birth weight (=<2500 g),Tunisia,2013,8.120923129,,,World_Bank
Low birth weight (=<2500 g),Tunisia,2012,8.092193971,,,World_Bank
Low birth weight (=<2500 g),Tunisia,2011,8.06392374,,,World_Bank
Low birth weight (=<2500 g),Tunisia,2010,8.03513226,,,World_Bank
Low birth weight (=<2500 g),Tunisia,2009,8.011565128,,,World_Bank
Low birth weight (=<2500 g),Tunisia,2008,7.986611503,,,World_Bank
Low birth weight (=<2500 g),Tunisia,2007,7.962515378,,,World_Bank
Low birth weight (=<2500 g),Tunisia,2006,7.938327179,,,World_Bank
Low birth weight (=<2500 g),Tunisia,2005,7.911240816,,,World_Bank
Low birth weight (=<2500 g),Tunisia,2004,7.89126758,,,World_Bank
Low birth weight (=<2500 g),Tunisia,2003,7.869921986,,,World_Bank
Low birth weight (=<2500 g),Tunisia,2002,7.847602369,,,World_Bank
Low birth weight (=<2500 g),Tunisia,2001,7.82843375,,,World_Bank
Low birth weight (=<2500 g),Tunisia,2000,7.809813292,,,World_Bank
Low birth weight (=<2500 g),Turkiye,2020,12.89684222,,,World_Bank
Low birth weight (=<2500 g),Turkiye,2019,13.00477241,,,World_Bank
Low birth weight (=<2500 g),Turkiye,2018,13.12013169,,,World_Bank
Low birth weight (=<2500 g),Turkiye,2017,13.24512065,,,World_Bank
Low birth weight (=<2500 g),Turkiye,2016,13.38457405,,,World_Bank
Low birth weight (=<2500 g),Turkiye,2015,13.52532975,,,World_Bank
Low birth weight (=<2500 g),Turkiye,2014,13.6764257,,,World_Bank
Low birth weight (=<2500 g),Turkiye,2013,13.83934537,,,World_Bank
Low birth weight (=<2500 g),Turkiye,2012,14.01206576,,,World_Bank
Low birth weight (=<2500 g),Turkiye,2011,14.18933257,,,World_Bank
Low birth weight (=<2500 g),Turkiye,2010,14.36140603,,,World_Bank
Low birth weight (=<2500 g),Turkiye,2009,14.51037095,,,World_Bank
Low birth weight (=<2500 g),Turkiye,2008,14.63792673,,,World_Bank
Low birth weight (=<2500 g),Turkiye,2007,14.75260123,,,World_Bank
Low birth weight (=<2500 g),Turkiye,2006,14.88485403,,,World_Bank
Low birth weight (=<2500 g),Turkiye,2005,15.03651999,,,World_Bank
Low birth weight (=<2500 g),Turkiye,2004,15.21696478,,,World_Bank
Low birth weight (=<2500 g),Turkiye,2003,15.39717082,,,World_Bank
Low birth weight (=<2500 g),Turkiye,2002,15.55367575,,,World_Bank
Low birth weight (=<2500 g),Turkiye,2001,15.67229605,,,World_Bank
Low birth weight (=<2500 g),Turkiye,2000,15.74747598,,,World_Bank
Low birth weight (=<2500 g),Turkmenistan,2020,4.287813245,,,World_Bank
Low birth weight (=<2500 g),Turkmenistan,2019,4.364419584,,,World_Bank
Low birth weight (=<2500 g),Turkmenistan,2018,4.441646653,,,World_Bank
Low birth weight (=<2500 g),Turkmenistan,2017,4.518649659,,,World_Bank
Low birth weight (=<2500 g),Turkmenistan,2016,4.597810644,,,World_Bank
Low birth weight (=<2500 g),Turkmenistan,2015,4.673434166,,,World_Bank
Low birth weight (=<2500 g),Turkmenistan,2014,4.750763429,,,World_Bank
Low birth weight (=<2500 g),Turkmenistan,2013,4.825544488,,,World_Bank
Low birth weight (=<2500 g),Turkmenistan,2012,4.900994566,,,World_Bank
Low birth weight (=<2500 g),Turkmenistan,2011,4.97747476,,,World_Bank
Low birth weight (=<2500 g),Turkmenistan,2010,5.052737924,,,World_Bank
Low birth weight (=<2500 g),Turkmenistan,2009,5.130526996,,,World_Bank
Low birth weight (=<2500 g),Turkmenistan,2008,5.210105563,,,World_Bank
Low birth weight (=<2500 g),Turkmenistan,2007,5.290582678,,,World_Bank
Low birth weight (=<2500 g),Turkmenistan,2006,5.373833932,,,World_Bank
Low birth weight (=<2500 g),Turkmenistan,2005,5.456660843,,,World_Bank
Low birth weight (=<2500 g),Turkmenistan,2004,5.540166783,,,World_Bank
Low birth weight (=<2500 g),Turkmenistan,2003,5.624667412,,,World_Bank
Low birth weight (=<2500 g),Turkmenistan,2002,5.707188999,,,World_Bank
Low birth weight (=<2500 g),Turkmenistan,2001,5.790469539,,,World_Bank
Low birth weight (=<2500 g),Turkmenistan,2000,5.874109249,,,World_Bank
Low birth weight (=<2500 g),Ukraine,2020,5.725983097,,,World_Bank
Low birth weight (=<2500 g),Ukraine,2019,5.725432279,,,World_Bank
Low birth weight (=<2500 g),Ukraine,2018,5.728975795,,,World_Bank
Low birth weight (=<2500 g),Ukraine,2017,5.727466537,,,World_Bank
Low birth weight (=<2500 g),Ukraine,2016,5.720039392,,,World_Bank
Low birth weight (=<2500 g),Ukraine,2015,5.703217669,,,World_Bank
Low birth weight (=<2500 g),Ukraine,2014,5.913629804,,,World_Bank
Low birth weight (=<2500 g),Ukraine,2013,5.963180127,,,World_Bank
Low birth weight (=<2500 g),Ukraine,2012,5.96957737,,,World_Bank
Low birth weight (=<2500 g),Ukraine,2011,5.963124133,,,World_Bank
Low birth weight (=<2500 g),Ukraine,2010,5.957362448,,,World_Bank
Low birth weight (=<2500 g),Ukraine,2009,5.94718151,,,World_Bank
Low birth weight (=<2500 g),Ukraine,2008,5.931143741,,,World_Bank
Low birth weight (=<2500 g),Ukraine,2007,5.933579843,,,World_Bank
Low birth weight (=<2500 g),Ukraine,2006,5.951769863,,,World_Bank
Low birth weight (=<2500 g),Ukraine,2005,5.984795999,,,World_Bank
Low birth weight (=<2500 g),Ukraine,2004,6.029076028,,,World_Bank
Low birth weight (=<2500 g),Ukraine,2003,6.077107281,,,World_Bank
Low birth weight (=<2500 g),Ukraine,2002,6.125195723,,,World_Bank
Low birth weight (=<2500 g),Ukraine,2001,6.169376233,,,World_Bank
Low birth weight (=<2500 g),Ukraine,2000,6.206845351,,,World_Bank
Low birth weight (=<2500 g),United Arab Emirates,2020,13.94074671,,,World_Bank
Low birth weight (=<2500 g),United Arab Emirates,2019,13.93250898,,,World_Bank
Low birth weight (=<2500 g),United Arab Emirates,2018,13.93240422,,,World_Bank
Low birth weight (=<2500 g),United Arab Emirates,2017,13.93537691,,,World_Bank
Low birth weight (=<2500 g),United Arab Emirates,2016,13.93555133,,,World_Bank
Low birth weight (=<2500 g),United Arab Emirates,2015,13.93705679,,,World_Bank
Low birth weight (=<2500 g),United Arab Emirates,2014,13.93320857,,,World_Bank
Low birth weight (=<2500 g),United Arab Emirates,2013,13.92001565,,,World_Bank
Low birth weight (=<2500 g),United Arab Emirates,2012,13.89088225,,,World_Bank
Low birth weight (=<2500 g),United Arab Emirates,2011,13.82356058,,,World_Bank
Low birth weight (=<2500 g),United Arab Emirates,2010,13.72238675,,,World_Bank
Low birth weight (=<2500 g),United Arab Emirates,2009,13.57671397,,,World_Bank
Low birth weight (=<2500 g),United Arab Emirates,2008,13.40792824,,,World_Bank
Low birth weight (=<2500 g),United Arab Emirates,2007,13.25268965,,,World_Bank
Low birth weight (=<2500 g),United Arab Emirates,2006,13.1288077,,,World_Bank
Low birth weight (=<2500 g),United Arab Emirates,2005,13.04342791,,,World_Bank
Low birth weight (=<2500 g),United Arab Emirates,2004,12.9901959,,,World_Bank
Low birth weight (=<2500 g),United Arab Emirates,2003,12.95382616,,,World_Bank
Low birth weight (=<2500 g),United Arab Emirates,2002,12.92156167,,,World_Bank
Low birth weight (=<2500 g),United Arab Emirates,2001,12.8811734,,,World_Bank
Low birth weight (=<2500 g),United Arab Emirates,2000,12.85179742,,,World_Bank
Low birth weight (=<2500 g),United Kingdom,2020,6.827130399,,,World_Bank
Low birth weight (=<2500 g),United Kingdom,2019,6.860310738,,,World_Bank
Low birth weight (=<2500 g),United Kingdom,2018,6.896297664,,,World_Bank
Low birth weight (=<2500 g),United Kingdom,2017,6.933941752,,,World_Bank
Low birth weight (=<2500 g),United Kingdom,2016,6.976121275,,,World_Bank
Low birth weight (=<2500 g),United Kingdom,2015,7.021113679,,,World_Bank
Low birth weight (=<2500 g),United Kingdom,2014,7.064807353,,,World_Bank
Low birth weight (=<2500 g),United Kingdom,2013,7.10654881,,,World_Bank
Low birth weight (=<2500 g),United Kingdom,2012,7.141714808,,,World_Bank
Low birth weight (=<2500 g),United Kingdom,2011,7.168143415,,,World_Bank
Low birth weight (=<2500 g),United Kingdom,2010,7.192664118,,,World_Bank
Low birth weight (=<2500 g),United Kingdom,2009,7.212219461,,,World_Bank
Low birth weight (=<2500 g),United Kingdom,2008,7.232159929,,,World_Bank
Low birth weight (=<2500 g),United Kingdom,2007,7.26035037,,,World_Bank
Low birth weight (=<2500 g),United Kingdom,2006,7.292928553,,,World_Bank
Low birth weight (=<2500 g),United Kingdom,2005,7.336112076,,,World_Bank
Low birth weight (=<2500 g),United Kingdom,2004,7.385226742,,,World_Bank
Low birth weight (=<2500 g),United Kingdom,2003,7.432719487,,,World_Bank
Low birth weight (=<2500 g),United Kingdom,2002,7.476905731,,,World_Bank
Low birth weight (=<2500 g),United Kingdom,2001,7.513050549,,,World_Bank
Low birth weight (=<2500 g),United Kingdom,2000,7.547919517,,,World_Bank
Low birth weight (=<2500 g),United States,2020,8.261421513,,,World_Bank
Low birth weight (=<2500 g),United States,2019,8.238229513,,,World_Bank
Low birth weight (=<2500 g),United States,2018,8.218922149,,,World_Bank
Low birth weight (=<2500 g),United States,2017,8.203899617,,,World_Bank
Low birth weight (=<2500 g),United States,2016,8.194632519,,,World_Bank
Low birth weight (=<2500 g),United States,2015,8.184871218,,,World_Bank
Low birth weight (=<2500 g),United States,2014,8.176389089,,,World_Bank
Low birth weight (=<2500 g),United States,2013,8.166343934,,,World_Bank
Low birth weight (=<2500 g),United States,2012,8.154076742,,,World_Bank
Low birth weight (=<2500 g),United States,2011,8.139692811,,,World_Bank
Low birth weight (=<2500 g),United States,2010,8.11935549,,,World_Bank
Low birth weight (=<2500 g),United States,2009,8.093629967,,,World_Bank
Low birth weight (=<2500 g),United States,2008,8.058305899,,,World_Bank
Low birth weight (=<2500 g),United States,2007,8.024365724,,,World_Bank
Low birth weight (=<2500 g),United States,2006,7.992239713,,,World_Bank
Low birth weight (=<2500 g),United States,2005,7.962401822,,,World_Bank
Low birth weight (=<2500 g),United States,2004,7.939252022,,,World_Bank
Low birth weight (=<2500 g),United States,2003,7.915150401,,,World_Bank
Low birth weight (=<2500 g),United States,2002,7.892237199,,,World_Bank
Low birth weight (=<2500 g),United States,2001,7.869446111,,,World_Bank
Low birth weight (=<2500 g),United States,2000,7.851919544,,,World_Bank
Low birth weight (=<2500 g),Uruguay,2020,7.802982899,,,World_Bank
Low birth weight (=<2500 g),Uruguay,2019,7.825131371,,,World_Bank
Low birth weight (=<2500 g),Uruguay,2018,7.846352548,,,World_Bank
Low birth weight (=<2500 g),Uruguay,2017,7.868811031,,,World_Bank
Low birth weight (=<2500 g),Uruguay,2016,7.896911564,,,World_Bank
Low birth weight (=<2500 g),Uruguay,2015,7.927112207,,,World_Bank
Low birth weight (=<2500 g),Uruguay,2014,7.960226948,,,World_Bank
Low birth weight (=<2500 g),Uruguay,2013,7.991488971,,,World_Bank
Low birth weight (=<2500 g),Uruguay,2012,8.022292883,,,World_Bank
Low birth weight (=<2500 g),Uruguay,2011,8.052906405,,,World_Bank
Low birth weight (=<2500 g),Uruguay,2010,8.088728581,,,World_Bank
Low birth weight (=<2500 g),Uruguay,2009,8.137796439,,,World_Bank
Low birth weight (=<2500 g),Uruguay,2008,8.192296151,,,World_Bank
Low birth weight (=<2500 g),Uruguay,2007,8.260950058,,,World_Bank
Low birth weight (=<2500 g),Uruguay,2006,8.332374666,,,World_Bank
Low birth weight (=<2500 g),Uruguay,2005,8.393554667,,,World_Bank
Low birth weight (=<2500 g),Uruguay,2004,8.444983541,,,World_Bank
Low birth weight (=<2500 g),Uruguay,2003,8.465687275,,,World_Bank
Low birth weight (=<2500 g),Uruguay,2002,8.459335757,,,World_Bank
Low birth weight (=<2500 g),Uruguay,2001,8.437836184,,,World_Bank
Low birth weight (=<2500 g),Uruguay,2000,8.41426748,,,World_Bank
Low birth weight (=<2500 g),Uzbekistan,2020,5.848450503,,,World_Bank
Low birth weight (=<2500 g),Uzbekistan,2019,5.807447235,,,World_Bank
Low birth weight (=<2500 g),Uzbekistan,2018,6.007591474,,,World_Bank
Low birth weight (=<2500 g),Uzbekistan,2017,6.010335766,,,World_Bank
Low birth weight (=<2500 g),Uzbekistan,2016,5.971096792,,,World_Bank
Low birth weight (=<2500 g),Uzbekistan,2015,5.934407732,,,World_Bank
Low birth weight (=<2500 g),Uzbekistan,2014,5.904857496,,,World_Bank
Low birth weight (=<2500 g),Uzbekistan,2013,5.876841042,,,World_Bank
Low birth weight (=<2500 g),Uzbekistan,2012,5.847484032,,,World_Bank
Low birth weight (=<2500 g),Uzbekistan,2011,5.816723465,,,World_Bank
Low birth weight (=<2500 g),Uzbekistan,2010,5.785958625,,,World_Bank
Low birth weight (=<2500 g),Uzbekistan,2009,5.758353979,,,World_Bank
Low birth weight (=<2500 g),Uzbekistan,2008,5.731952655,,,World_Bank
Low birth weight (=<2500 g),Uzbekistan,2007,5.706838381,,,World_Bank
Low birth weight (=<2500 g),Uzbekistan,2006,5.680610325,,,World_Bank
Low birth weight (=<2500 g),Uzbekistan,2005,5.65263358,,,World_Bank
Low birth weight (=<2500 g),Uzbekistan,2004,5.621989474,,,World_Bank
Low birth weight (=<2500 g),Uzbekistan,2003,5.589065481,,,World_Bank
Low birth weight (=<2500 g),Uzbekistan,2002,5.552910075,,,World_Bank
Low birth weight (=<2500 g),Uzbekistan,2001,5.512984808,,,World_Bank
Low birth weight (=<2500 g),Uzbekistan,2000,5.469885011,,,World_Bank
Low birth weight (=<2500 g),Vanuatu,2020,13.06263993,,,World_Bank
Low birth weight (=<2500 g),Vanuatu,2019,13.0463617,,,World_Bank
Low birth weight (=<2500 g),Vanuatu,2018,13.02325991,,,World_Bank
Low birth weight (=<2500 g),Vanuatu,2017,12.99164224,,,World_Bank
Low birth weight (=<2500 g),Vanuatu,2016,12.95110803,,,World_Bank
Low birth weight (=<2500 g),Vanuatu,2015,12.90719299,,,World_Bank
Low birth weight (=<2500 g),Vanuatu,2014,12.84924205,,,World_Bank
Low birth weight (=<2500 g),Vanuatu,2013,12.79063332,,,World_Bank
Low birth weight (=<2500 g),Vanuatu,2012,12.73101427,,,World_Bank
Low birth weight (=<2500 g),Vanuatu,2011,12.67161326,,,World_Bank
Low birth weight (=<2500 g),Vanuatu,2010,12.61900341,,,World_Bank
Low birth weight (=<2500 g),Vanuatu,2009,12.57137991,,,World_Bank
Low birth weight (=<2500 g),Vanuatu,2008,12.52881093,,,World_Bank
Low birth weight (=<2500 g),Vanuatu,2007,12.47606002,,,World_Bank
Low birth weight (=<2500 g),Vanuatu,2006,12.43089829,,,World_Bank
Low birth weight (=<2500 g),Vanuatu,2005,12.37543998,,,World_Bank
Low birth weight (=<2500 g),Vanuatu,2004,12.32530605,,,World_Bank
Low birth weight (=<2500 g),Vanuatu,2003,12.27219791,,,World_Bank
Low birth weight (=<2500 g),Vanuatu,2002,12.22011917,,,World_Bank
Low birth weight (=<2500 g),Vanuatu,2001,12.17169388,,,World_Bank
Low birth weight (=<2500 g),Vanuatu,2000,12.12745978,,,World_Bank
Low birth weight (=<2500 g),"Venezuela, RB",2020,9.302933854,,,World_Bank
Low birth weight (=<2500 g),"Venezuela, RB",2019,9.263502071,,,World_Bank
Low birth weight (=<2500 g),"Venezuela, RB",2018,9.2123258,,,World_Bank
Low birth weight (=<2500 g),"Venezuela, RB",2017,9.151601583,,,World_Bank
Low birth weight (=<2500 g),"Venezuela, RB",2016,9.104031218,,,World_Bank
Low birth weight (=<2500 g),"Venezuela, RB",2015,9.059546987,,,World_Bank
Low birth weight (=<2500 g),"Venezuela, RB",2014,9.030197391,,,World_Bank
Low birth weight (=<2500 g),"Venezuela, RB",2013,8.997943798,,,World_Bank
Low birth weight (=<2500 g),"Venezuela, RB",2012,8.98171625,,,World_Bank
Low birth weight (=<2500 g),"Venezuela, RB",2011,8.956112504,,,World_Bank
Low birth weight (=<2500 g),"Venezuela, RB",2010,8.936009394,,,World_Bank
Low birth weight (=<2500 g),"Venezuela, RB",2009,8.919079665,,,World_Bank
Low birth weight (=<2500 g),"Venezuela, RB",2008,8.905122777,,,World_Bank
Low birth weight (=<2500 g),"Venezuela, RB",2007,8.894872988,,,World_Bank
Low birth weight (=<2500 g),"Venezuela, RB",2006,8.885375683,,,World_Bank
Low birth weight (=<2500 g),"Venezuela, RB",2005,8.870077401,,,World_Bank
Low birth weight (=<2500 g),"Venezuela, RB",2004,8.847520769,,,World_Bank
Low birth weight (=<2500 g),"Venezuela, RB",2003,8.817613882,,,World_Bank
Low birth weight (=<2500 g),"Venezuela, RB",2002,8.784838925,,,World_Bank
Low birth weight (=<2500 g),"Venezuela, RB",2001,8.750883114,,,World_Bank
Low birth weight (=<2500 g),"Venezuela, RB",2000,8.718951556,,,World_Bank
Low birth weight (=<2500 g),Viet Nam,2020,6.311217509,,,World_Bank
Low birth weight (=<2500 g),Viet Nam,2019,6.444581304,,,World_Bank
Low birth weight (=<2500 g),Viet Nam,2018,6.592295437,,,World_Bank
Low birth weight (=<2500 g),Viet Nam,2017,6.755589555,,,World_Bank
Low birth weight (=<2500 g),Viet Nam,2016,6.923472551,,,World_Bank
Low birth weight (=<2500 g),Viet Nam,2015,7.098839983,,,World_Bank
Low birth weight (=<2500 g),Viet Nam,2014,7.274314655,,,World_Bank
Low birth weight (=<2500 g),Viet Nam,2013,7.453547571,,,World_Bank
Low birth weight (=<2500 g),Viet Nam,2012,7.640295457,,,World_Bank
Low birth weight (=<2500 g),Viet Nam,2011,7.82974806,,,World_Bank
Low birth weight (=<2500 g),Viet Nam,2010,8.022757308,,,World_Bank
Low birth weight (=<2500 g),Viet Nam,2009,8.219680397,,,World_Bank
Low birth weight (=<2500 g),Viet Nam,2008,8.403659834,,,World_Bank
Low birth weight (=<2500 g),Viet Nam,2007,8.577954671,,,World_Bank
Low birth weight (=<2500 g),Viet Nam,2006,8.749649568,,,World_Bank
Low birth weight (=<2500 g),Viet Nam,2005,8.916517657,,,World_Bank
Low birth weight (=<2500 g),Viet Nam,2004,9.091009171,,,World_Bank
Low birth weight (=<2500 g),Viet Nam,2003,9.274226709,,,World_Bank
Low birth weight (=<2500 g),Viet Nam,2002,9.46836885,,,World_Bank
Low birth weight (=<2500 g),Viet Nam,2001,9.681738903,,,World_Bank
Low birth weight (=<2500 g),Viet Nam,2000,9.909507671,,,World_Bank
Low birth weight (=<2500 g),West Bank and Gaza,2020,10.37288765,,,World_Bank
Low birth weight (=<2500 g),West Bank and Gaza,2019,10.29889584,,,World_Bank
Low birth weight (=<2500 g),West Bank and Gaza,2018,10.23007105,,,World_Bank
Low birth weight (=<2500 g),West Bank and Gaza,2017,10.16129601,,,World_Bank
Low birth weight (=<2500 g),West Bank and Gaza,2016,10.09473779,,,World_Bank
Low birth weight (=<2500 g),West Bank and Gaza,2015,10.03282892,,,World_Bank
Low birth weight (=<2500 g),West Bank and Gaza,2014,9.966926238,,,World_Bank
Low birth weight (=<2500 g),West Bank and Gaza,2013,9.900857075,,,World_Bank
Low birth weight (=<2500 g),West Bank and Gaza,2012,9.839104606,,,World_Bank
Low birth weight (=<2500 g),West Bank and Gaza,2011,9.779870427,,,World_Bank
Low birth weight (=<2500 g),West Bank and Gaza,2010,9.72040778,,,World_Bank
Low birth weight (=<2500 g),West Bank and Gaza,2009,9.657975305,,,World_Bank
Low birth weight (=<2500 g),West Bank and Gaza,2008,9.592973558,,,World_Bank
Low birth weight (=<2500 g),West Bank and Gaza,2007,9.526610021,,,World_Bank
Low birth weight (=<2500 g),West Bank and Gaza,2006,9.460676385,,,World_Bank
Low birth weight (=<2500 g),West Bank and Gaza,2005,9.394068186,,,World_Bank
Low birth weight (=<2500 g),West Bank and Gaza,2004,9.327692323,,,World_Bank
Low birth weight (=<2500 g),West Bank and Gaza,2003,9.257500256,,,World_Bank
Low birth weight (=<2500 g),West Bank and Gaza,2002,9.179447753,,,World_Bank
Low birth weight (=<2500 g),West Bank and Gaza,2001,9.092996862,,,World_Bank
Low birth weight (=<2500 g),West Bank and Gaza,2000,9.015775691,,,World_Bank
Low birth weight (=<2500 g),Zambia,2020,11.24687551,,,World_Bank
Low birth weight (=<2500 g),Zambia,2019,11.35540522,,,World_Bank
Low birth weight (=<2500 g),Zambia,2018,11.46022147,,,World_Bank
Low birth weight (=<2500 g),Zambia,2017,11.56909689,,,World_Bank
Low birth weight (=<2500 g),Zambia,2016,11.67952658,,,World_Bank
Low birth weight (=<2500 g),Zambia,2015,11.7820269,,,World_Bank
Low birth weight (=<2500 g),Zambia,2014,11.87839846,,,World_Bank
Low birth weight (=<2500 g),Zambia,2013,11.96620426,,,World_Bank
Low birth weight (=<2500 g),Zambia,2012,12.04674461,,,World_Bank
Low birth weight (=<2500 g),Zambia,2011,12.12708802,,,World_Bank
Low birth weight (=<2500 g),Zambia,2010,12.2098878,,,World_Bank
Low birth weight (=<2500 g),Zambia,2009,12.29642585,,,World_Bank
Low birth weight (=<2500 g),Zambia,2008,12.38397074,,,World_Bank
Low birth weight (=<2500 g),Zambia,2007,12.47431845,,,World_Bank
Low birth weight (=<2500 g),Zambia,2006,12.56663465,,,World_Bank
Low birth weight (=<2500 g),Zambia,2005,12.66022794,,,World_Bank
Low birth weight (=<2500 g),Zambia,2004,12.75344997,,,World_Bank
Low birth weight (=<2500 g),Zambia,2003,12.84829539,,,World_Bank
Low birth weight (=<2500 g),Zambia,2002,12.93706938,,,World_Bank
Low birth weight (=<2500 g),Zambia,2001,13.01561809,,,World_Bank
Low birth weight (=<2500 g),Zambia,2000,13.08620842,,,World_Bank
Low birth weight (=<2500 g),Zimbabwe,2020,11.82972993,,,World_Bank
Low birth weight (=<2500 g),Zimbabwe,2019,11.89115495,,,World_Bank
Low birth weight (=<2500 g),Zimbabwe,2018,11.95629492,,,World_Bank
Low birth weight (=<2500 g),Zimbabwe,2017,12.01485785,,,World_Bank
Low birth weight (=<2500 g),Zimbabwe,2016,12.05584841,,,World_Bank
Low birth weight (=<2500 g),Zimbabwe,2015,12.07641919,,,World_Bank
Low birth weight (=<2500 g),Zimbabwe,2014,12.08794206,,,World_Bank
Low birth weight (=<2500 g),Zimbabwe,2013,12.11130344,,,World_Bank
Low birth weight (=<2500 g),Zimbabwe,2012,12.16876452,,,World_Bank
Low birth weight (=<2500 g),Zimbabwe,2011,12.27540635,,,World_Bank
Low birth weight (=<2500 g),Zimbabwe,2010,12.41116482,,,World_Bank
Low birth weight (=<2500 g),Zimbabwe,2009,12.55543953,,,World_Bank
Low birth weight (=<2500 g),Zimbabwe,2008,12.66985447,,,World_Bank
Low birth weight (=<2500 g),Zimbabwe,2007,12.74369631,,,World_Bank
Low birth weight (=<2500 g),Zimbabwe,2006,12.78629567,,,World_Bank
Low birth weight (=<2500 g),Zimbabwe,2005,12.80493299,,,World_Bank
Low birth weight (=<2500 g),Zimbabwe,2004,12.82482373,,,World_Bank
Low birth weight (=<2500 g),Zimbabwe,2003,12.84273641,,,World_Bank
Low birth weight (=<2500 g),Zimbabwe,2002,12.86323584,,,World_Bank
Low birth weight (=<2500 g),Zimbabwe,2001,12.88921474,,,World_Bank
Low birth weight (=<2500 g),Zimbabwe,2000,12.92193361,,,World_Bank
